cutoff_q,permutation_id,null_type,mae,pearson,observed_pathway_active_mae,observed_mae_percentile_in_null
0.1,1,sequence_permutation_preserve_city_year_counts,0.04510225645824774,-0.5614671544541742,0.021282455000941652,0.0
0.1,2,sequence_permutation_preserve_city_year_counts,0.04417939170000168,-0.42696881119308133,0.021282455000941652,0.0
0.1,3,sequence_permutation_preserve_city_year_counts,0.04832199898923327,-0.12460229625806139,0.021282455000941652,0.0
0.1,4,sequence_permutation_preserve_city_year_counts,0.04732347923132467,-0.470306551398936,0.021282455000941652,0.0
0.1,5,sequence_permutation_preserve_city_year_counts,0.05101646464633398,-0.2546333965391734,0.021282455000941652,0.0
0.1,6,sequence_permutation_preserve_city_year_counts,0.04686152940173458,-0.04995193452098232,0.021282455000941652,0.0
0.1,7,sequence_permutation_preserve_city_year_counts,0.04806471327648747,-0.46428325784362534,0.021282455000941652,0.0
0.1,8,sequence_permutation_preserve_city_year_counts,0.04413463207511996,0.5633399934990756,0.021282455000941652,0.0
0.1,9,sequence_permutation_preserve_city_year_counts,0.042845121265397725,0.08724230662162154,0.021282455000941652,0.0
0.1,10,sequence_permutation_preserve_city_year_counts,0.04656436929062087,0.3930113367117671,0.021282455000941652,0.0
0.1,11,sequence_permutation_preserve_city_year_counts,0.043866885701100304,-0.0919650024225774,0.021282455000941652,0.0
0.1,12,sequence_permutation_preserve_city_year_counts,0.048577958014690246,-0.2658252962738748,0.021282455000941652,0.0
0.1,13,sequence_permutation_preserve_city_year_counts,0.047371934375366485,-0.30017393060250797,0.021282455000941652,0.0
0.1,14,sequence_permutation_preserve_city_year_counts,0.04565572888125732,-0.2605698447355325,0.021282455000941652,0.0
0.1,15,sequence_permutation_preserve_city_year_counts,0.04144108520060152,0.1971761588324789,0.021282455000941652,0.0
0.1,16,sequence_permutation_preserve_city_year_counts,0.04212204895295761,0.2644013067280488,0.021282455000941652,0.0
0.1,17,sequence_permutation_preserve_city_year_counts,0.045403540657172316,-0.43382632085211875,0.021282455000941652,0.0
0.1,18,sequence_permutation_preserve_city_year_counts,0.045889576914991057,-0.1251366131464687,0.021282455000941652,0.0
0.1,19,sequence_permutation_preserve_city_year_counts,0.04666451497046862,0.13182789103106277,0.021282455000941652,0.0
0.1,20,sequence_permutation_preserve_city_year_counts,0.04690375011797019,-0.32440882216341194,0.021282455000941652,0.0
0.1,21,sequence_permutation_preserve_city_year_counts,0.04399611931368226,0.653057402661173,0.021282455000941652,0.0
0.1,22,sequence_permutation_preserve_city_year_counts,0.04831445459340896,-0.00117704496654512,0.021282455000941652,0.0
0.1,23,sequence_permutation_preserve_city_year_counts,0.0460413780629315,0.4163041669494053,0.021282455000941652,0.0
0.1,24,sequence_permutation_preserve_city_year_counts,0.04905223011918676,-0.47819494674037827,0.021282455000941652,0.0
0.1,25,sequence_permutation_preserve_city_year_counts,0.04591813880069736,-0.49134641646950894,0.021282455000941652,0.0
0.1,26,sequence_permutation_preserve_city_year_counts,0.045757271276524084,-0.12392899792599477,0.021282455000941652,0.0
0.1,27,sequence_permutation_preserve_city_year_counts,0.04594494214311822,-0.29713412006306766,0.021282455000941652,0.0
0.1,28,sequence_permutation_preserve_city_year_counts,0.04799774572563796,0.44011984344887534,0.021282455000941652,0.0
0.1,29,sequence_permutation_preserve_city_year_counts,0.04924729420300487,-0.40980982058132615,0.021282455000941652,0.0
0.1,30,sequence_permutation_preserve_city_year_counts,0.043667381183539515,0.021558872200516124,0.021282455000941652,0.0
0.1,31,sequence_permutation_preserve_city_year_counts,0.04485304321573661,-0.4036374549690178,0.021282455000941652,0.0
0.1,32,sequence_permutation_preserve_city_year_counts,0.045885945922131986,0.10774886671485204,0.021282455000941652,0.0
0.1,33,sequence_permutation_preserve_city_year_counts,0.04501190281833105,-0.41320496396202344,0.021282455000941652,0.0
0.1,34,sequence_permutation_preserve_city_year_counts,0.0445800903000896,0.09325601027121568,0.021282455000941652,0.0
0.1,35,sequence_permutation_preserve_city_year_counts,0.047594534272394906,-0.43221881969287834,0.021282455000941652,0.0
0.1,36,sequence_permutation_preserve_city_year_counts,0.04649311923448414,-0.08729493202641037,0.021282455000941652,0.0
0.1,37,sequence_permutation_preserve_city_year_counts,0.04680938827094959,-0.2989928717132655,0.021282455000941652,0.0
0.1,38,sequence_permutation_preserve_city_year_counts,0.04557937095729268,0.12705473390803373,0.021282455000941652,0.0
0.1,39,sequence_permutation_preserve_city_year_counts,0.04482989293579886,-0.02950743062425881,0.021282455000941652,0.0
0.1,40,sequence_permutation_preserve_city_year_counts,0.04324211000672651,0.1337015878252808,0.021282455000941652,0.0
0.1,41,sequence_permutation_preserve_city_year_counts,0.04703329275741518,-0.1331844703743053,0.021282455000941652,0.0
0.1,42,sequence_permutation_preserve_city_year_counts,0.05129357374351193,0.3246756471583518,0.021282455000941652,0.0
0.1,43,sequence_permutation_preserve_city_year_counts,0.046715027774743,-0.23966078190893023,0.021282455000941652,0.0
0.1,44,sequence_permutation_preserve_city_year_counts,0.0459776849619714,-0.29074939029681107,0.021282455000941652,0.0
0.1,45,sequence_permutation_preserve_city_year_counts,0.04728291077738284,0.3285274626941476,0.021282455000941652,0.0
0.1,46,sequence_permutation_preserve_city_year_counts,0.043932446923837756,0.24721857849663195,0.021282455000941652,0.0
0.1,47,sequence_permutation_preserve_city_year_counts,0.04869440927408127,-0.019502264915124714,0.021282455000941652,0.0
0.1,48,sequence_permutation_preserve_city_year_counts,0.03986723347915254,-0.24006452497023917,0.021282455000941652,0.0
0.1,49,sequence_permutation_preserve_city_year_counts,0.040543032224690585,0.05781387755952961,0.021282455000941652,0.0
0.1,50,sequence_permutation_preserve_city_year_counts,0.046904265601061555,-0.3678580534513239,0.021282455000941652,0.0
0.1,51,sequence_permutation_preserve_city_year_counts,0.04711357790597292,-0.3957610173771689,0.021282455000941652,0.0
0.1,52,sequence_permutation_preserve_city_year_counts,0.04753437333389144,-0.2758990591949444,0.021282455000941652,0.0
0.1,53,sequence_permutation_preserve_city_year_counts,0.041083108337789075,0.2882349326061724,0.021282455000941652,0.0
0.1,54,sequence_permutation_preserve_city_year_counts,0.04709751976785305,0.0476233408938374,0.021282455000941652,0.0
0.1,55,sequence_permutation_preserve_city_year_counts,0.047867785040154626,-0.4490874196966613,0.021282455000941652,0.0
0.1,56,sequence_permutation_preserve_city_year_counts,0.04463261861355259,0.5007118790564903,0.021282455000941652,0.0
0.1,57,sequence_permutation_preserve_city_year_counts,0.0456846958354882,-0.029434035230638998,0.021282455000941652,0.0
0.1,58,sequence_permutation_preserve_city_year_counts,0.04579519487466518,-0.1865117168085363,0.021282455000941652,0.0
0.1,59,sequence_permutation_preserve_city_year_counts,0.04648224353499655,-0.3627137881847524,0.021282455000941652,0.0
0.1,60,sequence_permutation_preserve_city_year_counts,0.04592077474887634,-0.39187275531841337,0.021282455000941652,0.0
0.1,61,sequence_permutation_preserve_city_year_counts,0.04311116933682918,0.42626866472577507,0.021282455000941652,0.0
0.1,62,sequence_permutation_preserve_city_year_counts,0.04543270317244593,0.38980643462893666,0.021282455000941652,0.0
0.1,63,sequence_permutation_preserve_city_year_counts,0.04590774939175446,0.4912154704176386,0.021282455000941652,0.0
0.1,64,sequence_permutation_preserve_city_year_counts,0.04326362173258928,0.37290163776930085,0.021282455000941652,0.0
0.1,65,sequence_permutation_preserve_city_year_counts,0.04847172691245262,0.25506188994911594,0.021282455000941652,0.0
0.1,66,sequence_permutation_preserve_city_year_counts,0.047182126878772,0.03432628179002337,0.021282455000941652,0.0
0.1,67,sequence_permutation_preserve_city_year_counts,0.0420372876334639,0.18091181704239792,0.021282455000941652,0.0
0.1,68,sequence_permutation_preserve_city_year_counts,0.04722225923702012,-0.3419681922581166,0.021282455000941652,0.0
0.1,69,sequence_permutation_preserve_city_year_counts,0.04740616006151663,-0.15817321099187434,0.021282455000941652,0.0
0.1,70,sequence_permutation_preserve_city_year_counts,0.04821247961327343,0.11026364720670774,0.021282455000941652,0.0
0.1,71,sequence_permutation_preserve_city_year_counts,0.0460018866453947,0.405209324380744,0.021282455000941652,0.0
0.1,72,sequence_permutation_preserve_city_year_counts,0.044348671658497735,0.2077742611630735,0.021282455000941652,0.0
0.1,73,sequence_permutation_preserve_city_year_counts,0.04709749598610488,0.10715975413139459,0.021282455000941652,0.0
0.1,74,sequence_permutation_preserve_city_year_counts,0.042483679424069484,0.05224973441799425,0.021282455000941652,0.0
0.1,75,sequence_permutation_preserve_city_year_counts,0.04430580715223313,0.13618284579850007,0.021282455000941652,0.0
0.1,76,sequence_permutation_preserve_city_year_counts,0.044751155865237244,0.028464675162833734,0.021282455000941652,0.0
0.1,77,sequence_permutation_preserve_city_year_counts,0.04651385747443196,-0.5603412294091665,0.021282455000941652,0.0
0.1,78,sequence_permutation_preserve_city_year_counts,0.04389092035739731,0.011485955446293763,0.021282455000941652,0.0
0.1,79,sequence_permutation_preserve_city_year_counts,0.0451897311198802,0.13111852808235344,0.021282455000941652,0.0
0.1,80,sequence_permutation_preserve_city_year_counts,0.04544202201099755,-0.16706665933909925,0.021282455000941652,0.0
0.1,81,sequence_permutation_preserve_city_year_counts,0.042446782475194345,0.34867559567820194,0.021282455000941652,0.0
0.1,82,sequence_permutation_preserve_city_year_counts,0.04629259551911425,-0.47513366675214375,0.021282455000941652,0.0
0.1,83,sequence_permutation_preserve_city_year_counts,0.04419896762156075,0.38280710505074284,0.021282455000941652,0.0
0.1,84,sequence_permutation_preserve_city_year_counts,0.048961543281614194,-0.3465231085789569,0.021282455000941652,0.0
0.1,85,sequence_permutation_preserve_city_year_counts,0.045865752046543556,-0.26763311476111834,0.021282455000941652,0.0
0.1,86,sequence_permutation_preserve_city_year_counts,0.04508797960902796,-0.3244836103000571,0.021282455000941652,0.0
0.1,87,sequence_permutation_preserve_city_year_counts,0.05161426493578755,-0.09777733365554928,0.021282455000941652,0.0
0.1,88,sequence_permutation_preserve_city_year_counts,0.04697912275902316,0.4464676457779887,0.021282455000941652,0.0
0.1,89,sequence_permutation_preserve_city_year_counts,0.047568457558173155,0.025720054728217395,0.021282455000941652,0.0
0.1,90,sequence_permutation_preserve_city_year_counts,0.04606209036319456,0.09096571308104753,0.021282455000941652,0.0
0.1,91,sequence_permutation_preserve_city_year_counts,0.0469492251740065,-0.10021246988629762,0.021282455000941652,0.0
0.1,92,sequence_permutation_preserve_city_year_counts,0.046781462276505904,0.13448424331113068,0.021282455000941652,0.0
0.1,93,sequence_permutation_preserve_city_year_counts,0.04620244424109008,-0.5146880662191226,0.021282455000941652,0.0
0.1,94,sequence_permutation_preserve_city_year_counts,0.04684685964066367,0.3531506444654806,0.021282455000941652,0.0
0.1,95,sequence_permutation_preserve_city_year_counts,0.04187281115744214,-0.5095126512685475,0.021282455000941652,0.0
0.1,96,sequence_permutation_preserve_city_year_counts,0.04252704069097189,0.17589439061306494,0.021282455000941652,0.0
0.1,97,sequence_permutation_preserve_city_year_counts,0.04940487176815095,0.39593008167890575,0.021282455000941652,0.0
0.1,98,sequence_permutation_preserve_city_year_counts,0.047580950187770935,-0.12769875361037966,0.021282455000941652,0.0
0.1,99,sequence_permutation_preserve_city_year_counts,0.044672526587796337,-0.0801312029115561,0.021282455000941652,0.0
0.1,100,sequence_permutation_preserve_city_year_counts,0.042507921407223245,-0.037470940435842065,0.021282455000941652,0.0
0.1,101,sequence_permutation_preserve_city_year_counts,0.042504863547124044,0.3448350888404628,0.021282455000941652,0.0
0.1,102,sequence_permutation_preserve_city_year_counts,0.04508497623999954,-0.08714651051671278,0.021282455000941652,0.0
0.1,103,sequence_permutation_preserve_city_year_counts,0.04892851543768623,0.45013848092243974,0.021282455000941652,0.0
0.1,104,sequence_permutation_preserve_city_year_counts,0.05023212013865748,-0.4075271544362626,0.021282455000941652,0.0
0.1,105,sequence_permutation_preserve_city_year_counts,0.047471302538407104,0.4762041611814832,0.021282455000941652,0.0
0.1,106,sequence_permutation_preserve_city_year_counts,0.04210428119176067,0.4963500365215411,0.021282455000941652,0.0
0.1,107,sequence_permutation_preserve_city_year_counts,0.0425065981101389,0.3659562827771362,0.021282455000941652,0.0
0.1,108,sequence_permutation_preserve_city_year_counts,0.048727725387124346,-0.40490720119229473,0.021282455000941652,0.0
0.1,109,sequence_permutation_preserve_city_year_counts,0.04952364639853919,-0.23709278600170847,0.021282455000941652,0.0
0.1,110,sequence_permutation_preserve_city_year_counts,0.04689729668253433,-0.5528164346427917,0.021282455000941652,0.0
0.1,111,sequence_permutation_preserve_city_year_counts,0.04657020427634978,-0.44617615452138665,0.021282455000941652,0.0
0.1,112,sequence_permutation_preserve_city_year_counts,0.04141638526616016,0.135598173152205,0.021282455000941652,0.0
0.1,113,sequence_permutation_preserve_city_year_counts,0.042048346459629196,-0.3686457392168057,0.021282455000941652,0.0
0.1,114,sequence_permutation_preserve_city_year_counts,0.04601396778363619,-0.3671920677641784,0.021282455000941652,0.0
0.1,115,sequence_permutation_preserve_city_year_counts,0.045445013879593314,-0.5804489288525287,0.021282455000941652,0.0
0.1,116,sequence_permutation_preserve_city_year_counts,0.04189135572000047,0.08101511362366288,0.021282455000941652,0.0
0.1,117,sequence_permutation_preserve_city_year_counts,0.04610750504978295,0.06720772865865056,0.021282455000941652,0.0
0.1,118,sequence_permutation_preserve_city_year_counts,0.04914553627387636,-0.22161084509155815,0.021282455000941652,0.0
0.1,119,sequence_permutation_preserve_city_year_counts,0.04759248484447454,-0.4729441996223867,0.021282455000941652,0.0
0.1,120,sequence_permutation_preserve_city_year_counts,0.049889308220545915,-0.024733381087504537,0.021282455000941652,0.0
0.1,121,sequence_permutation_preserve_city_year_counts,0.04762299636155125,-0.16589278129673532,0.021282455000941652,0.0
0.1,122,sequence_permutation_preserve_city_year_counts,0.044631280198480595,-0.4705293265280294,0.021282455000941652,0.0
0.1,123,sequence_permutation_preserve_city_year_counts,0.04411269955443527,-0.18321722204438748,0.021282455000941652,0.0
0.1,124,sequence_permutation_preserve_city_year_counts,0.048636010072666026,-0.26667673840944695,0.021282455000941652,0.0
0.1,125,sequence_permutation_preserve_city_year_counts,0.041692170208914095,0.03169293770670164,0.021282455000941652,0.0
0.1,126,sequence_permutation_preserve_city_year_counts,0.03902064452361949,0.1809685655337167,0.021282455000941652,0.0
0.1,127,sequence_permutation_preserve_city_year_counts,0.040891827807806896,0.1712726781327848,0.021282455000941652,0.0
0.1,128,sequence_permutation_preserve_city_year_counts,0.043961246980417396,-0.35169511880832577,0.021282455000941652,0.0
0.1,129,sequence_permutation_preserve_city_year_counts,0.04027193344462358,-0.491162369934675,0.021282455000941652,0.0
0.1,130,sequence_permutation_preserve_city_year_counts,0.048685409763032574,0.11378470284553832,0.021282455000941652,0.0
0.1,131,sequence_permutation_preserve_city_year_counts,0.04790994434307159,0.6182829076012393,0.021282455000941652,0.0
0.1,132,sequence_permutation_preserve_city_year_counts,0.04612301284810665,0.17621855954514548,0.021282455000941652,0.0
0.1,133,sequence_permutation_preserve_city_year_counts,0.04735380291429805,-0.01783349525312141,0.021282455000941652,0.0
0.1,134,sequence_permutation_preserve_city_year_counts,0.04498730647805256,0.3368885354961196,0.021282455000941652,0.0
0.1,135,sequence_permutation_preserve_city_year_counts,0.04532044290918149,0.5538022757649771,0.021282455000941652,0.0
0.1,136,sequence_permutation_preserve_city_year_counts,0.04405819094261679,0.142734086434346,0.021282455000941652,0.0
0.1,137,sequence_permutation_preserve_city_year_counts,0.046181896889888024,-0.44440123724488184,0.021282455000941652,0.0
0.1,138,sequence_permutation_preserve_city_year_counts,0.04332513686631191,-0.43837520800296315,0.021282455000941652,0.0
0.1,139,sequence_permutation_preserve_city_year_counts,0.04280663152992841,0.6022171562644028,0.021282455000941652,0.0
0.1,140,sequence_permutation_preserve_city_year_counts,0.04342712686964369,-0.0212026239471002,0.021282455000941652,0.0
0.1,141,sequence_permutation_preserve_city_year_counts,0.04331915166823318,0.14542182918263566,0.021282455000941652,0.0
0.1,142,sequence_permutation_preserve_city_year_counts,0.044288960845116424,0.36433534741341983,0.021282455000941652,0.0
0.1,143,sequence_permutation_preserve_city_year_counts,0.04049725631527134,-0.08125568336722186,0.021282455000941652,0.0
0.1,144,sequence_permutation_preserve_city_year_counts,0.0461219724779438,0.5693665191110941,0.021282455000941652,0.0
0.1,145,sequence_permutation_preserve_city_year_counts,0.048818972862633155,0.5689919186670861,0.021282455000941652,0.0
0.1,146,sequence_permutation_preserve_city_year_counts,0.045042858752334915,-0.5731049691709353,0.021282455000941652,0.0
0.1,147,sequence_permutation_preserve_city_year_counts,0.04317240483729217,0.37327449806401747,0.021282455000941652,0.0
0.1,148,sequence_permutation_preserve_city_year_counts,0.0430622643879483,0.4491705681250093,0.021282455000941652,0.0
0.1,149,sequence_permutation_preserve_city_year_counts,0.045750232736494596,-0.38608526333819254,0.021282455000941652,0.0
0.1,150,sequence_permutation_preserve_city_year_counts,0.050569610785224935,-0.6052893333332712,0.021282455000941652,0.0
0.1,151,sequence_permutation_preserve_city_year_counts,0.04300080295363337,-0.2888952516514207,0.021282455000941652,0.0
0.1,152,sequence_permutation_preserve_city_year_counts,0.04802702448746031,0.3104648989592912,0.021282455000941652,0.0
0.1,153,sequence_permutation_preserve_city_year_counts,0.04258626246077066,-0.11142290533936068,0.021282455000941652,0.0
0.1,154,sequence_permutation_preserve_city_year_counts,0.04842397875853746,-0.044392772242934427,0.021282455000941652,0.0
0.1,155,sequence_permutation_preserve_city_year_counts,0.04575209448665144,-0.4464759059368681,0.021282455000941652,0.0
0.1,156,sequence_permutation_preserve_city_year_counts,0.04469771144138582,0.49149025021951465,0.021282455000941652,0.0
0.1,157,sequence_permutation_preserve_city_year_counts,0.04805295125529027,0.18111163230694113,0.021282455000941652,0.0
0.1,158,sequence_permutation_preserve_city_year_counts,0.046706778276907085,0.17358982273386567,0.021282455000941652,0.0
0.1,159,sequence_permutation_preserve_city_year_counts,0.047970731535041805,-0.5283655983819617,0.021282455000941652,0.0
0.1,160,sequence_permutation_preserve_city_year_counts,0.04246265940347891,-0.17690405741611823,0.021282455000941652,0.0
0.1,161,sequence_permutation_preserve_city_year_counts,0.04656781007374174,-0.09017858058538913,0.021282455000941652,0.0
0.1,162,sequence_permutation_preserve_city_year_counts,0.04450303171113938,0.015625366230462484,0.021282455000941652,0.0
0.1,163,sequence_permutation_preserve_city_year_counts,0.04392204743378124,0.2682247003403355,0.021282455000941652,0.0
0.1,164,sequence_permutation_preserve_city_year_counts,0.045106306853529204,0.5165912879398462,0.021282455000941652,0.0
0.1,165,sequence_permutation_preserve_city_year_counts,0.044162072892590463,-0.03501342146501822,0.021282455000941652,0.0
0.1,166,sequence_permutation_preserve_city_year_counts,0.04303113987750893,-0.3800430593400973,0.021282455000941652,0.0
0.1,167,sequence_permutation_preserve_city_year_counts,0.043866260334826226,-0.02503351545098676,0.021282455000941652,0.0
0.1,168,sequence_permutation_preserve_city_year_counts,0.0463077178751756,0.4368215421253638,0.021282455000941652,0.0
0.1,169,sequence_permutation_preserve_city_year_counts,0.04691859694875298,-0.44824092764026113,0.021282455000941652,0.0
0.1,170,sequence_permutation_preserve_city_year_counts,0.04629203599097163,0.13841347023691952,0.021282455000941652,0.0
0.1,171,sequence_permutation_preserve_city_year_counts,0.03891278357329035,0.32275323268816475,0.021282455000941652,0.0
0.1,172,sequence_permutation_preserve_city_year_counts,0.041384480222124875,0.2020506415993441,0.021282455000941652,0.0
0.1,173,sequence_permutation_preserve_city_year_counts,0.04317023491008766,-0.5566561183635149,0.021282455000941652,0.0
0.1,174,sequence_permutation_preserve_city_year_counts,0.04211971163031545,0.3964463740671804,0.021282455000941652,0.0
0.1,175,sequence_permutation_preserve_city_year_counts,0.04263922539320512,0.6460862147134188,0.021282455000941652,0.0
0.1,176,sequence_permutation_preserve_city_year_counts,0.047906935901261584,-0.43054359714316226,0.021282455000941652,0.0
0.1,177,sequence_permutation_preserve_city_year_counts,0.044042071376459685,-0.3990771939513198,0.021282455000941652,0.0
0.1,178,sequence_permutation_preserve_city_year_counts,0.04554472517684777,0.3187957212133375,0.021282455000941652,0.0
0.1,179,sequence_permutation_preserve_city_year_counts,0.04564773938202719,-0.2457122051354229,0.021282455000941652,0.0
0.1,180,sequence_permutation_preserve_city_year_counts,0.0446453897245185,-0.22870208432915484,0.021282455000941652,0.0
0.1,181,sequence_permutation_preserve_city_year_counts,0.04328404278230552,-0.19695856507477438,0.021282455000941652,0.0
0.1,182,sequence_permutation_preserve_city_year_counts,0.049438482235096046,0.1418274880678366,0.021282455000941652,0.0
0.1,183,sequence_permutation_preserve_city_year_counts,0.047578085321126444,-0.3616463545061395,0.021282455000941652,0.0
0.1,184,sequence_permutation_preserve_city_year_counts,0.0432490999520083,0.21342884561065406,0.021282455000941652,0.0
0.1,185,sequence_permutation_preserve_city_year_counts,0.0412260290293353,0.09263803020152205,0.021282455000941652,0.0
0.1,186,sequence_permutation_preserve_city_year_counts,0.04554813977486407,-0.1430848879465079,0.021282455000941652,0.0
0.1,187,sequence_permutation_preserve_city_year_counts,0.04713983165947154,0.06561487372659125,0.021282455000941652,0.0
0.1,188,sequence_permutation_preserve_city_year_counts,0.04591020025729222,-0.3896270856882125,0.021282455000941652,0.0
0.1,189,sequence_permutation_preserve_city_year_counts,0.04479652571835586,-0.4295320096029288,0.021282455000941652,0.0
0.1,190,sequence_permutation_preserve_city_year_counts,0.04719687395369394,-0.3986526938082284,0.021282455000941652,0.0
0.1,191,sequence_permutation_preserve_city_year_counts,0.046329708905474144,-0.14291423290219454,0.021282455000941652,0.0
0.1,192,sequence_permutation_preserve_city_year_counts,0.045215987829541726,-0.23322978732269697,0.021282455000941652,0.0
0.1,193,sequence_permutation_preserve_city_year_counts,0.047073418792165596,0.3779026370007698,0.021282455000941652,0.0
0.1,194,sequence_permutation_preserve_city_year_counts,0.04418667345323577,-0.27106252920599133,0.021282455000941652,0.0
0.1,195,sequence_permutation_preserve_city_year_counts,0.0460124531652006,-0.24619700939958925,0.021282455000941652,0.0
0.1,196,sequence_permutation_preserve_city_year_counts,0.045242759964167524,-0.394422248713904,0.021282455000941652,0.0
0.1,197,sequence_permutation_preserve_city_year_counts,0.04998093613226768,-0.4561010852933873,0.021282455000941652,0.0
0.1,198,sequence_permutation_preserve_city_year_counts,0.04678147315239259,-0.005477600378851789,0.021282455000941652,0.0
0.1,199,sequence_permutation_preserve_city_year_counts,0.04303548606166289,-0.1619794451057565,0.021282455000941652,0.0
0.1,200,sequence_permutation_preserve_city_year_counts,0.04389088141188678,0.3352423804299439,0.021282455000941652,0.0
0.1,201,sequence_permutation_preserve_city_year_counts,0.049082334902634805,0.44152122577514136,0.021282455000941652,0.0
0.1,202,sequence_permutation_preserve_city_year_counts,0.04740350293949534,-0.17139897436987334,0.021282455000941652,0.0
0.1,203,sequence_permutation_preserve_city_year_counts,0.04381445310009415,-0.2736361713429466,0.021282455000941652,0.0
0.1,204,sequence_permutation_preserve_city_year_counts,0.04206258682202474,-0.24579169010391688,0.021282455000941652,0.0
0.1,205,sequence_permutation_preserve_city_year_counts,0.051030760320842805,0.01574662999392303,0.021282455000941652,0.0
0.1,206,sequence_permutation_preserve_city_year_counts,0.047795217819268564,-0.11723368959451745,0.021282455000941652,0.0
0.1,207,sequence_permutation_preserve_city_year_counts,0.042651773739310915,0.31667610606505986,0.021282455000941652,0.0
0.1,208,sequence_permutation_preserve_city_year_counts,0.046963885283377,-0.32599559144524143,0.021282455000941652,0.0
0.1,209,sequence_permutation_preserve_city_year_counts,0.04315849300960157,0.37262797366137457,0.021282455000941652,0.0
0.1,210,sequence_permutation_preserve_city_year_counts,0.043387416849437255,0.04690337015868361,0.021282455000941652,0.0
0.1,211,sequence_permutation_preserve_city_year_counts,0.042344943146880906,0.2249119746482272,0.021282455000941652,0.0
0.1,212,sequence_permutation_preserve_city_year_counts,0.0414709399927214,0.07902966439689697,0.021282455000941652,0.0
0.1,213,sequence_permutation_preserve_city_year_counts,0.03969696588745581,0.40673859719637334,0.021282455000941652,0.0
0.1,214,sequence_permutation_preserve_city_year_counts,0.046954181840344854,-0.5134906734030996,0.021282455000941652,0.0
0.1,215,sequence_permutation_preserve_city_year_counts,0.044799585337700336,0.5997316572273679,0.021282455000941652,0.0
0.1,216,sequence_permutation_preserve_city_year_counts,0.044912588337697866,0.36612688738202825,0.021282455000941652,0.0
0.1,217,sequence_permutation_preserve_city_year_counts,0.040341571956613836,-0.09167342070133461,0.021282455000941652,0.0
0.1,218,sequence_permutation_preserve_city_year_counts,0.043986312233087424,-0.4406032271274442,0.021282455000941652,0.0
0.1,219,sequence_permutation_preserve_city_year_counts,0.0487386845118072,-0.17252430946386313,0.021282455000941652,0.0
0.1,220,sequence_permutation_preserve_city_year_counts,0.04331797458066242,0.3683666915367244,0.021282455000941652,0.0
0.1,221,sequence_permutation_preserve_city_year_counts,0.04762424786902161,-0.32398785352444975,0.021282455000941652,0.0
0.1,222,sequence_permutation_preserve_city_year_counts,0.0484803492018181,0.25442453787119257,0.021282455000941652,0.0
0.1,223,sequence_permutation_preserve_city_year_counts,0.04778016241147641,0.16178203486351408,0.021282455000941652,0.0
0.1,224,sequence_permutation_preserve_city_year_counts,0.047195058421420605,-0.040894975452825326,0.021282455000941652,0.0
0.1,225,sequence_permutation_preserve_city_year_counts,0.042456424276702175,-0.08415934954433656,0.021282455000941652,0.0
0.1,226,sequence_permutation_preserve_city_year_counts,0.045254241013459116,-0.2350246782272438,0.021282455000941652,0.0
0.1,227,sequence_permutation_preserve_city_year_counts,0.04952132216258727,0.20089710285381618,0.021282455000941652,0.0
0.1,228,sequence_permutation_preserve_city_year_counts,0.04594416756762794,0.02644960486461412,0.021282455000941652,0.0
0.1,229,sequence_permutation_preserve_city_year_counts,0.04707602071677864,0.06044780190486412,0.021282455000941652,0.0
0.1,230,sequence_permutation_preserve_city_year_counts,0.04757003514393823,0.39811948414621795,0.021282455000941652,0.0
0.1,231,sequence_permutation_preserve_city_year_counts,0.04388152884974189,-0.37385851171722106,0.021282455000941652,0.0
0.1,232,sequence_permutation_preserve_city_year_counts,0.04417296238393006,-0.6889421716506563,0.021282455000941652,0.0
0.1,233,sequence_permutation_preserve_city_year_counts,0.04258567616511322,0.23733436078337158,0.021282455000941652,0.0
0.1,234,sequence_permutation_preserve_city_year_counts,0.04738829287072506,-0.5368975546177571,0.021282455000941652,0.0
0.1,235,sequence_permutation_preserve_city_year_counts,0.043631822199440846,0.18174058525798337,0.021282455000941652,0.0
0.1,236,sequence_permutation_preserve_city_year_counts,0.044676736369815596,0.45010010355183866,0.021282455000941652,0.0
0.1,237,sequence_permutation_preserve_city_year_counts,0.047955792083017326,-0.3217277048659757,0.021282455000941652,0.0
0.1,238,sequence_permutation_preserve_city_year_counts,0.047101669594058475,-0.20651945998121563,0.021282455000941652,0.0
0.1,239,sequence_permutation_preserve_city_year_counts,0.04383843367242103,-0.09912093806178271,0.021282455000941652,0.0
0.1,240,sequence_permutation_preserve_city_year_counts,0.04231787777453102,0.4233661091922198,0.021282455000941652,0.0
0.1,241,sequence_permutation_preserve_city_year_counts,0.043047695730945,-0.03783617939609458,0.021282455000941652,0.0
0.1,242,sequence_permutation_preserve_city_year_counts,0.04294282725741446,0.21338974402925961,0.021282455000941652,0.0
0.1,243,sequence_permutation_preserve_city_year_counts,0.04759792661208626,-0.45180576997078536,0.021282455000941652,0.0
0.1,244,sequence_permutation_preserve_city_year_counts,0.044242347869461816,0.23431596228063056,0.021282455000941652,0.0
0.1,245,sequence_permutation_preserve_city_year_counts,0.04700953704839581,-0.43475094491226535,0.021282455000941652,0.0
0.1,246,sequence_permutation_preserve_city_year_counts,0.04552124628712195,0.016759970808088706,0.021282455000941652,0.0
0.1,247,sequence_permutation_preserve_city_year_counts,0.04492212907197475,-0.046248401552203625,0.021282455000941652,0.0
0.1,248,sequence_permutation_preserve_city_year_counts,0.04810407721172684,-0.382749976224387,0.021282455000941652,0.0
0.1,249,sequence_permutation_preserve_city_year_counts,0.04512420658875983,0.10102809547266872,0.021282455000941652,0.0
0.1,250,sequence_permutation_preserve_city_year_counts,0.04624413368878048,0.2347377613718302,0.021282455000941652,0.0
0.1,251,sequence_permutation_preserve_city_year_counts,0.046522611020067106,-0.3934746336184601,0.021282455000941652,0.0
0.1,252,sequence_permutation_preserve_city_year_counts,0.045211588987831626,0.04573045735671202,0.021282455000941652,0.0
0.1,253,sequence_permutation_preserve_city_year_counts,0.0416254361591826,0.3699905626549688,0.021282455000941652,0.0
0.1,254,sequence_permutation_preserve_city_year_counts,0.04489048920431173,-0.6679730331236972,0.021282455000941652,0.0
0.1,255,sequence_permutation_preserve_city_year_counts,0.04316834217087863,-0.3039504679400694,0.021282455000941652,0.0
0.1,256,sequence_permutation_preserve_city_year_counts,0.044181962436125814,-0.27907991629760254,0.021282455000941652,0.0
0.1,257,sequence_permutation_preserve_city_year_counts,0.04272655995376312,-0.1640792788881347,0.021282455000941652,0.0
0.1,258,sequence_permutation_preserve_city_year_counts,0.05012978089249696,-0.3738449539786529,0.021282455000941652,0.0
0.1,259,sequence_permutation_preserve_city_year_counts,0.04590786388611427,0.3369551285691473,0.021282455000941652,0.0
0.1,260,sequence_permutation_preserve_city_year_counts,0.044388833968863714,-0.264641347652969,0.021282455000941652,0.0
0.1,261,sequence_permutation_preserve_city_year_counts,0.04571642185739976,-0.30040007999328683,0.021282455000941652,0.0
0.1,262,sequence_permutation_preserve_city_year_counts,0.04388810241737275,0.24002836370022307,0.021282455000941652,0.0
0.1,263,sequence_permutation_preserve_city_year_counts,0.04419028541705271,0.2650584285696997,0.021282455000941652,0.0
0.1,264,sequence_permutation_preserve_city_year_counts,0.047226810037268564,-0.2801290427007699,0.021282455000941652,0.0
0.1,265,sequence_permutation_preserve_city_year_counts,0.044248620082949955,0.10771999844620651,0.021282455000941652,0.0
0.1,266,sequence_permutation_preserve_city_year_counts,0.045227867241835064,-0.43621532044906874,0.021282455000941652,0.0
0.1,267,sequence_permutation_preserve_city_year_counts,0.04758815779582382,-0.010494506407387708,0.021282455000941652,0.0
0.1,268,sequence_permutation_preserve_city_year_counts,0.044797867966721513,0.5523873851698654,0.021282455000941652,0.0
0.1,269,sequence_permutation_preserve_city_year_counts,0.04181283748672799,0.3989465219297512,0.021282455000941652,0.0
0.1,270,sequence_permutation_preserve_city_year_counts,0.04845008405988577,0.11165578611618425,0.021282455000941652,0.0
0.1,271,sequence_permutation_preserve_city_year_counts,0.04514034710621761,-0.31086671347164024,0.021282455000941652,0.0
0.1,272,sequence_permutation_preserve_city_year_counts,0.04907673472016766,-0.5191120297588755,0.021282455000941652,0.0
0.1,273,sequence_permutation_preserve_city_year_counts,0.045648650771591734,-0.3909572412126273,0.021282455000941652,0.0
0.1,274,sequence_permutation_preserve_city_year_counts,0.04479322879215621,-0.045774666890105585,0.021282455000941652,0.0
0.1,275,sequence_permutation_preserve_city_year_counts,0.04858819177272678,0.3073573756738277,0.021282455000941652,0.0
0.1,276,sequence_permutation_preserve_city_year_counts,0.04563718666943181,0.03636509450117192,0.021282455000941652,0.0
0.1,277,sequence_permutation_preserve_city_year_counts,0.04496695421245252,-0.21322245966495287,0.021282455000941652,0.0
0.1,278,sequence_permutation_preserve_city_year_counts,0.048328256408883025,0.16844617536139464,0.021282455000941652,0.0
0.1,279,sequence_permutation_preserve_city_year_counts,0.04901730401986847,-0.2271502393088711,0.021282455000941652,0.0
0.1,280,sequence_permutation_preserve_city_year_counts,0.04536459660873588,-0.2782594341580883,0.021282455000941652,0.0
0.1,281,sequence_permutation_preserve_city_year_counts,0.043217042311573736,0.15334236779090732,0.021282455000941652,0.0
0.1,282,sequence_permutation_preserve_city_year_counts,0.04765259476323643,0.3550289293232621,0.021282455000941652,0.0
0.1,283,sequence_permutation_preserve_city_year_counts,0.046958082521389194,0.06846848302335641,0.021282455000941652,0.0
0.1,284,sequence_permutation_preserve_city_year_counts,0.043229563680026936,-0.1574041288598031,0.021282455000941652,0.0
0.1,285,sequence_permutation_preserve_city_year_counts,0.04409228467003466,-0.07733568146913379,0.021282455000941652,0.0
0.1,286,sequence_permutation_preserve_city_year_counts,0.04454865105230627,-0.5969841789445743,0.021282455000941652,0.0
0.1,287,sequence_permutation_preserve_city_year_counts,0.04546450427616216,0.47843136933097785,0.021282455000941652,0.0
0.1,288,sequence_permutation_preserve_city_year_counts,0.04528567975453574,-0.06690512962111726,0.021282455000941652,0.0
0.1,289,sequence_permutation_preserve_city_year_counts,0.04157288986591698,-0.5001769692718633,0.021282455000941652,0.0
0.1,290,sequence_permutation_preserve_city_year_counts,0.046724084051481395,0.2802918103404528,0.021282455000941652,0.0
0.1,291,sequence_permutation_preserve_city_year_counts,0.04463710066778974,0.2136489383353351,0.021282455000941652,0.0
0.1,292,sequence_permutation_preserve_city_year_counts,0.04779317899970697,0.2277773341307446,0.021282455000941652,0.0
0.1,293,sequence_permutation_preserve_city_year_counts,0.04576068422891787,0.330481824979428,0.021282455000941652,0.0
0.1,294,sequence_permutation_preserve_city_year_counts,0.04838335249096549,-0.235461833241612,0.021282455000941652,0.0
0.1,295,sequence_permutation_preserve_city_year_counts,0.040403376680660644,-0.1276679953356521,0.021282455000941652,0.0
0.1,296,sequence_permutation_preserve_city_year_counts,0.04632693328984645,-0.5461390293201471,0.021282455000941652,0.0
0.1,297,sequence_permutation_preserve_city_year_counts,0.04801846499043939,-0.3573571808637991,0.021282455000941652,0.0
0.1,298,sequence_permutation_preserve_city_year_counts,0.04374838214763007,-0.1128136772498363,0.021282455000941652,0.0
0.1,299,sequence_permutation_preserve_city_year_counts,0.0452346441911858,0.27049599569987526,0.021282455000941652,0.0
0.1,300,sequence_permutation_preserve_city_year_counts,0.044695899017813755,0.09716573649680398,0.021282455000941652,0.0
0.1,301,sequence_permutation_preserve_city_year_counts,0.045619945447298534,0.4806209794683765,0.021282455000941652,0.0
0.1,302,sequence_permutation_preserve_city_year_counts,0.04464386210865812,-0.48550373556197174,0.021282455000941652,0.0
0.1,303,sequence_permutation_preserve_city_year_counts,0.0449524685900043,-0.43890222295816034,0.021282455000941652,0.0
0.1,304,sequence_permutation_preserve_city_year_counts,0.04492660615003271,0.04110989363250009,0.021282455000941652,0.0
0.1,305,sequence_permutation_preserve_city_year_counts,0.045887793911258676,-0.02204328418400093,0.021282455000941652,0.0
0.1,306,sequence_permutation_preserve_city_year_counts,0.04815338163287516,-0.4511506926426908,0.021282455000941652,0.0
0.1,307,sequence_permutation_preserve_city_year_counts,0.04662319870093253,-0.11585316188635937,0.021282455000941652,0.0
0.1,308,sequence_permutation_preserve_city_year_counts,0.04430137783265988,-0.10430052565197673,0.021282455000941652,0.0
0.1,309,sequence_permutation_preserve_city_year_counts,0.04833250969225892,0.2950223593142833,0.021282455000941652,0.0
0.1,310,sequence_permutation_preserve_city_year_counts,0.04446013602464162,0.4362085652895861,0.021282455000941652,0.0
0.1,311,sequence_permutation_preserve_city_year_counts,0.04716015487865495,-0.5582953464484566,0.021282455000941652,0.0
0.1,312,sequence_permutation_preserve_city_year_counts,0.04664834132056487,0.011226977439997279,0.021282455000941652,0.0
0.1,313,sequence_permutation_preserve_city_year_counts,0.04340073846735129,-0.18845658402210033,0.021282455000941652,0.0
0.1,314,sequence_permutation_preserve_city_year_counts,0.0446360288021595,0.025297415193560668,0.021282455000941652,0.0
0.1,315,sequence_permutation_preserve_city_year_counts,0.04219923465319097,0.020276193582220405,0.021282455000941652,0.0
0.1,316,sequence_permutation_preserve_city_year_counts,0.046211627281926786,-0.4230125528077849,0.021282455000941652,0.0
0.1,317,sequence_permutation_preserve_city_year_counts,0.04863318357322307,-0.2881343690767425,0.021282455000941652,0.0
0.1,318,sequence_permutation_preserve_city_year_counts,0.04299370753197313,0.20308614648322643,0.021282455000941652,0.0
0.1,319,sequence_permutation_preserve_city_year_counts,0.04530753377765265,-0.2067886686996499,0.021282455000941652,0.0
0.1,320,sequence_permutation_preserve_city_year_counts,0.04653230423008951,-0.19681938345401298,0.021282455000941652,0.0
0.1,321,sequence_permutation_preserve_city_year_counts,0.04544457459374202,-0.039331630770993636,0.021282455000941652,0.0
0.1,322,sequence_permutation_preserve_city_year_counts,0.050957535819012384,-0.6512394206001919,0.021282455000941652,0.0
0.1,323,sequence_permutation_preserve_city_year_counts,0.04300659804128083,-0.2544637694478025,0.021282455000941652,0.0
0.1,324,sequence_permutation_preserve_city_year_counts,0.0428206947726459,-0.20030897803054137,0.021282455000941652,0.0
0.1,325,sequence_permutation_preserve_city_year_counts,0.04359041040738812,-0.29417833015719935,0.021282455000941652,0.0
0.1,326,sequence_permutation_preserve_city_year_counts,0.044392537401420726,-0.08113191153622495,0.021282455000941652,0.0
0.1,327,sequence_permutation_preserve_city_year_counts,0.043697177193786046,0.2959832873918147,0.021282455000941652,0.0
0.1,328,sequence_permutation_preserve_city_year_counts,0.0478690296769881,0.011138275305455097,0.021282455000941652,0.0
0.1,329,sequence_permutation_preserve_city_year_counts,0.04852770693637859,-0.6361784170809517,0.021282455000941652,0.0
0.1,330,sequence_permutation_preserve_city_year_counts,0.045496161452610435,-0.3882022973683791,0.021282455000941652,0.0
0.1,331,sequence_permutation_preserve_city_year_counts,0.0459359184815842,0.6239916378278931,0.021282455000941652,0.0
0.1,332,sequence_permutation_preserve_city_year_counts,0.04176443150415245,0.14482341298677037,0.021282455000941652,0.0
0.1,333,sequence_permutation_preserve_city_year_counts,0.043264483817906714,0.0538584893998568,0.021282455000941652,0.0
0.1,334,sequence_permutation_preserve_city_year_counts,0.04711858002701344,-0.11096509866401981,0.021282455000941652,0.0
0.1,335,sequence_permutation_preserve_city_year_counts,0.042164843904699774,-0.06927559601279269,0.021282455000941652,0.0
0.1,336,sequence_permutation_preserve_city_year_counts,0.043253617201334076,0.09308140862080552,0.021282455000941652,0.0
0.1,337,sequence_permutation_preserve_city_year_counts,0.04384537768114927,-0.2742471245537846,0.021282455000941652,0.0
0.1,338,sequence_permutation_preserve_city_year_counts,0.04580165370104871,0.13987174477772557,0.021282455000941652,0.0
0.1,339,sequence_permutation_preserve_city_year_counts,0.04208372617832873,0.30647548257543683,0.021282455000941652,0.0
0.1,340,sequence_permutation_preserve_city_year_counts,0.04418350337292926,0.010272156726663074,0.021282455000941652,0.0
0.1,341,sequence_permutation_preserve_city_year_counts,0.04094115959118966,0.2056004335875501,0.021282455000941652,0.0
0.1,342,sequence_permutation_preserve_city_year_counts,0.04233311507183938,-0.6189629607024784,0.021282455000941652,0.0
0.1,343,sequence_permutation_preserve_city_year_counts,0.043886920017339244,-0.1732691195358517,0.021282455000941652,0.0
0.1,344,sequence_permutation_preserve_city_year_counts,0.039887265572320196,0.05592728709554041,0.021282455000941652,0.0
0.1,345,sequence_permutation_preserve_city_year_counts,0.05378639237957157,0.1579892617831419,0.021282455000941652,0.0
0.1,346,sequence_permutation_preserve_city_year_counts,0.042624018243211964,-0.2575590333829241,0.021282455000941652,0.0
0.1,347,sequence_permutation_preserve_city_year_counts,0.046525756068633274,-0.6880688605067853,0.021282455000941652,0.0
0.1,348,sequence_permutation_preserve_city_year_counts,0.04776236025907657,-0.24989902009691778,0.021282455000941652,0.0
0.1,349,sequence_permutation_preserve_city_year_counts,0.046553028122039264,0.13007744870409965,0.021282455000941652,0.0
0.1,350,sequence_permutation_preserve_city_year_counts,0.04468873676670665,0.575031108518455,0.021282455000941652,0.0
0.1,351,sequence_permutation_preserve_city_year_counts,0.043617988694261436,0.4136333234559828,0.021282455000941652,0.0
0.1,352,sequence_permutation_preserve_city_year_counts,0.04217399339831807,-0.30177881654765193,0.021282455000941652,0.0
0.1,353,sequence_permutation_preserve_city_year_counts,0.04222280479627121,-0.08564296335945291,0.021282455000941652,0.0
0.1,354,sequence_permutation_preserve_city_year_counts,0.04253869289028011,0.021129727537207828,0.021282455000941652,0.0
0.1,355,sequence_permutation_preserve_city_year_counts,0.04613588503907738,0.643535948456796,0.021282455000941652,0.0
0.1,356,sequence_permutation_preserve_city_year_counts,0.0471323441297857,-0.09757317207380432,0.021282455000941652,0.0
0.1,357,sequence_permutation_preserve_city_year_counts,0.04783668957854587,-0.3908007899442973,0.021282455000941652,0.0
0.1,358,sequence_permutation_preserve_city_year_counts,0.04878145964686197,0.20684320164581563,0.021282455000941652,0.0
0.1,359,sequence_permutation_preserve_city_year_counts,0.046078492671297766,-0.46763345328946176,0.021282455000941652,0.0
0.1,360,sequence_permutation_preserve_city_year_counts,0.04610769765772352,-0.16099886968752186,0.021282455000941652,0.0
0.1,361,sequence_permutation_preserve_city_year_counts,0.045548602554215355,-0.6233257486616312,0.021282455000941652,0.0
0.1,362,sequence_permutation_preserve_city_year_counts,0.043440382113475035,-0.3711509810425512,0.021282455000941652,0.0
0.1,363,sequence_permutation_preserve_city_year_counts,0.04476390116092488,0.15383767681425262,0.021282455000941652,0.0
0.1,364,sequence_permutation_preserve_city_year_counts,0.04472776467384723,0.3472864180507839,0.021282455000941652,0.0
0.1,365,sequence_permutation_preserve_city_year_counts,0.04699364955018611,0.46015769673235907,0.021282455000941652,0.0
0.1,366,sequence_permutation_preserve_city_year_counts,0.04682421625445899,0.09061589401991182,0.021282455000941652,0.0
0.1,367,sequence_permutation_preserve_city_year_counts,0.04368280623150146,-0.09750973659393508,0.021282455000941652,0.0
0.1,368,sequence_permutation_preserve_city_year_counts,0.04591108043643821,-0.5176230208457091,0.021282455000941652,0.0
0.1,369,sequence_permutation_preserve_city_year_counts,0.0439825515121302,-0.03709549395165638,0.021282455000941652,0.0
0.1,370,sequence_permutation_preserve_city_year_counts,0.04145461876236463,0.3415486040906202,0.021282455000941652,0.0
0.1,371,sequence_permutation_preserve_city_year_counts,0.04934531351651218,-0.19997321182579836,0.021282455000941652,0.0
0.1,372,sequence_permutation_preserve_city_year_counts,0.04549829790497122,0.35098617228879203,0.021282455000941652,0.0
0.1,373,sequence_permutation_preserve_city_year_counts,0.04125977426626298,0.001425411404772695,0.021282455000941652,0.0
0.1,374,sequence_permutation_preserve_city_year_counts,0.04733198202028314,-0.4003970496480517,0.021282455000941652,0.0
0.1,375,sequence_permutation_preserve_city_year_counts,0.04398208899810503,-0.1170907293268842,0.021282455000941652,0.0
0.1,376,sequence_permutation_preserve_city_year_counts,0.04529154085267606,-0.2501757510471757,0.021282455000941652,0.0
0.1,377,sequence_permutation_preserve_city_year_counts,0.04890451062349515,-0.041247229399255,0.021282455000941652,0.0
0.1,378,sequence_permutation_preserve_city_year_counts,0.0422779802407511,0.08601201112277276,0.021282455000941652,0.0
0.1,379,sequence_permutation_preserve_city_year_counts,0.04664127648080192,-0.18628236105010498,0.021282455000941652,0.0
0.1,380,sequence_permutation_preserve_city_year_counts,0.044463685054537946,-0.24614928146780857,0.021282455000941652,0.0
0.1,381,sequence_permutation_preserve_city_year_counts,0.045952230279694764,0.22957305279539572,0.021282455000941652,0.0
0.1,382,sequence_permutation_preserve_city_year_counts,0.03966267083177198,0.1260979503826066,0.021282455000941652,0.0
0.1,383,sequence_permutation_preserve_city_year_counts,0.04198837985801866,-0.025622064516223887,0.021282455000941652,0.0
0.1,384,sequence_permutation_preserve_city_year_counts,0.04762329517885088,-0.40289816055039357,0.021282455000941652,0.0
0.1,385,sequence_permutation_preserve_city_year_counts,0.04836883261126825,-0.5006089114640965,0.021282455000941652,0.0
0.1,386,sequence_permutation_preserve_city_year_counts,0.043077154892530556,0.09069583024504284,0.021282455000941652,0.0
0.1,387,sequence_permutation_preserve_city_year_counts,0.04589828096829697,-0.6085145150291628,0.021282455000941652,0.0
0.1,388,sequence_permutation_preserve_city_year_counts,0.04241702792050513,0.10471927881186499,0.021282455000941652,0.0
0.1,389,sequence_permutation_preserve_city_year_counts,0.046662854708314036,-0.37991587332867044,0.021282455000941652,0.0
0.1,390,sequence_permutation_preserve_city_year_counts,0.04680405296077358,0.0008729060512016734,0.021282455000941652,0.0
0.1,391,sequence_permutation_preserve_city_year_counts,0.043304744919598515,0.26953909020949557,0.021282455000941652,0.0
0.1,392,sequence_permutation_preserve_city_year_counts,0.04319928887753977,0.41472040914641645,0.021282455000941652,0.0
0.1,393,sequence_permutation_preserve_city_year_counts,0.04802680183170067,0.255384252873814,0.021282455000941652,0.0
0.1,394,sequence_permutation_preserve_city_year_counts,0.04938986747501756,-0.5590179983872247,0.021282455000941652,0.0
0.1,395,sequence_permutation_preserve_city_year_counts,0.045505802459200176,0.49535420438110905,0.021282455000941652,0.0
0.1,396,sequence_permutation_preserve_city_year_counts,0.042687400894924996,0.7183780416303153,0.021282455000941652,0.0
0.1,397,sequence_permutation_preserve_city_year_counts,0.03931274657283409,0.3325002325374121,0.021282455000941652,0.0
0.1,398,sequence_permutation_preserve_city_year_counts,0.046845572813637396,-0.22728821489256446,0.021282455000941652,0.0
0.1,399,sequence_permutation_preserve_city_year_counts,0.04249610038928954,0.1543550617338569,0.021282455000941652,0.0
0.1,400,sequence_permutation_preserve_city_year_counts,0.04288327716130327,0.1440157417213459,0.021282455000941652,0.0
0.1,401,sequence_permutation_preserve_city_year_counts,0.04732529298620929,0.16627784749531074,0.021282455000941652,0.0
0.1,402,sequence_permutation_preserve_city_year_counts,0.042932166214005904,-0.2654087563333632,0.021282455000941652,0.0
0.1,403,sequence_permutation_preserve_city_year_counts,0.043572833299059685,-0.45543397107424344,0.021282455000941652,0.0
0.1,404,sequence_permutation_preserve_city_year_counts,0.04548671164106477,0.16984248908925514,0.021282455000941652,0.0
0.1,405,sequence_permutation_preserve_city_year_counts,0.03779093892202832,0.4852172363996908,0.021282455000941652,0.0
0.1,406,sequence_permutation_preserve_city_year_counts,0.043462225475381984,0.22312163346702435,0.021282455000941652,0.0
0.1,407,sequence_permutation_preserve_city_year_counts,0.039116766387444074,0.14848358458788974,0.021282455000941652,0.0
0.1,408,sequence_permutation_preserve_city_year_counts,0.047340566405835116,-0.43228671555983617,0.021282455000941652,0.0
0.1,409,sequence_permutation_preserve_city_year_counts,0.04907845457082968,0.14849896177052005,0.021282455000941652,0.0
0.1,410,sequence_permutation_preserve_city_year_counts,0.04479219101914027,0.2798845072775979,0.021282455000941652,0.0
0.1,411,sequence_permutation_preserve_city_year_counts,0.04665120435005605,-0.04881794633667562,0.021282455000941652,0.0
0.1,412,sequence_permutation_preserve_city_year_counts,0.044225265265549187,0.6398313133438801,0.021282455000941652,0.0
0.1,413,sequence_permutation_preserve_city_year_counts,0.04450897320869447,0.027440152964083583,0.021282455000941652,0.0
0.1,414,sequence_permutation_preserve_city_year_counts,0.04676883043192669,0.47002241423788227,0.021282455000941652,0.0
0.1,415,sequence_permutation_preserve_city_year_counts,0.04288689490292869,-0.2452736311718053,0.021282455000941652,0.0
0.1,416,sequence_permutation_preserve_city_year_counts,0.04918641996403106,-0.22374534610623006,0.021282455000941652,0.0
0.1,417,sequence_permutation_preserve_city_year_counts,0.042331603444986904,0.13518934814471634,0.021282455000941652,0.0
0.1,418,sequence_permutation_preserve_city_year_counts,0.04519486674928226,0.14316552633502658,0.021282455000941652,0.0
0.1,419,sequence_permutation_preserve_city_year_counts,0.044501039838390155,-0.5617561189394625,0.021282455000941652,0.0
0.1,420,sequence_permutation_preserve_city_year_counts,0.046052480214629266,-0.26241491971673636,0.021282455000941652,0.0
0.1,421,sequence_permutation_preserve_city_year_counts,0.044356645452350435,0.24814368856226554,0.021282455000941652,0.0
0.1,422,sequence_permutation_preserve_city_year_counts,0.047924010020203515,0.23397091314908655,0.021282455000941652,0.0
0.1,423,sequence_permutation_preserve_city_year_counts,0.04401281512582643,-0.1745267585160966,0.021282455000941652,0.0
0.1,424,sequence_permutation_preserve_city_year_counts,0.04614591124405096,0.18278740974676594,0.021282455000941652,0.0
0.1,425,sequence_permutation_preserve_city_year_counts,0.045654158067739634,-0.22108434290163184,0.021282455000941652,0.0
0.1,426,sequence_permutation_preserve_city_year_counts,0.04433529764563375,-0.3295253681432917,0.021282455000941652,0.0
0.1,427,sequence_permutation_preserve_city_year_counts,0.04216296929344403,0.2503076870624206,0.021282455000941652,0.0
0.1,428,sequence_permutation_preserve_city_year_counts,0.04196310745300982,-0.2850482813553386,0.021282455000941652,0.0
0.1,429,sequence_permutation_preserve_city_year_counts,0.04574878972772192,-0.2952578011687199,0.021282455000941652,0.0
0.1,430,sequence_permutation_preserve_city_year_counts,0.04851957550199653,0.41573646164227934,0.021282455000941652,0.0
0.1,431,sequence_permutation_preserve_city_year_counts,0.04604180816667953,0.17005062877402174,0.021282455000941652,0.0
0.1,432,sequence_permutation_preserve_city_year_counts,0.04562708366925687,-0.07826709457550454,0.021282455000941652,0.0
0.1,433,sequence_permutation_preserve_city_year_counts,0.04509785378542793,-0.1350490141165726,0.021282455000941652,0.0
0.1,434,sequence_permutation_preserve_city_year_counts,0.047090433290528366,0.6681796761261137,0.021282455000941652,0.0
0.1,435,sequence_permutation_preserve_city_year_counts,0.04548436944673215,-0.37408353041620307,0.021282455000941652,0.0
0.1,436,sequence_permutation_preserve_city_year_counts,0.04363519543866238,-0.09139599286430547,0.021282455000941652,0.0
0.1,437,sequence_permutation_preserve_city_year_counts,0.04619132969370929,-0.24541256813068585,0.021282455000941652,0.0
0.1,438,sequence_permutation_preserve_city_year_counts,0.04658316800761282,0.47265430360148697,0.021282455000941652,0.0
0.1,439,sequence_permutation_preserve_city_year_counts,0.04568417167229071,-0.3429380027955486,0.021282455000941652,0.0
0.1,440,sequence_permutation_preserve_city_year_counts,0.046446593368800686,-0.22172294778415286,0.021282455000941652,0.0
0.1,441,sequence_permutation_preserve_city_year_counts,0.045869242563982664,-0.48026220073810055,0.021282455000941652,0.0
0.1,442,sequence_permutation_preserve_city_year_counts,0.0417179885810043,-0.2177079346883886,0.021282455000941652,0.0
0.1,443,sequence_permutation_preserve_city_year_counts,0.04612873503694596,0.29540575761582644,0.021282455000941652,0.0
0.1,444,sequence_permutation_preserve_city_year_counts,0.04493652570996522,0.19987734205481567,0.021282455000941652,0.0
0.1,445,sequence_permutation_preserve_city_year_counts,0.04485092735743077,0.5079314277347811,0.021282455000941652,0.0
0.1,446,sequence_permutation_preserve_city_year_counts,0.0435962321708617,-0.19927968274558727,0.021282455000941652,0.0
0.1,447,sequence_permutation_preserve_city_year_counts,0.04650580736299422,-0.6369228030437682,0.021282455000941652,0.0
0.1,448,sequence_permutation_preserve_city_year_counts,0.040782095717720665,-0.13461346332910665,0.021282455000941652,0.0
0.1,449,sequence_permutation_preserve_city_year_counts,0.04430470550936586,0.28105810705380546,0.021282455000941652,0.0
0.1,450,sequence_permutation_preserve_city_year_counts,0.043140075692207784,0.14924807126884312,0.021282455000941652,0.0
0.1,451,sequence_permutation_preserve_city_year_counts,0.048770358716863464,-0.37226606959926056,0.021282455000941652,0.0
0.1,452,sequence_permutation_preserve_city_year_counts,0.04806764736683997,0.24262064298868985,0.021282455000941652,0.0
0.1,453,sequence_permutation_preserve_city_year_counts,0.04655883683799415,0.06251984768804734,0.021282455000941652,0.0
0.1,454,sequence_permutation_preserve_city_year_counts,0.04485600167922101,0.08310280017210288,0.021282455000941652,0.0
0.1,455,sequence_permutation_preserve_city_year_counts,0.04361607415303507,0.27233014831464425,0.021282455000941652,0.0
0.1,456,sequence_permutation_preserve_city_year_counts,0.041697053159925175,0.5078188597041848,0.021282455000941652,0.0
0.1,457,sequence_permutation_preserve_city_year_counts,0.04132517312742411,0.21859606744021612,0.021282455000941652,0.0
0.1,458,sequence_permutation_preserve_city_year_counts,0.04851015218244617,-0.1398470045151885,0.021282455000941652,0.0
0.1,459,sequence_permutation_preserve_city_year_counts,0.04579995674057474,-0.42053247491339174,0.021282455000941652,0.0
0.1,460,sequence_permutation_preserve_city_year_counts,0.0437984641976425,0.13724170910276076,0.021282455000941652,0.0
0.1,461,sequence_permutation_preserve_city_year_counts,0.04254871928511653,0.18335597028698128,0.021282455000941652,0.0
0.1,462,sequence_permutation_preserve_city_year_counts,0.044843123590279414,-0.20688475220376626,0.021282455000941652,0.0
0.1,463,sequence_permutation_preserve_city_year_counts,0.04951864545019204,-0.12773705001557145,0.021282455000941652,0.0
0.1,464,sequence_permutation_preserve_city_year_counts,0.03983862763714602,0.33126280942498576,0.021282455000941652,0.0
0.1,465,sequence_permutation_preserve_city_year_counts,0.04151191109643085,-0.05990049479091464,0.021282455000941652,0.0
0.1,466,sequence_permutation_preserve_city_year_counts,0.046396394675103064,0.19909084038448333,0.021282455000941652,0.0
0.1,467,sequence_permutation_preserve_city_year_counts,0.041049540297459795,0.5969840448421317,0.021282455000941652,0.0
0.1,468,sequence_permutation_preserve_city_year_counts,0.049764452204014833,-0.2705223570155535,0.021282455000941652,0.0
0.1,469,sequence_permutation_preserve_city_year_counts,0.04587439287221435,-0.22480921987609073,0.021282455000941652,0.0
0.1,470,sequence_permutation_preserve_city_year_counts,0.04665300230620314,0.3626225098610645,0.021282455000941652,0.0
0.1,471,sequence_permutation_preserve_city_year_counts,0.044823207869119135,0.5575272603585013,0.021282455000941652,0.0
0.1,472,sequence_permutation_preserve_city_year_counts,0.04796679121201988,0.562692047178317,0.021282455000941652,0.0
0.1,473,sequence_permutation_preserve_city_year_counts,0.04420176581007708,-0.18583567716015736,0.021282455000941652,0.0
0.1,474,sequence_permutation_preserve_city_year_counts,0.04388757893788874,-0.1848668220194972,0.021282455000941652,0.0
0.1,475,sequence_permutation_preserve_city_year_counts,0.042519530903507366,0.46156836513475924,0.021282455000941652,0.0
0.1,476,sequence_permutation_preserve_city_year_counts,0.044961170290382005,0.18603585809435894,0.021282455000941652,0.0
0.1,477,sequence_permutation_preserve_city_year_counts,0.047253442123321325,0.4604598784271837,0.021282455000941652,0.0
0.1,478,sequence_permutation_preserve_city_year_counts,0.04428208803315966,-0.13998779114197712,0.021282455000941652,0.0
0.1,479,sequence_permutation_preserve_city_year_counts,0.049781394894546964,-0.418701920247651,0.021282455000941652,0.0
0.1,480,sequence_permutation_preserve_city_year_counts,0.04333432920991517,0.21942000472837767,0.021282455000941652,0.0
0.1,481,sequence_permutation_preserve_city_year_counts,0.04992437494720357,0.016558829981995857,0.021282455000941652,0.0
0.1,482,sequence_permutation_preserve_city_year_counts,0.05085363709264028,0.1492553167533973,0.021282455000941652,0.0
0.1,483,sequence_permutation_preserve_city_year_counts,0.049221564405925254,-0.7359345508183939,0.021282455000941652,0.0
0.1,484,sequence_permutation_preserve_city_year_counts,0.047402418287253265,0.3801526504540064,0.021282455000941652,0.0
0.1,485,sequence_permutation_preserve_city_year_counts,0.04174819063849561,-0.06908608971732844,0.021282455000941652,0.0
0.1,486,sequence_permutation_preserve_city_year_counts,0.048277393626715806,-0.14318589153877398,0.021282455000941652,0.0
0.1,487,sequence_permutation_preserve_city_year_counts,0.044227117606353825,-0.23685955945995185,0.021282455000941652,0.0
0.1,488,sequence_permutation_preserve_city_year_counts,0.045275894106316224,-0.10997834465737027,0.021282455000941652,0.0
0.1,489,sequence_permutation_preserve_city_year_counts,0.05038232132425731,0.4410794837645728,0.021282455000941652,0.0
0.1,490,sequence_permutation_preserve_city_year_counts,0.04409278175667551,0.3974907406771979,0.021282455000941652,0.0
0.1,491,sequence_permutation_preserve_city_year_counts,0.04507739324943855,0.1536711606195327,0.021282455000941652,0.0
0.1,492,sequence_permutation_preserve_city_year_counts,0.046172763756629244,-0.3646148670480587,0.021282455000941652,0.0
0.1,493,sequence_permutation_preserve_city_year_counts,0.04592280314785741,-0.30901181147156004,0.021282455000941652,0.0
0.1,494,sequence_permutation_preserve_city_year_counts,0.04549175604834768,-0.45941359958812994,0.021282455000941652,0.0
0.1,495,sequence_permutation_preserve_city_year_counts,0.04501935780378828,-0.08316699937866921,0.021282455000941652,0.0
0.1,496,sequence_permutation_preserve_city_year_counts,0.04843798405301763,-0.557135323299986,0.021282455000941652,0.0
0.1,497,sequence_permutation_preserve_city_year_counts,0.043464384514661475,0.505063711885646,0.021282455000941652,0.0
0.1,498,sequence_permutation_preserve_city_year_counts,0.04262215831979161,0.1755470304880485,0.021282455000941652,0.0
0.1,499,sequence_permutation_preserve_city_year_counts,0.048715328396816575,0.504672792333105,0.021282455000941652,0.0
0.1,500,sequence_permutation_preserve_city_year_counts,0.046723997170082326,-0.07275369225048077,0.021282455000941652,0.0
0.1,501,sequence_permutation_preserve_city_year_counts,0.04218095875598984,0.33895536145238214,0.021282455000941652,0.0
0.1,502,sequence_permutation_preserve_city_year_counts,0.0461073899551199,0.5733707835674585,0.021282455000941652,0.0
0.1,503,sequence_permutation_preserve_city_year_counts,0.049729193136906116,0.13463178864388795,0.021282455000941652,0.0
0.1,504,sequence_permutation_preserve_city_year_counts,0.043465133579577486,-0.17957255093417288,0.021282455000941652,0.0
0.1,505,sequence_permutation_preserve_city_year_counts,0.04285989999764175,0.06217137157169629,0.021282455000941652,0.0
0.1,506,sequence_permutation_preserve_city_year_counts,0.04485522353979675,0.06252280285520746,0.021282455000941652,0.0
0.1,507,sequence_permutation_preserve_city_year_counts,0.04462001497155737,0.4330382022858049,0.021282455000941652,0.0
0.1,508,sequence_permutation_preserve_city_year_counts,0.0459295954943186,0.20001871814698688,0.021282455000941652,0.0
0.1,509,sequence_permutation_preserve_city_year_counts,0.04349248466121711,0.2902184217405366,0.021282455000941652,0.0
0.1,510,sequence_permutation_preserve_city_year_counts,0.04637346661813477,-0.3660961363047682,0.021282455000941652,0.0
0.1,511,sequence_permutation_preserve_city_year_counts,0.04966084564748937,-0.500041209718845,0.021282455000941652,0.0
0.1,512,sequence_permutation_preserve_city_year_counts,0.046134337588066135,0.5406198297976802,0.021282455000941652,0.0
0.1,513,sequence_permutation_preserve_city_year_counts,0.048544524799505426,0.09947650067528258,0.021282455000941652,0.0
0.1,514,sequence_permutation_preserve_city_year_counts,0.05062055972482294,-0.5896897271558044,0.021282455000941652,0.0
0.1,515,sequence_permutation_preserve_city_year_counts,0.044863525021828894,-0.26600513561037825,0.021282455000941652,0.0
0.1,516,sequence_permutation_preserve_city_year_counts,0.04578324285559211,-0.42157140074467253,0.021282455000941652,0.0
0.1,517,sequence_permutation_preserve_city_year_counts,0.043114281865010186,0.04959156319144734,0.021282455000941652,0.0
0.1,518,sequence_permutation_preserve_city_year_counts,0.04523829668705951,-0.20405358876471244,0.021282455000941652,0.0
0.1,519,sequence_permutation_preserve_city_year_counts,0.0462633580127448,0.2827437328168306,0.021282455000941652,0.0
0.1,520,sequence_permutation_preserve_city_year_counts,0.04565478141628749,-0.04864189138188189,0.021282455000941652,0.0
0.1,521,sequence_permutation_preserve_city_year_counts,0.041734761559731014,0.18864693869005264,0.021282455000941652,0.0
0.1,522,sequence_permutation_preserve_city_year_counts,0.045534747764076226,-0.01962279981559398,0.021282455000941652,0.0
0.1,523,sequence_permutation_preserve_city_year_counts,0.044143654470339605,-0.17563705678241953,0.021282455000941652,0.0
0.1,524,sequence_permutation_preserve_city_year_counts,0.04431280942227059,-0.3499197664336966,0.021282455000941652,0.0
0.1,525,sequence_permutation_preserve_city_year_counts,0.04936186435891024,-0.5164819213535657,0.021282455000941652,0.0
0.1,526,sequence_permutation_preserve_city_year_counts,0.044825737465965895,0.037432242088130376,0.021282455000941652,0.0
0.1,527,sequence_permutation_preserve_city_year_counts,0.0456995957421564,-0.1954999026916935,0.021282455000941652,0.0
0.1,528,sequence_permutation_preserve_city_year_counts,0.05153205966261217,-0.45075781548938015,0.021282455000941652,0.0
0.1,529,sequence_permutation_preserve_city_year_counts,0.04086737756455251,-0.26026826656529106,0.021282455000941652,0.0
0.1,530,sequence_permutation_preserve_city_year_counts,0.047876788385279485,-0.4016290431371428,0.021282455000941652,0.0
0.1,531,sequence_permutation_preserve_city_year_counts,0.047857031617139584,-0.3550783641764255,0.021282455000941652,0.0
0.1,532,sequence_permutation_preserve_city_year_counts,0.04112849529760404,-0.13642914980425855,0.021282455000941652,0.0
0.1,533,sequence_permutation_preserve_city_year_counts,0.04432855750845151,-0.13078078973248294,0.021282455000941652,0.0
0.1,534,sequence_permutation_preserve_city_year_counts,0.04915901275785923,-0.14293951585695858,0.021282455000941652,0.0
0.1,535,sequence_permutation_preserve_city_year_counts,0.04813632587250626,0.12490745149573122,0.021282455000941652,0.0
0.1,536,sequence_permutation_preserve_city_year_counts,0.03891249668252112,0.08657376237548757,0.021282455000941652,0.0
0.1,537,sequence_permutation_preserve_city_year_counts,0.04459432394750075,0.08381570074289905,0.021282455000941652,0.0
0.1,538,sequence_permutation_preserve_city_year_counts,0.047395624374091117,-0.5260439307690498,0.021282455000941652,0.0
0.1,539,sequence_permutation_preserve_city_year_counts,0.04221459793707959,-0.418333517448652,0.021282455000941652,0.0
0.1,540,sequence_permutation_preserve_city_year_counts,0.04392233646992497,-0.36279450519918577,0.021282455000941652,0.0
0.1,541,sequence_permutation_preserve_city_year_counts,0.046570439604081984,-0.2541957787271198,0.021282455000941652,0.0
0.1,542,sequence_permutation_preserve_city_year_counts,0.04131446014616994,-0.08251013348254264,0.021282455000941652,0.0
0.1,543,sequence_permutation_preserve_city_year_counts,0.0463381729457547,0.31174864927104334,0.021282455000941652,0.0
0.1,544,sequence_permutation_preserve_city_year_counts,0.045616909684846996,0.10832889110893759,0.021282455000941652,0.0
0.1,545,sequence_permutation_preserve_city_year_counts,0.043581141147248634,0.08769759177085402,0.021282455000941652,0.0
0.1,546,sequence_permutation_preserve_city_year_counts,0.046849371960635385,-0.30127437414825736,0.021282455000941652,0.0
0.1,547,sequence_permutation_preserve_city_year_counts,0.042089876836624254,-0.055769285105742354,0.021282455000941652,0.0
0.1,548,sequence_permutation_preserve_city_year_counts,0.040099865935316344,0.06819786447260534,0.021282455000941652,0.0
0.1,549,sequence_permutation_preserve_city_year_counts,0.044662932238118624,0.051733153683971876,0.021282455000941652,0.0
0.1,550,sequence_permutation_preserve_city_year_counts,0.043030838203910064,-0.18728713041258316,0.021282455000941652,0.0
0.1,551,sequence_permutation_preserve_city_year_counts,0.04669146574247514,-0.4232795269452737,0.021282455000941652,0.0
0.1,552,sequence_permutation_preserve_city_year_counts,0.04337324909302029,0.21366962358633573,0.021282455000941652,0.0
0.1,553,sequence_permutation_preserve_city_year_counts,0.041729245108712856,0.272973244994996,0.021282455000941652,0.0
0.1,554,sequence_permutation_preserve_city_year_counts,0.044827445758462404,-0.34503926358043163,0.021282455000941652,0.0
0.1,555,sequence_permutation_preserve_city_year_counts,0.043509592272164214,-0.022301659449481658,0.021282455000941652,0.0
0.1,556,sequence_permutation_preserve_city_year_counts,0.04479911181008761,0.08187683484889367,0.021282455000941652,0.0
0.1,557,sequence_permutation_preserve_city_year_counts,0.03901563038906823,0.14393167683524957,0.021282455000941652,0.0
0.1,558,sequence_permutation_preserve_city_year_counts,0.0415626701958344,0.49547738137866837,0.021282455000941652,0.0
0.1,559,sequence_permutation_preserve_city_year_counts,0.04610551499130048,-0.01142591427395994,0.021282455000941652,0.0
0.1,560,sequence_permutation_preserve_city_year_counts,0.04644441615215676,-0.31878197636947303,0.021282455000941652,0.0
0.1,561,sequence_permutation_preserve_city_year_counts,0.044001003369398946,-0.27406585621076984,0.021282455000941652,0.0
0.1,562,sequence_permutation_preserve_city_year_counts,0.04463633856112224,-0.5026453206550556,0.021282455000941652,0.0
0.1,563,sequence_permutation_preserve_city_year_counts,0.045678059344624364,-0.31693193837314654,0.021282455000941652,0.0
0.1,564,sequence_permutation_preserve_city_year_counts,0.04364807736763107,-0.10027987379725264,0.021282455000941652,0.0
0.1,565,sequence_permutation_preserve_city_year_counts,0.04845337485294728,-0.0577715557778473,0.021282455000941652,0.0
0.1,566,sequence_permutation_preserve_city_year_counts,0.0410685680913974,-0.04947627382984348,0.021282455000941652,0.0
0.1,567,sequence_permutation_preserve_city_year_counts,0.0459245529241923,0.48750995205910846,0.021282455000941652,0.0
0.1,568,sequence_permutation_preserve_city_year_counts,0.04954629881512874,-0.4243970318858928,0.021282455000941652,0.0
0.1,569,sequence_permutation_preserve_city_year_counts,0.04456594927035236,-0.3656482479222841,0.021282455000941652,0.0
0.1,570,sequence_permutation_preserve_city_year_counts,0.047396545366272684,-0.18629323661108724,0.021282455000941652,0.0
0.1,571,sequence_permutation_preserve_city_year_counts,0.04629670027111126,-0.5577788907153152,0.021282455000941652,0.0
0.1,572,sequence_permutation_preserve_city_year_counts,0.0436927676495689,-0.3262861396579742,0.021282455000941652,0.0
0.1,573,sequence_permutation_preserve_city_year_counts,0.04924588776342829,-0.3865571505482359,0.021282455000941652,0.0
0.1,574,sequence_permutation_preserve_city_year_counts,0.04590493407514077,-0.37994940092129587,0.021282455000941652,0.0
0.1,575,sequence_permutation_preserve_city_year_counts,0.04467369581521994,0.34923700306152494,0.021282455000941652,0.0
0.1,576,sequence_permutation_preserve_city_year_counts,0.04194607429473998,0.3221601693012773,0.021282455000941652,0.0
0.1,577,sequence_permutation_preserve_city_year_counts,0.04665924924733986,-0.3551852228818954,0.021282455000941652,0.0
0.1,578,sequence_permutation_preserve_city_year_counts,0.046952234853667583,-0.38523266289468067,0.021282455000941652,0.0
0.1,579,sequence_permutation_preserve_city_year_counts,0.04966863012604733,-0.17422308806216377,0.021282455000941652,0.0
0.1,580,sequence_permutation_preserve_city_year_counts,0.04659516665123899,-0.3121379732166215,0.021282455000941652,0.0
0.1,581,sequence_permutation_preserve_city_year_counts,0.04977959464723889,-0.11358624803189861,0.021282455000941652,0.0
0.1,582,sequence_permutation_preserve_city_year_counts,0.03968719688441564,0.5722947327668575,0.021282455000941652,0.0
0.1,583,sequence_permutation_preserve_city_year_counts,0.0505316736751783,-0.04306082517642829,0.021282455000941652,0.0
0.1,584,sequence_permutation_preserve_city_year_counts,0.04706467869085895,0.41969499086329703,0.021282455000941652,0.0
0.1,585,sequence_permutation_preserve_city_year_counts,0.04124495713771242,0.2941911594206353,0.021282455000941652,0.0
0.1,586,sequence_permutation_preserve_city_year_counts,0.04585287693233576,0.49058536343809517,0.021282455000941652,0.0
0.1,587,sequence_permutation_preserve_city_year_counts,0.04726617465319717,-0.5202009105242104,0.021282455000941652,0.0
0.1,588,sequence_permutation_preserve_city_year_counts,0.044419186802594116,0.2386579581276138,0.021282455000941652,0.0
0.1,589,sequence_permutation_preserve_city_year_counts,0.04295428823286789,0.30989040532102935,0.021282455000941652,0.0
0.1,590,sequence_permutation_preserve_city_year_counts,0.04547261788351455,0.2304347510773696,0.021282455000941652,0.0
0.1,591,sequence_permutation_preserve_city_year_counts,0.048563784445560323,0.3156184322802294,0.021282455000941652,0.0
0.1,592,sequence_permutation_preserve_city_year_counts,0.043965628930690955,-0.2551575738568258,0.021282455000941652,0.0
0.1,593,sequence_permutation_preserve_city_year_counts,0.043611468159391924,0.11493207913136924,0.021282455000941652,0.0
0.1,594,sequence_permutation_preserve_city_year_counts,0.04575328631866024,-0.2166723709119186,0.021282455000941652,0.0
0.1,595,sequence_permutation_preserve_city_year_counts,0.04372346932672514,0.321018966841424,0.021282455000941652,0.0
0.1,596,sequence_permutation_preserve_city_year_counts,0.04494749685231464,0.3023306297916396,0.021282455000941652,0.0
0.1,597,sequence_permutation_preserve_city_year_counts,0.04615209262244034,-0.43645753189163805,0.021282455000941652,0.0
0.1,598,sequence_permutation_preserve_city_year_counts,0.046827958137976945,-0.4096109968049373,0.021282455000941652,0.0
0.1,599,sequence_permutation_preserve_city_year_counts,0.044466111124057135,-0.2656617350734718,0.021282455000941652,0.0
0.1,600,sequence_permutation_preserve_city_year_counts,0.048760115763340016,-0.0763661202747303,0.021282455000941652,0.0
0.1,601,sequence_permutation_preserve_city_year_counts,0.044366153285264213,0.45115137070505695,0.021282455000941652,0.0
0.1,602,sequence_permutation_preserve_city_year_counts,0.04127130492415444,0.08992178729728535,0.021282455000941652,0.0
0.1,603,sequence_permutation_preserve_city_year_counts,0.04926877934244329,0.0476848441222633,0.021282455000941652,0.0
0.1,604,sequence_permutation_preserve_city_year_counts,0.04319284741006403,-0.0998950057648869,0.021282455000941652,0.0
0.1,605,sequence_permutation_preserve_city_year_counts,0.05025898764816328,0.26494764820718997,0.021282455000941652,0.0
0.1,606,sequence_permutation_preserve_city_year_counts,0.04399269546707092,-0.05956852300396576,0.021282455000941652,0.0
0.1,607,sequence_permutation_preserve_city_year_counts,0.047405544867884404,0.25274879042566745,0.021282455000941652,0.0
0.1,608,sequence_permutation_preserve_city_year_counts,0.0471208895634453,-0.4263312284465122,0.021282455000941652,0.0
0.1,609,sequence_permutation_preserve_city_year_counts,0.04774810176063235,-0.013165278588162882,0.021282455000941652,0.0
0.1,610,sequence_permutation_preserve_city_year_counts,0.048999847968805486,-0.18446672758516272,0.021282455000941652,0.0
0.1,611,sequence_permutation_preserve_city_year_counts,0.04930540794362989,0.2421051553003801,0.021282455000941652,0.0
0.1,612,sequence_permutation_preserve_city_year_counts,0.046106751967022436,0.5273173780520555,0.021282455000941652,0.0
0.1,613,sequence_permutation_preserve_city_year_counts,0.044715378832465055,-0.23205541415719766,0.021282455000941652,0.0
0.1,614,sequence_permutation_preserve_city_year_counts,0.04562029105884206,0.4419928802746909,0.021282455000941652,0.0
0.1,615,sequence_permutation_preserve_city_year_counts,0.04029393258642269,0.30036677071769974,0.021282455000941652,0.0
0.1,616,sequence_permutation_preserve_city_year_counts,0.04405016717887318,0.7291056619277034,0.021282455000941652,0.0
0.1,617,sequence_permutation_preserve_city_year_counts,0.0438542507137394,-0.20406382133905954,0.021282455000941652,0.0
0.1,618,sequence_permutation_preserve_city_year_counts,0.047663125962260716,0.3015651601634497,0.021282455000941652,0.0
0.1,619,sequence_permutation_preserve_city_year_counts,0.04493839171504677,0.3957151484034414,0.021282455000941652,0.0
0.1,620,sequence_permutation_preserve_city_year_counts,0.04532333290755888,0.2454160106536179,0.021282455000941652,0.0
0.1,621,sequence_permutation_preserve_city_year_counts,0.04889094417592792,-0.31467022294351576,0.021282455000941652,0.0
0.1,622,sequence_permutation_preserve_city_year_counts,0.043571964283453765,-0.6517909703714843,0.021282455000941652,0.0
0.1,623,sequence_permutation_preserve_city_year_counts,0.041242848583925205,0.14464542785359868,0.021282455000941652,0.0
0.1,624,sequence_permutation_preserve_city_year_counts,0.045876723253053656,0.1246895393451729,0.021282455000941652,0.0
0.1,625,sequence_permutation_preserve_city_year_counts,0.048006479712398485,-0.044120800525240686,0.021282455000941652,0.0
0.1,626,sequence_permutation_preserve_city_year_counts,0.04130279260442591,-0.05763232106416707,0.021282455000941652,0.0
0.1,627,sequence_permutation_preserve_city_year_counts,0.04383131955852687,-0.21671661198969505,0.021282455000941652,0.0
0.1,628,sequence_permutation_preserve_city_year_counts,0.04580399633841804,-0.39467898442358496,0.021282455000941652,0.0
0.1,629,sequence_permutation_preserve_city_year_counts,0.04648332584308703,0.022623810321909927,0.021282455000941652,0.0
0.1,630,sequence_permutation_preserve_city_year_counts,0.04515536373234052,0.11529580510418838,0.021282455000941652,0.0
0.1,631,sequence_permutation_preserve_city_year_counts,0.047451922801328546,0.23235271823474482,0.021282455000941652,0.0
0.1,632,sequence_permutation_preserve_city_year_counts,0.04685752970341855,-0.2519765603906113,0.021282455000941652,0.0
0.1,633,sequence_permutation_preserve_city_year_counts,0.04508126837576918,-0.2786969798717775,0.021282455000941652,0.0
0.1,634,sequence_permutation_preserve_city_year_counts,0.04507062106958519,-0.14114290178961825,0.021282455000941652,0.0
0.1,635,sequence_permutation_preserve_city_year_counts,0.0464168901131996,0.3637001099319324,0.021282455000941652,0.0
0.1,636,sequence_permutation_preserve_city_year_counts,0.046019437116938906,-0.5127002074766106,0.021282455000941652,0.0
0.1,637,sequence_permutation_preserve_city_year_counts,0.047067320568176745,-0.23902589016464568,0.021282455000941652,0.0
0.1,638,sequence_permutation_preserve_city_year_counts,0.04418911648118531,0.2519995595209302,0.021282455000941652,0.0
0.1,639,sequence_permutation_preserve_city_year_counts,0.04413134006287758,0.4498736893529389,0.021282455000941652,0.0
0.1,640,sequence_permutation_preserve_city_year_counts,0.04465186396679461,0.2848062235624118,0.021282455000941652,0.0
0.1,641,sequence_permutation_preserve_city_year_counts,0.04826192329016514,-0.6579060752354527,0.021282455000941652,0.0
0.1,642,sequence_permutation_preserve_city_year_counts,0.043948442159333745,0.7204157949533999,0.021282455000941652,0.0
0.1,643,sequence_permutation_preserve_city_year_counts,0.04679366334969538,-0.5967399045909035,0.021282455000941652,0.0
0.1,644,sequence_permutation_preserve_city_year_counts,0.04361292427010505,0.5127240111642196,0.021282455000941652,0.0
0.1,645,sequence_permutation_preserve_city_year_counts,0.05039448066332079,-0.4310578872305564,0.021282455000941652,0.0
0.1,646,sequence_permutation_preserve_city_year_counts,0.046243065494841314,0.37733897503672437,0.021282455000941652,0.0
0.1,647,sequence_permutation_preserve_city_year_counts,0.046618087940587735,-0.5719050418164285,0.021282455000941652,0.0
0.1,648,sequence_permutation_preserve_city_year_counts,0.04301508437583464,0.022475075648654037,0.021282455000941652,0.0
0.1,649,sequence_permutation_preserve_city_year_counts,0.03990575059486342,0.1160247895345263,0.021282455000941652,0.0
0.1,650,sequence_permutation_preserve_city_year_counts,0.047605661104825635,0.13188461767201864,0.021282455000941652,0.0
0.1,651,sequence_permutation_preserve_city_year_counts,0.04880347759914707,-0.2319205948911207,0.021282455000941652,0.0
0.1,652,sequence_permutation_preserve_city_year_counts,0.04870199977171752,0.22332067809806333,0.021282455000941652,0.0
0.1,653,sequence_permutation_preserve_city_year_counts,0.04698304652223152,-0.21266695336248892,0.021282455000941652,0.0
0.1,654,sequence_permutation_preserve_city_year_counts,0.04473468083497392,-0.4299626702986053,0.021282455000941652,0.0
0.1,655,sequence_permutation_preserve_city_year_counts,0.044487478792459415,-0.24043933305276105,0.021282455000941652,0.0
0.1,656,sequence_permutation_preserve_city_year_counts,0.04351260664610138,0.013855318940161367,0.021282455000941652,0.0
0.1,657,sequence_permutation_preserve_city_year_counts,0.04565986616146764,-0.2538352369935706,0.021282455000941652,0.0
0.1,658,sequence_permutation_preserve_city_year_counts,0.04604307624757843,-0.07809112775676091,0.021282455000941652,0.0
0.1,659,sequence_permutation_preserve_city_year_counts,0.04728265389841744,-0.3305901227957239,0.021282455000941652,0.0
0.1,660,sequence_permutation_preserve_city_year_counts,0.04396685354601902,0.010317925210689622,0.021282455000941652,0.0
0.1,661,sequence_permutation_preserve_city_year_counts,0.04544254299167268,0.516134134264891,0.021282455000941652,0.0
0.1,662,sequence_permutation_preserve_city_year_counts,0.04255870736555528,0.00739133761123512,0.021282455000941652,0.0
0.1,663,sequence_permutation_preserve_city_year_counts,0.044408019348427225,0.04573391296927635,0.021282455000941652,0.0
0.1,664,sequence_permutation_preserve_city_year_counts,0.041112187763925154,0.17420418476183216,0.021282455000941652,0.0
0.1,665,sequence_permutation_preserve_city_year_counts,0.04327103200001132,-0.10115119320303974,0.021282455000941652,0.0
0.1,666,sequence_permutation_preserve_city_year_counts,0.044995751047575784,0.08074744977341303,0.021282455000941652,0.0
0.1,667,sequence_permutation_preserve_city_year_counts,0.04451429980210375,0.37921997662580037,0.021282455000941652,0.0
0.1,668,sequence_permutation_preserve_city_year_counts,0.045672683920367926,-0.18409943123094194,0.021282455000941652,0.0
0.1,669,sequence_permutation_preserve_city_year_counts,0.04549684599966719,0.025717017980165076,0.021282455000941652,0.0
0.1,670,sequence_permutation_preserve_city_year_counts,0.04819977591696193,-0.08372808754771018,0.021282455000941652,0.0
0.1,671,sequence_permutation_preserve_city_year_counts,0.04857582515988459,-0.6350626747015198,0.021282455000941652,0.0
0.1,672,sequence_permutation_preserve_city_year_counts,0.042673124656105586,-0.029642000188281194,0.021282455000941652,0.0
0.1,673,sequence_permutation_preserve_city_year_counts,0.04190083084049611,-0.5804748671164894,0.021282455000941652,0.0
0.1,674,sequence_permutation_preserve_city_year_counts,0.04629290239478477,0.11585562797185095,0.021282455000941652,0.0
0.1,675,sequence_permutation_preserve_city_year_counts,0.048619746980071536,-0.4747949192445026,0.021282455000941652,0.0
0.1,676,sequence_permutation_preserve_city_year_counts,0.0467471149499484,0.17379409487213995,0.021282455000941652,0.0
0.1,677,sequence_permutation_preserve_city_year_counts,0.04346694863681574,0.4096188091884538,0.021282455000941652,0.0
0.1,678,sequence_permutation_preserve_city_year_counts,0.04592404927079121,-0.2488865002401896,0.021282455000941652,0.0
0.1,679,sequence_permutation_preserve_city_year_counts,0.04466676155772222,0.06345111866729204,0.021282455000941652,0.0
0.1,680,sequence_permutation_preserve_city_year_counts,0.04606137180751432,0.10122998115553831,0.021282455000941652,0.0
0.1,681,sequence_permutation_preserve_city_year_counts,0.04581167482471657,-0.17481485265234029,0.021282455000941652,0.0
0.1,682,sequence_permutation_preserve_city_year_counts,0.043122443352322556,0.05191928239984998,0.021282455000941652,0.0
0.1,683,sequence_permutation_preserve_city_year_counts,0.03978401775751301,0.16980501308037954,0.021282455000941652,0.0
0.1,684,sequence_permutation_preserve_city_year_counts,0.0480497244941205,-0.41799451504062907,0.021282455000941652,0.0
0.1,685,sequence_permutation_preserve_city_year_counts,0.045800858455752484,-0.3625367219193441,0.021282455000941652,0.0
0.1,686,sequence_permutation_preserve_city_year_counts,0.04070137416333813,-0.1898993902472614,0.021282455000941652,0.0
0.1,687,sequence_permutation_preserve_city_year_counts,0.042912309510491096,-0.18414016913632797,0.021282455000941652,0.0
0.1,688,sequence_permutation_preserve_city_year_counts,0.04561891517116593,-0.4362608867216854,0.021282455000941652,0.0
0.1,689,sequence_permutation_preserve_city_year_counts,0.041402205209584805,0.2816170985360935,0.021282455000941652,0.0
0.1,690,sequence_permutation_preserve_city_year_counts,0.041251386290338955,-0.16816498894152107,0.021282455000941652,0.0
0.1,691,sequence_permutation_preserve_city_year_counts,0.04064144689239471,0.13189383759616993,0.021282455000941652,0.0
0.1,692,sequence_permutation_preserve_city_year_counts,0.04498556315373858,-0.27121376315710943,0.021282455000941652,0.0
0.1,693,sequence_permutation_preserve_city_year_counts,0.04612032393778371,-0.444026751989343,0.021282455000941652,0.0
0.1,694,sequence_permutation_preserve_city_year_counts,0.05132222199600889,-0.5849774338966048,0.021282455000941652,0.0
0.1,695,sequence_permutation_preserve_city_year_counts,0.04342024419303192,0.49276289999789274,0.021282455000941652,0.0
0.1,696,sequence_permutation_preserve_city_year_counts,0.046837895026782345,-0.16741384398391193,0.021282455000941652,0.0
0.1,697,sequence_permutation_preserve_city_year_counts,0.046519340872413675,-0.5737518809425208,0.021282455000941652,0.0
0.1,698,sequence_permutation_preserve_city_year_counts,0.04308540338420385,-0.24924765547546512,0.021282455000941652,0.0
0.1,699,sequence_permutation_preserve_city_year_counts,0.04427519664508505,0.33354073901235387,0.021282455000941652,0.0
0.1,700,sequence_permutation_preserve_city_year_counts,0.04386932395190937,0.14790471592367288,0.021282455000941652,0.0
0.1,701,sequence_permutation_preserve_city_year_counts,0.04421749926762086,0.22520330157454763,0.021282455000941652,0.0
0.1,702,sequence_permutation_preserve_city_year_counts,0.045736454411705194,0.3683471399935436,0.021282455000941652,0.0
0.1,703,sequence_permutation_preserve_city_year_counts,0.04594194378088286,-0.6721965676517752,0.021282455000941652,0.0
0.1,704,sequence_permutation_preserve_city_year_counts,0.044828728378672,-0.192013935889791,0.021282455000941652,0.0
0.1,705,sequence_permutation_preserve_city_year_counts,0.045998093974687515,-0.380651073791879,0.021282455000941652,0.0
0.1,706,sequence_permutation_preserve_city_year_counts,0.04404072890233912,-0.44656683414702053,0.021282455000941652,0.0
0.1,707,sequence_permutation_preserve_city_year_counts,0.043110140918962814,-0.7090251965975638,0.021282455000941652,0.0
0.1,708,sequence_permutation_preserve_city_year_counts,0.04325856739086615,-0.2664782000997094,0.021282455000941652,0.0
0.1,709,sequence_permutation_preserve_city_year_counts,0.04944734450535422,-0.06978747631350099,0.021282455000941652,0.0
0.1,710,sequence_permutation_preserve_city_year_counts,0.0446390824125893,0.38054146301704234,0.021282455000941652,0.0
0.1,711,sequence_permutation_preserve_city_year_counts,0.046103771870206305,0.04853615350649435,0.021282455000941652,0.0
0.1,712,sequence_permutation_preserve_city_year_counts,0.04625013603376806,0.02127803908482019,0.021282455000941652,0.0
0.1,713,sequence_permutation_preserve_city_year_counts,0.047892587171592935,-0.6144973033102709,0.021282455000941652,0.0
0.1,714,sequence_permutation_preserve_city_year_counts,0.043142802173628716,-0.1335889242164108,0.021282455000941652,0.0
0.1,715,sequence_permutation_preserve_city_year_counts,0.04362882177947135,-0.3322283910418368,0.021282455000941652,0.0
0.1,716,sequence_permutation_preserve_city_year_counts,0.044976579830292296,-0.2993152150963011,0.021282455000941652,0.0
0.1,717,sequence_permutation_preserve_city_year_counts,0.04437315759948933,-0.03431522546023157,0.021282455000941652,0.0
0.1,718,sequence_permutation_preserve_city_year_counts,0.042719778471860405,0.08478595183845854,0.021282455000941652,0.0
0.1,719,sequence_permutation_preserve_city_year_counts,0.04260644405614175,-0.19051880563472953,0.021282455000941652,0.0
0.1,720,sequence_permutation_preserve_city_year_counts,0.04879046671971968,-0.05837366713774951,0.021282455000941652,0.0
0.1,721,sequence_permutation_preserve_city_year_counts,0.045856328070519536,-0.35055724660244375,0.021282455000941652,0.0
0.1,722,sequence_permutation_preserve_city_year_counts,0.04422221569386037,-0.21426227502427644,0.021282455000941652,0.0
0.1,723,sequence_permutation_preserve_city_year_counts,0.04968832169253609,-0.39124754735097117,0.021282455000941652,0.0
0.1,724,sequence_permutation_preserve_city_year_counts,0.043733523529402116,0.2730705245219904,0.021282455000941652,0.0
0.1,725,sequence_permutation_preserve_city_year_counts,0.042831648230493166,0.4994439351068602,0.021282455000941652,0.0
0.1,726,sequence_permutation_preserve_city_year_counts,0.039114193357378084,-0.32542480009448255,0.021282455000941652,0.0
0.1,727,sequence_permutation_preserve_city_year_counts,0.04689442622538498,-0.29446050417267533,0.021282455000941652,0.0
0.1,728,sequence_permutation_preserve_city_year_counts,0.04201683770915795,-0.4548781853758973,0.021282455000941652,0.0
0.1,729,sequence_permutation_preserve_city_year_counts,0.04180846550320925,0.32899541529365195,0.021282455000941652,0.0
0.1,730,sequence_permutation_preserve_city_year_counts,0.047929037931880636,-0.5382177463284639,0.021282455000941652,0.0
0.1,731,sequence_permutation_preserve_city_year_counts,0.04552219962612639,0.16987423682983724,0.021282455000941652,0.0
0.1,732,sequence_permutation_preserve_city_year_counts,0.04759521251301403,-0.4064965456918332,0.021282455000941652,0.0
0.1,733,sequence_permutation_preserve_city_year_counts,0.04513671190971611,0.1536575505053556,0.021282455000941652,0.0
0.1,734,sequence_permutation_preserve_city_year_counts,0.041863798467061085,0.1391639113437075,0.021282455000941652,0.0
0.1,735,sequence_permutation_preserve_city_year_counts,0.04424528309242108,0.009433954085088337,0.021282455000941652,0.0
0.1,736,sequence_permutation_preserve_city_year_counts,0.04646572133777514,-0.03327736108866696,0.021282455000941652,0.0
0.1,737,sequence_permutation_preserve_city_year_counts,0.04199509672673668,-0.0009026330758240692,0.021282455000941652,0.0
0.1,738,sequence_permutation_preserve_city_year_counts,0.04303166917824054,0.0808218871728128,0.021282455000941652,0.0
0.1,739,sequence_permutation_preserve_city_year_counts,0.04704854049728253,0.03602184241254763,0.021282455000941652,0.0
0.1,740,sequence_permutation_preserve_city_year_counts,0.047497277141308476,-0.23855328032183937,0.021282455000941652,0.0
0.1,741,sequence_permutation_preserve_city_year_counts,0.047441827551733214,-0.053215593401590204,0.021282455000941652,0.0
0.1,742,sequence_permutation_preserve_city_year_counts,0.043325150983811705,-0.25434028975890355,0.021282455000941652,0.0
0.1,743,sequence_permutation_preserve_city_year_counts,0.047903970487476834,-0.16680393064784957,0.021282455000941652,0.0
0.1,744,sequence_permutation_preserve_city_year_counts,0.04776021089650421,-0.05230790341838028,0.021282455000941652,0.0
0.1,745,sequence_permutation_preserve_city_year_counts,0.044951707419515964,-0.41895892192537215,0.021282455000941652,0.0
0.1,746,sequence_permutation_preserve_city_year_counts,0.04782207823157223,0.026382988078251013,0.021282455000941652,0.0
0.1,747,sequence_permutation_preserve_city_year_counts,0.043829770333224966,-0.2317158940371358,0.021282455000941652,0.0
0.1,748,sequence_permutation_preserve_city_year_counts,0.044268294487809515,0.1193544089725963,0.021282455000941652,0.0
0.1,749,sequence_permutation_preserve_city_year_counts,0.0498672197383514,0.5359439506312458,0.021282455000941652,0.0
0.1,750,sequence_permutation_preserve_city_year_counts,0.043206654031840416,0.31834864010602937,0.021282455000941652,0.0
0.1,751,sequence_permutation_preserve_city_year_counts,0.04683195467119345,0.12602366456727812,0.021282455000941652,0.0
0.1,752,sequence_permutation_preserve_city_year_counts,0.03984124699004708,0.5111981019897474,0.021282455000941652,0.0
0.1,753,sequence_permutation_preserve_city_year_counts,0.04663879135331226,0.20387344169618227,0.021282455000941652,0.0
0.1,754,sequence_permutation_preserve_city_year_counts,0.04577244192459614,-0.49131853900535954,0.021282455000941652,0.0
0.1,755,sequence_permutation_preserve_city_year_counts,0.04238111055409487,-0.4846436827399061,0.021282455000941652,0.0
0.1,756,sequence_permutation_preserve_city_year_counts,0.044814439748961786,-0.124654268855517,0.021282455000941652,0.0
0.1,757,sequence_permutation_preserve_city_year_counts,0.0413720090828317,0.29266754745158435,0.021282455000941652,0.0
0.1,758,sequence_permutation_preserve_city_year_counts,0.04371416962579289,0.09919947991746395,0.021282455000941652,0.0
0.1,759,sequence_permutation_preserve_city_year_counts,0.04249558515671927,0.5593815699895055,0.021282455000941652,0.0
0.1,760,sequence_permutation_preserve_city_year_counts,0.04470749769640185,0.32445315735331676,0.021282455000941652,0.0
0.1,761,sequence_permutation_preserve_city_year_counts,0.045192701152168085,0.1431755462901361,0.021282455000941652,0.0
0.1,762,sequence_permutation_preserve_city_year_counts,0.04339654308345333,0.2731628383650778,0.021282455000941652,0.0
0.1,763,sequence_permutation_preserve_city_year_counts,0.04106790072657939,0.34346674606320604,0.021282455000941652,0.0
0.1,764,sequence_permutation_preserve_city_year_counts,0.04630795189679126,-0.03597643207631999,0.021282455000941652,0.0
0.1,765,sequence_permutation_preserve_city_year_counts,0.045764378379325635,-0.049331891194337965,0.021282455000941652,0.0
0.1,766,sequence_permutation_preserve_city_year_counts,0.04211557592735083,0.036294645848455376,0.021282455000941652,0.0
0.1,767,sequence_permutation_preserve_city_year_counts,0.05088150645931265,0.05352033833536024,0.021282455000941652,0.0
0.1,768,sequence_permutation_preserve_city_year_counts,0.04688495132658132,-0.1847619660494089,0.021282455000941652,0.0
0.1,769,sequence_permutation_preserve_city_year_counts,0.04741140437860306,-0.38305102808248154,0.021282455000941652,0.0
0.1,770,sequence_permutation_preserve_city_year_counts,0.04622309782783213,0.0677760811612788,0.021282455000941652,0.0
0.1,771,sequence_permutation_preserve_city_year_counts,0.044718164830885004,0.21171218111389803,0.021282455000941652,0.0
0.1,772,sequence_permutation_preserve_city_year_counts,0.042406762088415234,-0.1240577369059559,0.021282455000941652,0.0
0.1,773,sequence_permutation_preserve_city_year_counts,0.04441098578375389,-0.5181215881778849,0.021282455000941652,0.0
0.1,774,sequence_permutation_preserve_city_year_counts,0.04406560805864631,0.4014029684949293,0.021282455000941652,0.0
0.1,775,sequence_permutation_preserve_city_year_counts,0.04577297873883455,0.0021764718803923364,0.021282455000941652,0.0
0.1,776,sequence_permutation_preserve_city_year_counts,0.04731936479082304,-0.26045957383154833,0.021282455000941652,0.0
0.1,777,sequence_permutation_preserve_city_year_counts,0.04836362269941058,0.2944729346129839,0.021282455000941652,0.0
0.1,778,sequence_permutation_preserve_city_year_counts,0.04436146399459706,0.6028329137899466,0.021282455000941652,0.0
0.1,779,sequence_permutation_preserve_city_year_counts,0.04626493074801237,-0.43644288199579856,0.021282455000941652,0.0
0.1,780,sequence_permutation_preserve_city_year_counts,0.04457639579132413,-0.11848493260624905,0.021282455000941652,0.0
0.1,781,sequence_permutation_preserve_city_year_counts,0.045543126693053576,-0.12451794414645492,0.021282455000941652,0.0
0.1,782,sequence_permutation_preserve_city_year_counts,0.04992000578281288,-0.36014247278433087,0.021282455000941652,0.0
0.1,783,sequence_permutation_preserve_city_year_counts,0.04678901564293655,0.3189783197487008,0.021282455000941652,0.0
0.1,784,sequence_permutation_preserve_city_year_counts,0.04365090497152558,-0.16031873401289135,0.021282455000941652,0.0
0.1,785,sequence_permutation_preserve_city_year_counts,0.04452645687748895,0.09220527466523182,0.021282455000941652,0.0
0.1,786,sequence_permutation_preserve_city_year_counts,0.04520844011506714,-0.3616546317083511,0.021282455000941652,0.0
0.1,787,sequence_permutation_preserve_city_year_counts,0.04130521329679362,0.1954459817400933,0.021282455000941652,0.0
0.1,788,sequence_permutation_preserve_city_year_counts,0.04655813189227334,-0.4295629292298558,0.021282455000941652,0.0
0.1,789,sequence_permutation_preserve_city_year_counts,0.0464809226122837,0.31165308121657675,0.021282455000941652,0.0
0.1,790,sequence_permutation_preserve_city_year_counts,0.0396066967316184,0.3989429266332747,0.021282455000941652,0.0
0.1,791,sequence_permutation_preserve_city_year_counts,0.04598051388176918,-0.19890958870186426,0.021282455000941652,0.0
0.1,792,sequence_permutation_preserve_city_year_counts,0.04485593395150242,0.5875134017910608,0.021282455000941652,0.0
0.1,793,sequence_permutation_preserve_city_year_counts,0.042631875624303456,-0.056399285413118866,0.021282455000941652,0.0
0.1,794,sequence_permutation_preserve_city_year_counts,0.041823815971487655,0.39081746456112487,0.021282455000941652,0.0
0.1,795,sequence_permutation_preserve_city_year_counts,0.047480886222221894,0.36681042113892204,0.021282455000941652,0.0
0.1,796,sequence_permutation_preserve_city_year_counts,0.04605731166363029,0.46078569908100836,0.021282455000941652,0.0
0.1,797,sequence_permutation_preserve_city_year_counts,0.04844346333695183,-0.1950358551906469,0.021282455000941652,0.0
0.1,798,sequence_permutation_preserve_city_year_counts,0.04352924332699194,0.014455632967092796,0.021282455000941652,0.0
0.1,799,sequence_permutation_preserve_city_year_counts,0.043074695776675054,0.003434394947918861,0.021282455000941652,0.0
0.1,800,sequence_permutation_preserve_city_year_counts,0.046883263743552,0.13908327614975452,0.021282455000941652,0.0
0.1,801,sequence_permutation_preserve_city_year_counts,0.04566785376001113,0.2789996259146194,0.021282455000941652,0.0
0.1,802,sequence_permutation_preserve_city_year_counts,0.03970093416074057,0.2280749696100075,0.021282455000941652,0.0
0.1,803,sequence_permutation_preserve_city_year_counts,0.04592982358097488,-0.2774401159216594,0.021282455000941652,0.0
0.1,804,sequence_permutation_preserve_city_year_counts,0.045302310732486285,0.0657347639362038,0.021282455000941652,0.0
0.1,805,sequence_permutation_preserve_city_year_counts,0.04791073829493996,0.3336278840942752,0.021282455000941652,0.0
0.1,806,sequence_permutation_preserve_city_year_counts,0.04680442034767389,-0.3646488989115793,0.021282455000941652,0.0
0.1,807,sequence_permutation_preserve_city_year_counts,0.04484038235492988,0.27064491445961636,0.021282455000941652,0.0
0.1,808,sequence_permutation_preserve_city_year_counts,0.04079533253307838,0.07280257809112438,0.021282455000941652,0.0
0.1,809,sequence_permutation_preserve_city_year_counts,0.04292578132986722,0.11545257392614969,0.021282455000941652,0.0
0.1,810,sequence_permutation_preserve_city_year_counts,0.04182590201014583,0.11290684782039473,0.021282455000941652,0.0
0.1,811,sequence_permutation_preserve_city_year_counts,0.04724462395588733,0.4315589578349768,0.021282455000941652,0.0
0.1,812,sequence_permutation_preserve_city_year_counts,0.048627186464224675,-0.4651851277733415,0.021282455000941652,0.0
0.1,813,sequence_permutation_preserve_city_year_counts,0.046801497914849714,-0.05534887595058706,0.021282455000941652,0.0
0.1,814,sequence_permutation_preserve_city_year_counts,0.04409998902344476,-0.08843490343630402,0.021282455000941652,0.0
0.1,815,sequence_permutation_preserve_city_year_counts,0.04684366545429317,-0.16459460375951343,0.021282455000941652,0.0
0.1,816,sequence_permutation_preserve_city_year_counts,0.044534990431979796,-0.1788000812668189,0.021282455000941652,0.0
0.1,817,sequence_permutation_preserve_city_year_counts,0.043650186695067074,0.3086525023852788,0.021282455000941652,0.0
0.1,818,sequence_permutation_preserve_city_year_counts,0.045053663430122966,-0.31432398527060734,0.021282455000941652,0.0
0.1,819,sequence_permutation_preserve_city_year_counts,0.046660514302674656,0.4803475235761175,0.021282455000941652,0.0
0.1,820,sequence_permutation_preserve_city_year_counts,0.04375150852727486,-0.1488739951066839,0.021282455000941652,0.0
0.1,821,sequence_permutation_preserve_city_year_counts,0.04119401853984471,0.04184376570756848,0.021282455000941652,0.0
0.1,822,sequence_permutation_preserve_city_year_counts,0.043653736644391254,-0.03741899211871238,0.021282455000941652,0.0
0.1,823,sequence_permutation_preserve_city_year_counts,0.04474657404401317,0.45247244618091603,0.021282455000941652,0.0
0.1,824,sequence_permutation_preserve_city_year_counts,0.0443847618027912,0.05301805791116042,0.021282455000941652,0.0
0.1,825,sequence_permutation_preserve_city_year_counts,0.04451103199257709,-0.16070243288047628,0.021282455000941652,0.0
0.1,826,sequence_permutation_preserve_city_year_counts,0.04516509720228145,0.3254221983319383,0.021282455000941652,0.0
0.1,827,sequence_permutation_preserve_city_year_counts,0.044444680381604276,0.20761186184128136,0.021282455000941652,0.0
0.1,828,sequence_permutation_preserve_city_year_counts,0.044629513959092336,0.4165876240317024,0.021282455000941652,0.0
0.1,829,sequence_permutation_preserve_city_year_counts,0.046456296234643625,0.00408842332996763,0.021282455000941652,0.0
0.1,830,sequence_permutation_preserve_city_year_counts,0.04791498812600326,-0.37754533378693783,0.021282455000941652,0.0
0.1,831,sequence_permutation_preserve_city_year_counts,0.04543007506214731,-0.06160431578486597,0.021282455000941652,0.0
0.1,832,sequence_permutation_preserve_city_year_counts,0.04771431301313018,-0.4354369275699299,0.021282455000941652,0.0
0.1,833,sequence_permutation_preserve_city_year_counts,0.041826875914040204,0.2891828665915852,0.021282455000941652,0.0
0.1,834,sequence_permutation_preserve_city_year_counts,0.04320479398366828,0.025678112297083968,0.021282455000941652,0.0
0.1,835,sequence_permutation_preserve_city_year_counts,0.04605657581668462,-0.2827103094790671,0.021282455000941652,0.0
0.1,836,sequence_permutation_preserve_city_year_counts,0.04600616774524505,0.08633596331259431,0.021282455000941652,0.0
0.1,837,sequence_permutation_preserve_city_year_counts,0.04680795458925578,0.3293646153381258,0.021282455000941652,0.0
0.1,838,sequence_permutation_preserve_city_year_counts,0.049964146214266175,-0.26676122638147987,0.021282455000941652,0.0
0.1,839,sequence_permutation_preserve_city_year_counts,0.039172940843833756,0.1518589474012649,0.021282455000941652,0.0
0.1,840,sequence_permutation_preserve_city_year_counts,0.04573406751701556,-0.43416347153799023,0.021282455000941652,0.0
0.1,841,sequence_permutation_preserve_city_year_counts,0.04491353381743994,0.3318765924958263,0.021282455000941652,0.0
0.1,842,sequence_permutation_preserve_city_year_counts,0.04286179059252604,-0.5191934627865014,0.021282455000941652,0.0
0.1,843,sequence_permutation_preserve_city_year_counts,0.045342303221003244,-0.1489075506447758,0.021282455000941652,0.0
0.1,844,sequence_permutation_preserve_city_year_counts,0.04657256184830502,-0.18374599497045857,0.021282455000941652,0.0
0.1,845,sequence_permutation_preserve_city_year_counts,0.04737493905821598,-0.07924635406779602,0.021282455000941652,0.0
0.1,846,sequence_permutation_preserve_city_year_counts,0.04538000106365541,0.5173788254326531,0.021282455000941652,0.0
0.1,847,sequence_permutation_preserve_city_year_counts,0.04699770046087462,-0.22458047787586363,0.021282455000941652,0.0
0.1,848,sequence_permutation_preserve_city_year_counts,0.04165548076414928,0.36877989048303805,0.021282455000941652,0.0
0.1,849,sequence_permutation_preserve_city_year_counts,0.047083594314442284,0.1769387128958916,0.021282455000941652,0.0
0.1,850,sequence_permutation_preserve_city_year_counts,0.04770107097166239,-0.251131149339995,0.021282455000941652,0.0
0.1,851,sequence_permutation_preserve_city_year_counts,0.046729724800270434,-0.5940376045240008,0.021282455000941652,0.0
0.1,852,sequence_permutation_preserve_city_year_counts,0.0433834583300853,0.24347653618939233,0.021282455000941652,0.0
0.1,853,sequence_permutation_preserve_city_year_counts,0.047186620640235294,-0.13216969573287166,0.021282455000941652,0.0
0.1,854,sequence_permutation_preserve_city_year_counts,0.04418591708843117,0.09457291001308711,0.021282455000941652,0.0
0.1,855,sequence_permutation_preserve_city_year_counts,0.04453367523444314,-0.23692536944979764,0.021282455000941652,0.0
0.1,856,sequence_permutation_preserve_city_year_counts,0.04708404280625815,-0.41736378728368206,0.021282455000941652,0.0
0.1,857,sequence_permutation_preserve_city_year_counts,0.04775820645163737,-0.1393961552459171,0.021282455000941652,0.0
0.1,858,sequence_permutation_preserve_city_year_counts,0.046541024947978044,-0.3046525022123715,0.021282455000941652,0.0
0.1,859,sequence_permutation_preserve_city_year_counts,0.049197657957642166,0.5987195046511583,0.021282455000941652,0.0
0.1,860,sequence_permutation_preserve_city_year_counts,0.03964153614086984,0.018791519427197784,0.021282455000941652,0.0
0.1,861,sequence_permutation_preserve_city_year_counts,0.0457432646669206,-0.47706748076710487,0.021282455000941652,0.0
0.1,862,sequence_permutation_preserve_city_year_counts,0.047035692067665814,0.053967674936983435,0.021282455000941652,0.0
0.1,863,sequence_permutation_preserve_city_year_counts,0.04529042689012105,-0.14545280205893538,0.021282455000941652,0.0
0.1,864,sequence_permutation_preserve_city_year_counts,0.04344926833916743,-0.3273339096170165,0.021282455000941652,0.0
0.1,865,sequence_permutation_preserve_city_year_counts,0.043340431092191004,0.18474906968448387,0.021282455000941652,0.0
0.1,866,sequence_permutation_preserve_city_year_counts,0.04570072109943753,-0.3182881871138762,0.021282455000941652,0.0
0.1,867,sequence_permutation_preserve_city_year_counts,0.04231165239123251,0.1456445848616563,0.021282455000941652,0.0
0.1,868,sequence_permutation_preserve_city_year_counts,0.04577634044306109,-0.11485802735074746,0.021282455000941652,0.0
0.1,869,sequence_permutation_preserve_city_year_counts,0.043909977770453176,0.4139799841498953,0.021282455000941652,0.0
0.1,870,sequence_permutation_preserve_city_year_counts,0.04817971378826858,-0.10859798138678466,0.021282455000941652,0.0
0.1,871,sequence_permutation_preserve_city_year_counts,0.04640790740579364,0.13274492509139696,0.021282455000941652,0.0
0.1,872,sequence_permutation_preserve_city_year_counts,0.04717405176279645,0.33221822400676465,0.021282455000941652,0.0
0.1,873,sequence_permutation_preserve_city_year_counts,0.04642142326426227,-0.08883937740338345,0.021282455000941652,0.0
0.1,874,sequence_permutation_preserve_city_year_counts,0.04544534429831139,-0.4060080083495092,0.021282455000941652,0.0
0.1,875,sequence_permutation_preserve_city_year_counts,0.0462307648029241,-0.16958054147871734,0.021282455000941652,0.0
0.1,876,sequence_permutation_preserve_city_year_counts,0.046835371204946796,-0.18747172949220042,0.021282455000941652,0.0
0.1,877,sequence_permutation_preserve_city_year_counts,0.04032173601281281,0.07775066372892875,0.021282455000941652,0.0
0.1,878,sequence_permutation_preserve_city_year_counts,0.04473775776157257,0.4913370132944334,0.021282455000941652,0.0
0.1,879,sequence_permutation_preserve_city_year_counts,0.04322496561777309,0.31753342552922764,0.021282455000941652,0.0
0.1,880,sequence_permutation_preserve_city_year_counts,0.04372749371945468,0.2949772991893628,0.021282455000941652,0.0
0.1,881,sequence_permutation_preserve_city_year_counts,0.04299367076477422,-0.12008651984677418,0.021282455000941652,0.0
0.1,882,sequence_permutation_preserve_city_year_counts,0.04638232811750489,0.47296362780039797,0.021282455000941652,0.0
0.1,883,sequence_permutation_preserve_city_year_counts,0.043476988931486465,0.29818972627491497,0.021282455000941652,0.0
0.1,884,sequence_permutation_preserve_city_year_counts,0.04803740189458506,-0.0797136309493069,0.021282455000941652,0.0
0.1,885,sequence_permutation_preserve_city_year_counts,0.04351597805007969,0.6336721050369759,0.021282455000941652,0.0
0.1,886,sequence_permutation_preserve_city_year_counts,0.04055136792545131,-0.16416007494611756,0.021282455000941652,0.0
0.1,887,sequence_permutation_preserve_city_year_counts,0.04313937354742808,0.08417256173915658,0.021282455000941652,0.0
0.1,888,sequence_permutation_preserve_city_year_counts,0.04133437722827733,-0.11901478856681097,0.021282455000941652,0.0
0.1,889,sequence_permutation_preserve_city_year_counts,0.043452165594287585,0.199198107326081,0.021282455000941652,0.0
0.1,890,sequence_permutation_preserve_city_year_counts,0.04549924409361907,0.10877682714925552,0.021282455000941652,0.0
0.1,891,sequence_permutation_preserve_city_year_counts,0.046193397512714916,0.03298204247992557,0.021282455000941652,0.0
0.1,892,sequence_permutation_preserve_city_year_counts,0.04066936112067317,0.017835957608011627,0.021282455000941652,0.0
0.1,893,sequence_permutation_preserve_city_year_counts,0.04449526296966847,-0.3907305262226923,0.021282455000941652,0.0
0.1,894,sequence_permutation_preserve_city_year_counts,0.04857822866119643,-0.3149533136214912,0.021282455000941652,0.0
0.1,895,sequence_permutation_preserve_city_year_counts,0.043996728203647154,-0.009855037946661127,0.021282455000941652,0.0
0.1,896,sequence_permutation_preserve_city_year_counts,0.0463268570487196,0.4049675096528344,0.021282455000941652,0.0
0.1,897,sequence_permutation_preserve_city_year_counts,0.04377640143335846,-0.06163495283098053,0.021282455000941652,0.0
0.1,898,sequence_permutation_preserve_city_year_counts,0.04444299889637267,0.18850067886115468,0.021282455000941652,0.0
0.1,899,sequence_permutation_preserve_city_year_counts,0.04967450885683688,-0.35092292129618613,0.021282455000941652,0.0
0.1,900,sequence_permutation_preserve_city_year_counts,0.046620502569820255,-0.45317483157495564,0.021282455000941652,0.0
0.1,901,sequence_permutation_preserve_city_year_counts,0.04461127786057049,0.11158166166578415,0.021282455000941652,0.0
0.1,902,sequence_permutation_preserve_city_year_counts,0.04518493215349221,0.47470019855550133,0.021282455000941652,0.0
0.1,903,sequence_permutation_preserve_city_year_counts,0.04537834467103096,0.4636340848393879,0.021282455000941652,0.0
0.1,904,sequence_permutation_preserve_city_year_counts,0.04089668824287801,0.24878812255344976,0.021282455000941652,0.0
0.1,905,sequence_permutation_preserve_city_year_counts,0.03877267729408103,0.4004506044807181,0.021282455000941652,0.0
0.1,906,sequence_permutation_preserve_city_year_counts,0.04674407965973982,-0.19008130644545831,0.021282455000941652,0.0
0.1,907,sequence_permutation_preserve_city_year_counts,0.04693958561608717,-0.21982442654061674,0.021282455000941652,0.0
0.1,908,sequence_permutation_preserve_city_year_counts,0.046739122765685905,-0.3052185064234738,0.021282455000941652,0.0
0.1,909,sequence_permutation_preserve_city_year_counts,0.04187016518782524,-0.03136475726376479,0.021282455000941652,0.0
0.1,910,sequence_permutation_preserve_city_year_counts,0.0431844841975282,-0.2283890753914374,0.021282455000941652,0.0
0.1,911,sequence_permutation_preserve_city_year_counts,0.04587804491184513,-0.20276936497738915,0.021282455000941652,0.0
0.1,912,sequence_permutation_preserve_city_year_counts,0.04647996705816793,-0.4802016766611274,0.021282455000941652,0.0
0.1,913,sequence_permutation_preserve_city_year_counts,0.045844607158628904,0.1627134348622952,0.021282455000941652,0.0
0.1,914,sequence_permutation_preserve_city_year_counts,0.043848126521077606,0.032681515860001564,0.021282455000941652,0.0
0.1,915,sequence_permutation_preserve_city_year_counts,0.04383213971880813,0.5848008496580435,0.021282455000941652,0.0
0.1,916,sequence_permutation_preserve_city_year_counts,0.047870329958024725,-0.05052152427813026,0.021282455000941652,0.0
0.1,917,sequence_permutation_preserve_city_year_counts,0.044616818162962146,0.12640674563445992,0.021282455000941652,0.0
0.1,918,sequence_permutation_preserve_city_year_counts,0.04284977536018949,-0.3682354013392727,0.021282455000941652,0.0
0.1,919,sequence_permutation_preserve_city_year_counts,0.047074292755832796,-0.3421375854092642,0.021282455000941652,0.0
0.1,920,sequence_permutation_preserve_city_year_counts,0.04424661104294097,0.3947034101706783,0.021282455000941652,0.0
0.1,921,sequence_permutation_preserve_city_year_counts,0.04855656758182253,-0.09171304063451223,0.021282455000941652,0.0
0.1,922,sequence_permutation_preserve_city_year_counts,0.042702899550323824,0.020523947244035265,0.021282455000941652,0.0
0.1,923,sequence_permutation_preserve_city_year_counts,0.04631380761306286,-0.4426102292451652,0.021282455000941652,0.0
0.1,924,sequence_permutation_preserve_city_year_counts,0.04611636226515186,-0.13152458732529593,0.021282455000941652,0.0
0.1,925,sequence_permutation_preserve_city_year_counts,0.04243724302561544,0.11274497346581204,0.021282455000941652,0.0
0.1,926,sequence_permutation_preserve_city_year_counts,0.045587843997478825,-0.19659831963962912,0.021282455000941652,0.0
0.1,927,sequence_permutation_preserve_city_year_counts,0.043394384109629015,0.19690988504276982,0.021282455000941652,0.0
0.1,928,sequence_permutation_preserve_city_year_counts,0.04372225675462636,-0.20364008926201702,0.021282455000941652,0.0
0.1,929,sequence_permutation_preserve_city_year_counts,0.04581083577778054,-0.18307513511511808,0.021282455000941652,0.0
0.1,930,sequence_permutation_preserve_city_year_counts,0.04161763910810493,0.06162813062728212,0.021282455000941652,0.0
0.1,931,sequence_permutation_preserve_city_year_counts,0.048302538228351594,-0.172179262447427,0.021282455000941652,0.0
0.1,932,sequence_permutation_preserve_city_year_counts,0.04329140501996552,-0.05521713062680891,0.021282455000941652,0.0
0.1,933,sequence_permutation_preserve_city_year_counts,0.045215468510006775,-0.2666963185380767,0.021282455000941652,0.0
0.1,934,sequence_permutation_preserve_city_year_counts,0.046459575319256624,0.659070276530249,0.021282455000941652,0.0
0.1,935,sequence_permutation_preserve_city_year_counts,0.04480973024879843,-0.0649943589116629,0.021282455000941652,0.0
0.1,936,sequence_permutation_preserve_city_year_counts,0.04425080515256986,0.08502835810048055,0.021282455000941652,0.0
0.1,937,sequence_permutation_preserve_city_year_counts,0.042292938235595726,-0.339327286335564,0.021282455000941652,0.0
0.1,938,sequence_permutation_preserve_city_year_counts,0.047633044487855,0.42475226607404803,0.021282455000941652,0.0
0.1,939,sequence_permutation_preserve_city_year_counts,0.047486403560071895,-0.38977346663716456,0.021282455000941652,0.0
0.1,940,sequence_permutation_preserve_city_year_counts,0.04769344997878102,-0.15786290119346816,0.021282455000941652,0.0
0.1,941,sequence_permutation_preserve_city_year_counts,0.04312922727306621,0.24277287284869986,0.021282455000941652,0.0
0.1,942,sequence_permutation_preserve_city_year_counts,0.041390022558392345,0.6398997324180494,0.021282455000941652,0.0
0.1,943,sequence_permutation_preserve_city_year_counts,0.04476667177747469,0.5337709386389319,0.021282455000941652,0.0
0.1,944,sequence_permutation_preserve_city_year_counts,0.04574942559330551,-0.09823672897337042,0.021282455000941652,0.0
0.1,945,sequence_permutation_preserve_city_year_counts,0.044832683758127184,0.13485807732475735,0.021282455000941652,0.0
0.1,946,sequence_permutation_preserve_city_year_counts,0.045027679717541506,-0.05974016847510382,0.021282455000941652,0.0
0.1,947,sequence_permutation_preserve_city_year_counts,0.04892950584121299,-0.1973659294973654,0.021282455000941652,0.0
0.1,948,sequence_permutation_preserve_city_year_counts,0.045197189637786954,-0.2881249272518187,0.021282455000941652,0.0
0.1,949,sequence_permutation_preserve_city_year_counts,0.04245779604104702,0.3457886503080757,0.021282455000941652,0.0
0.1,950,sequence_permutation_preserve_city_year_counts,0.041846154066808645,0.3052164353437892,0.021282455000941652,0.0
0.1,951,sequence_permutation_preserve_city_year_counts,0.04645456416641243,0.5154450676891441,0.021282455000941652,0.0
0.1,952,sequence_permutation_preserve_city_year_counts,0.04336493542560056,0.23268547178299967,0.021282455000941652,0.0
0.1,953,sequence_permutation_preserve_city_year_counts,0.04172421885094386,-0.21242201837366098,0.021282455000941652,0.0
0.1,954,sequence_permutation_preserve_city_year_counts,0.045016104489481165,0.2458864598229289,0.021282455000941652,0.0
0.1,955,sequence_permutation_preserve_city_year_counts,0.042427423225876365,0.42820612221103727,0.021282455000941652,0.0
0.1,956,sequence_permutation_preserve_city_year_counts,0.046571434213038665,-0.3644777082579254,0.021282455000941652,0.0
0.1,957,sequence_permutation_preserve_city_year_counts,0.045650815305858,-0.38570679340464703,0.021282455000941652,0.0
0.1,958,sequence_permutation_preserve_city_year_counts,0.04708831755392672,-0.08931939655675118,0.021282455000941652,0.0
0.1,959,sequence_permutation_preserve_city_year_counts,0.044516861481746724,0.5572981540607913,0.021282455000941652,0.0
0.1,960,sequence_permutation_preserve_city_year_counts,0.04480778651222215,0.3944656140679007,0.021282455000941652,0.0
0.1,961,sequence_permutation_preserve_city_year_counts,0.04600386333407739,0.04839863301983901,0.021282455000941652,0.0
0.1,962,sequence_permutation_preserve_city_year_counts,0.046819008808909456,0.4878549876868776,0.021282455000941652,0.0
0.1,963,sequence_permutation_preserve_city_year_counts,0.04412063663030673,-0.5679483857064017,0.021282455000941652,0.0
0.1,964,sequence_permutation_preserve_city_year_counts,0.04811737753401629,0.6173890292229351,0.021282455000941652,0.0
0.1,965,sequence_permutation_preserve_city_year_counts,0.04404414185338261,-0.1205069411617404,0.021282455000941652,0.0
0.1,966,sequence_permutation_preserve_city_year_counts,0.04803522462242191,0.39644901116097947,0.021282455000941652,0.0
0.1,967,sequence_permutation_preserve_city_year_counts,0.04392501268156661,-0.3588806194837382,0.021282455000941652,0.0
0.1,968,sequence_permutation_preserve_city_year_counts,0.041963811183606994,-0.42448056678192037,0.021282455000941652,0.0
0.1,969,sequence_permutation_preserve_city_year_counts,0.046977025534955946,0.08275614602672393,0.021282455000941652,0.0
0.1,970,sequence_permutation_preserve_city_year_counts,0.04559687602757635,-0.0038508298192327837,0.021282455000941652,0.0
0.1,971,sequence_permutation_preserve_city_year_counts,0.04098033169762156,-0.4806791446861964,0.021282455000941652,0.0
0.1,972,sequence_permutation_preserve_city_year_counts,0.04474709726908909,0.42712375721302,0.021282455000941652,0.0
0.1,973,sequence_permutation_preserve_city_year_counts,0.04638314255893279,0.24645727797747083,0.021282455000941652,0.0
0.1,974,sequence_permutation_preserve_city_year_counts,0.04395445395245881,0.3191419999805102,0.021282455000941652,0.0
0.1,975,sequence_permutation_preserve_city_year_counts,0.046462583981542294,-0.2636359538020217,0.021282455000941652,0.0
0.1,976,sequence_permutation_preserve_city_year_counts,0.0443139605944761,-0.23824688927022,0.021282455000941652,0.0
0.1,977,sequence_permutation_preserve_city_year_counts,0.040080643206682434,0.08069017855907744,0.021282455000941652,0.0
0.1,978,sequence_permutation_preserve_city_year_counts,0.04125190177114761,0.26318045504468646,0.021282455000941652,0.0
0.1,979,sequence_permutation_preserve_city_year_counts,0.04316257201744315,0.04126155289080326,0.021282455000941652,0.0
0.1,980,sequence_permutation_preserve_city_year_counts,0.047939331625986806,0.2535703040595603,0.021282455000941652,0.0
0.1,981,sequence_permutation_preserve_city_year_counts,0.04688738088113738,0.12666022096107568,0.021282455000941652,0.0
0.1,982,sequence_permutation_preserve_city_year_counts,0.046091559017067664,0.7001934705772629,0.021282455000941652,0.0
0.1,983,sequence_permutation_preserve_city_year_counts,0.046834452314180756,-0.22868430423768,0.021282455000941652,0.0
0.1,984,sequence_permutation_preserve_city_year_counts,0.040831503240626385,-0.09532866297861647,0.021282455000941652,0.0
0.1,985,sequence_permutation_preserve_city_year_counts,0.0460138511280791,-0.07514243687284825,0.021282455000941652,0.0
0.1,986,sequence_permutation_preserve_city_year_counts,0.04268564889576837,0.1690273876267348,0.021282455000941652,0.0
0.1,987,sequence_permutation_preserve_city_year_counts,0.04152494105000595,0.3092649155096544,0.021282455000941652,0.0
0.1,988,sequence_permutation_preserve_city_year_counts,0.04121849922265701,0.289853604760048,0.021282455000941652,0.0
0.1,989,sequence_permutation_preserve_city_year_counts,0.04425002046592677,-0.4424943152811892,0.021282455000941652,0.0
0.1,990,sequence_permutation_preserve_city_year_counts,0.045864237054837595,-0.27257997614131774,0.021282455000941652,0.0
0.1,991,sequence_permutation_preserve_city_year_counts,0.046899334212324215,0.07149748231513141,0.021282455000941652,0.0
0.1,992,sequence_permutation_preserve_city_year_counts,0.042015190235506567,0.1514125563102585,0.021282455000941652,0.0
0.1,993,sequence_permutation_preserve_city_year_counts,0.04635745526369592,0.007796984473568942,0.021282455000941652,0.0
0.1,994,sequence_permutation_preserve_city_year_counts,0.045247835760696534,-0.14350372544648707,0.021282455000941652,0.0
0.1,995,sequence_permutation_preserve_city_year_counts,0.04336195464857504,0.19111744028625544,0.021282455000941652,0.0
0.1,996,sequence_permutation_preserve_city_year_counts,0.04200060654723543,0.03251921781147602,0.021282455000941652,0.0
0.1,997,sequence_permutation_preserve_city_year_counts,0.045660845840577856,-0.27118942061834644,0.021282455000941652,0.0
0.1,998,sequence_permutation_preserve_city_year_counts,0.04674776473567729,-0.25103673480870464,0.021282455000941652,0.0
0.1,999,sequence_permutation_preserve_city_year_counts,0.04715951094943352,-0.6525279877956826,0.021282455000941652,0.0
0.1,1000,sequence_permutation_preserve_city_year_counts,0.0404201205888678,0.1985389877941935,0.021282455000941652,0.0
