城市,community_id,first_exposure_year,available_years_after_first,bottom_years_total,longest_bottom_streak,persistent_bottom_3plus,immediate_repeat_after_first,any_repeat_after_first,reentry_after_gap,eligible_one_step,path_one_shot,path_short_repeat_nonpersistent,path_continuous_persistent,path_fragmented_persistent
上海,上海||嘉定||丰庄||锦银休闲广场,2018,4,1,1,False,False,False,False,True,True,False,False,False
上海,上海||嘉定||南翔||新城公馆,2019,3,4,4,True,True,True,False,True,False,False,True,False
上海,上海||嘉定||南翔||海伦堡爱ME城市,2018,4,4,3,True,False,True,True,True,False,False,True,False
上海,上海||嘉定||南翔||骏丰嘉峰汇,2021,1,2,2,False,True,True,False,True,False,True,False,False
上海,上海||嘉定||嘉定新城||合景峰汇(嘉定),2018,4,5,5,True,True,True,False,True,False,False,True,False
上海,上海||嘉定||嘉定新城||合景理想家,2018,4,5,5,True,True,True,False,True,False,False,True,False
上海,上海||嘉定||嘉定新城||好世商业广场,2020,2,3,3,True,True,True,False,True,False,False,True,False
上海,上海||嘉定||嘉定新城||新城金郡（商住）,2018,4,5,5,True,True,True,False,True,False,False,True,False
上海,上海||嘉定||嘉定新城||新城香溢澜庭,2019,3,3,3,True,True,True,False,True,False,False,True,False
上海,上海||嘉定||嘉定新城||绿地卡米公社,2019,3,4,4,True,True,True,False,True,False,False,True,False
上海,上海||嘉定||嘉定新城||育兰二村,2018,4,4,4,True,True,True,False,True,False,False,True,False
上海,上海||嘉定||嘉定新城||龙湖蔚澜香醍,2018,4,2,2,False,True,True,False,True,False,True,False,False
上海,上海||嘉定||嘉定老城||南苑一村,2018,4,5,5,True,True,True,False,True,False,False,True,False
上海,上海||嘉定||嘉定老城||南苑七村,2018,4,5,5,True,True,True,False,True,False,False,True,False
上海,上海||嘉定||嘉定老城||南苑二村,2018,4,5,5,True,True,True,False,True,False,False,True,False
上海,上海||嘉定||嘉定老城||南苑八村,2018,4,5,5,True,True,True,False,True,False,False,True,False
上海,上海||嘉定||嘉定老城||南苑四村,2018,4,5,5,True,True,True,False,True,False,False,True,False
上海,上海||嘉定||嘉定老城||叶城三街坊,2018,4,5,5,True,True,True,False,True,False,False,True,False
上海,上海||嘉定||嘉定老城||嘉丰佳苑,2018,4,4,4,True,True,True,False,True,False,False,True,False
上海,上海||嘉定||嘉定老城||城南新村,2020,2,3,3,True,True,True,False,True,False,False,True,False
上海,上海||嘉定||嘉定老城||塔城路800弄,2018,4,5,5,True,True,True,False,True,False,False,True,False
上海,上海||嘉定||嘉定老城||塔城路850弄,2018,4,5,5,True,True,True,False,True,False,False,True,False
上海,上海||嘉定||嘉定老城||李园一村,2020,2,3,3,True,True,True,False,True,False,False,True,False
上海,上海||嘉定||嘉定老城||李园二村,2019,3,4,4,True,True,True,False,True,False,False,True,False
上海,上海||嘉定||嘉定老城||桃园小区(嘉定),2019,3,4,4,True,True,True,False,True,False,False,True,False
上海,上海||嘉定||嘉定老城||梅园新村(嘉定),2020,2,2,1,False,False,True,True,True,False,True,False,False
上海,上海||嘉定||嘉定老城||民乐社区南苑六村,2018,4,5,5,True,True,True,False,True,False,False,True,False
上海,上海||嘉定||嘉定老城||浦发香舍(公寓),2020,2,1,1,False,False,False,False,True,True,False,False,False
上海,上海||嘉定||嘉定老城||疁南小区,2019,3,3,3,True,True,True,False,True,False,False,True,False
上海,上海||嘉定||嘉定老城||红土天阶,2018,4,5,5,True,True,True,False,True,False,False,True,False
上海,上海||嘉定||外冈||上海庄园三期,2018,4,5,5,True,True,True,False,True,False,False,True,False
上海,上海||嘉定||外冈||上海院子,2019,3,3,3,True,True,True,False,True,False,False,True,False
上海,上海||嘉定||外冈||外冈佳苑,2018,4,5,5,True,True,True,False,True,False,False,True,False
上海,上海||嘉定||外冈||外冈新苑,2018,4,5,5,True,True,True,False,True,False,False,True,False
上海,上海||嘉定||外冈||河畔艺墅(公寓),2018,4,5,5,True,True,True,False,True,False,False,True,False
上海,上海||嘉定||安亭||安亭中央公园,2020,2,1,1,False,False,False,False,True,True,False,False,False
上海,上海||嘉定||安亭||安亭瑞仕华庭(别墅),2018,4,3,2,True,False,True,True,True,False,False,False,True
上海,上海||嘉定||安亭||底特律财富天地,2018,4,5,5,True,True,True,False,True,False,False,True,False
上海,上海||嘉定||安亭||水仙小区,2019,3,3,3,True,True,True,False,True,False,False,True,False
上海,上海||嘉定||安亭||玉兰一村,2019,3,3,3,True,True,True,False,True,False,False,True,False
上海,上海||嘉定||安亭||玉兰二村,2018,4,5,5,True,True,True,False,True,False,False,True,False
上海,上海||嘉定||安亭||紫荆三村,2018,4,5,5,True,True,True,False,True,False,False,True,False
上海,上海||嘉定||安亭||紫荆二村,2018,4,5,5,True,True,True,False,True,False,False,True,False
上海,上海||嘉定||安亭||紫荆四村,2018,4,5,5,True,True,True,False,True,False,False,True,False
上海,上海||嘉定||安亭||红梅小区(嘉定),2018,4,5,5,True,True,True,False,True,False,False,True,False
上海,上海||嘉定||安亭||绿地新里米兰公寓,2018,4,1,1,False,False,False,False,True,True,False,False,False
上海,上海||嘉定||安亭||芙蓉新村,2019,3,4,4,True,True,True,False,True,False,False,True,False
上海,上海||嘉定||安亭||西上海御庭,2018,4,4,4,True,True,True,False,True,False,False,True,False
上海,上海||嘉定||安亭||金桂一村,2018,4,4,4,True,True,True,False,True,False,False,True,False
上海,上海||嘉定||徐行||中茂世纪财富广场,2018,4,5,5,True,True,True,False,True,False,False,True,False
上海,上海||嘉定||徐行||天居玲珑湾,2018,4,4,4,True,True,True,False,True,False,False,True,False
上海,上海||嘉定||江桥||MAX未来,2021,1,2,2,False,True,True,False,True,False,True,False,False
上海,上海||嘉定||江桥||YOHO街区,2018,4,5,5,True,True,True,False,True,False,False,True,False
上海,上海||嘉定||菊园新区||嘉富小区,2019,3,4,4,True,True,True,False,True,False,False,True,False
上海,上海||嘉定||菊园新区||嘉邦小区,2020,2,3,3,True,True,True,False,True,False,False,True,False
上海,上海||嘉定||菊园新区||宝菊新家园,2021,1,1,1,False,False,False,False,True,True,False,False,False
上海,上海||嘉定||菊园新区||日月光伯爵公馆,2018,4,5,5,True,True,True,False,True,False,False,True,False
上海,上海||嘉定||菊园新区||竹园公寓,2018,4,5,5,True,True,True,False,True,False,False,True,False
上海,上海||嘉定||菊园新区||竹园小区(嘉定),2020,2,1,1,False,False,False,False,True,True,False,False,False
上海,上海||奉贤||南桥||九华新园,2018,4,3,2,True,False,True,True,True,False,False,False,True
上海,上海||奉贤||南桥||九华苑,2018,4,5,5,True,True,True,False,True,False,False,True,False
上海,上海||奉贤||南桥||众旺苑,2018,4,5,5,True,True,True,False,True,False,False,True,False
上海,上海||奉贤||南桥||古华A区,2018,4,5,5,True,True,True,False,True,False,False,True,False
上海,上海||奉贤||南桥||古华B区,2018,4,5,5,True,True,True,False,True,False,False,True,False
上海,上海||奉贤||南桥||古华新村,2018,4,5,5,True,True,True,False,True,False,False,True,False
上海,上海||奉贤||南桥||合景万景峰,2019,3,4,4,True,True,True,False,True,False,False,True,False
上海,上海||奉贤||南桥||奉浦苑,2019,3,4,4,True,True,True,False,True,False,False,True,False
上海,上海||奉贤||南桥||招商南桥雅苑,2019,3,4,4,True,True,True,False,True,False,False,True,False
上海,上海||奉贤||南桥||普康苑,2018,4,5,5,True,True,True,False,True,False,False,True,False
上海,上海||奉贤||南桥||正阳世纪星城丽骏湾,2019,3,1,1,False,False,False,False,True,True,False,False,False
上海,上海||奉贤||南桥||正阳世纪星城文华苑,2019,3,4,4,True,True,True,False,True,False,False,True,False
上海,上海||奉贤||南桥||正阳世纪星城米兰风尚,2020,2,2,2,False,True,True,False,True,False,True,False,False
上海,上海||奉贤||南桥||江海二村(奉贤),2018,4,5,5,True,True,True,False,True,False,False,True,False
上海,上海||奉贤||南桥||江海新村,2018,4,5,5,True,True,True,False,True,False,False,True,False
上海,上海||奉贤||南桥||江海花园,2018,4,5,5,True,True,True,False,True,False,False,True,False
上海,上海||奉贤||南桥||绿地观邸,2019,3,4,4,True,True,True,False,True,False,False,True,False
上海,上海||奉贤||南桥||育秀七区,2018,4,5,5,True,True,True,False,True,False,False,True,False
上海,上海||奉贤||南桥||育秀三区,2018,4,5,5,True,True,True,False,True,False,False,True,False
上海,上海||奉贤||南桥||育秀九区,2018,4,5,5,True,True,True,False,True,False,False,True,False
上海,上海||奉贤||南桥||育秀二区,2018,4,5,5,True,True,True,False,True,False,False,True,False
上海,上海||奉贤||南桥||育秀五区,2018,4,5,5,True,True,True,False,True,False,False,True,False
上海,上海||奉贤||南桥||育秀八区,2018,4,5,5,True,True,True,False,True,False,False,True,False
上海,上海||奉贤||南桥||育秀六区,2018,4,5,5,True,True,True,False,True,False,False,True,False
上海,上海||奉贤||南桥||育秀十一区,2019,3,4,4,True,True,True,False,True,False,False,True,False
上海,上海||奉贤||南桥||解放新村,2018,4,5,5,True,True,True,False,True,False,False,True,False
上海,上海||奉贤||南桥||贝港北区（一区）,2018,4,5,5,True,True,True,False,True,False,False,True,False
上海,上海||奉贤||南桥||贝港花苑,2018,4,5,5,True,True,True,False,True,False,False,True,False
上海,上海||奉贤||南桥||运河新村(南桥),2018,4,5,5,True,True,True,False,True,False,False,True,False
上海,上海||奉贤||南桥||金水新苑,2018,4,4,4,True,True,True,False,True,False,False,True,False
上海,上海||奉贤||南桥||金水苑,2018,4,5,5,True,True,True,False,True,False,False,True,False
上海,上海||奉贤||南桥||阳光四季园,2018,4,5,5,True,True,True,False,True,False,False,True,False
上海,上海||奉贤||南桥||阳光园(一期),2018,4,5,5,True,True,True,False,True,False,False,True,False
上海,上海||奉贤||南桥||阳光家园,2020,2,3,3,True,True,True,False,True,False,False,True,False
上海,上海||奉贤||奉贤金汇||天和前滩时代,2018,4,4,4,True,True,True,False,True,False,False,True,False
上海,上海||奉贤||奉贤金汇||天和尚上海,2019,3,4,4,True,True,True,False,True,False,False,True,False
上海,上海||奉贤||奉贤金汇||朗诗未来街区,2019,3,2,2,False,True,True,False,True,False,True,False,False
上海,上海||奉贤||奉贤金汇||金碧汇虹苑,2018,4,5,5,True,True,True,False,True,False,False,True,False
上海,上海||奉贤||奉贤金汇||金碧苑,2018,4,5,5,True,True,True,False,True,False,False,True,False
上海,上海||奉贤||柘林||海韵馨苑,2018,4,5,5,True,True,True,False,True,False,False,True,False
上海,上海||奉贤||海湾||佳兆业珊瑚湾(公寓),2018,4,5,5,True,True,True,False,True,False,False,True,False
上海,上海||奉贤||海湾||佳源梦想广场,2018,4,5,5,True,True,True,False,True,False,False,True,False
上海,上海||奉贤||海湾||嘉业海悦苑,2018,4,5,5,True,True,True,False,True,False,False,True,False
上海,上海||奉贤||海湾||招商海廷(五期),2020,2,2,2,False,True,True,False,True,False,True,False,False
上海,上海||奉贤||海湾||招商海廷(四期),2018,4,5,5,True,True,True,False,True,False,False,True,False
上海,上海||奉贤||海湾||棕榈滩海景城,2018,4,5,5,True,True,True,False,True,False,False,True,False
上海,上海||奉贤||海湾||海尚墅林苑,2018,4,5,5,True,True,True,False,True,False,False,True,False
上海,上海||奉贤||海湾||海湾国际名苑,2018,4,5,5,True,True,True,False,True,False,False,True,False
上海,上海||奉贤||海湾||海湾艺墅,2018,4,5,5,True,True,True,False,True,False,False,True,False
上海,上海||奉贤||海湾||绿地香颂(奉贤)(公寓),2018,4,5,5,True,True,True,False,True,False,False,True,False
上海,上海||奉贤||海湾||绿地香颂(奉贤)(别墅),2018,4,5,5,True,True,True,False,True,False,False,True,False
上海,上海||奉贤||西渡||大桥公寓,2018,4,5,5,True,True,True,False,True,False,False,True,False
上海,上海||奉贤||西渡||巨龙台湾城,2018,4,5,5,True,True,True,False,True,False,False,True,False
上海,上海||奉贤||西渡||文怡花园,2018,4,5,5,True,True,True,False,True,False,False,True,False
上海,上海||奉贤||西渡||新南家园,2018,4,5,5,True,True,True,False,True,False,False,True,False
上海,上海||奉贤||西渡||果园小区,2019,3,4,4,True,True,True,False,True,False,False,True,False
上海,上海||奉贤||西渡||水岸家苑,2018,4,5,5,True,True,True,False,True,False,False,True,False
上海,上海||奉贤||西渡||水帘洞小区,2018,4,5,5,True,True,True,False,True,False,False,True,False
上海,上海||奉贤||西渡||水闸小区,2018,4,5,5,True,True,True,False,True,False,False,True,False
上海,上海||奉贤||西渡||浦江花园,2018,4,5,5,True,True,True,False,True,False,False,True,False
上海,上海||奉贤||西渡||澳洲国际花园(公寓),2018,4,5,5,True,True,True,False,True,False,False,True,False
上海,上海||奉贤||西渡||祥和花园,2018,4,5,5,True,True,True,False,True,False,False,True,False
上海,上海||奉贤||西渡||闸园二村,2018,4,5,5,True,True,True,False,True,False,False,True,False
上海,上海||奉贤||西渡||闸园新村,2018,4,5,5,True,True,True,False,True,False,False,True,False
上海,上海||奉贤||西渡||鸿吉苑,2018,4,5,5,True,True,True,False,True,False,False,True,False
上海,上海||奉贤||西渡||鸿宝一村(北区),2018,4,5,5,True,True,True,False,True,False,False,True,False
上海,上海||奉贤||西渡||鸿宝一村(南区),2018,4,5,5,True,True,True,False,True,False,False,True,False
上海,上海||奉贤||西渡||鸿宝二村,2018,4,5,5,True,True,True,False,True,False,False,True,False
上海,上海||宝山||上大||绿地领海(商业类),2018,4,5,5,True,True,True,False,True,False,False,True,False
上海,上海||宝山||上大||金地艺境(商业类),2018,4,5,5,True,True,True,False,True,False,False,True,False
上海,上海||宝山||共康||卓越时代广场,2020,2,2,2,False,True,True,False,True,False,True,False,False
上海,上海||宝山||大场镇||和泰苑,2018,4,1,1,False,False,False,False,True,True,False,False,False
上海,上海||宝山||月浦||富锦路1659弄,2021,1,1,1,False,False,False,False,True,True,False,False,False
上海,上海||宝山||月浦||月浦七村,2020,2,1,1,False,False,False,False,True,True,False,False,False
上海,上海||宝山||月浦||月浦二村,2021,1,1,1,False,False,False,False,True,True,False,False,False
上海,上海||宝山||月浦||月浦六村,2021,1,1,1,False,False,False,False,True,True,False,False,False
上海,上海||宝山||月浦||月浦四村,2020,2,1,1,False,False,False,False,True,True,False,False,False
上海,上海||宝山||月浦||阳光美林,2018,4,3,2,True,False,True,True,True,False,False,False,True
上海,上海||宝山||罗店||上置香岛原墅(公寓),2022,0,1,1,False,,,,False,True,False,False,False
上海,上海||宝山||罗店||上置香岛原墅(别墅),2020,2,1,1,False,False,False,False,True,True,False,False,False
上海,上海||宝山||罗店||富丽苑,2019,3,2,2,False,True,True,False,True,False,True,False,False
上海,上海||宝山||罗店||罗南一村,2021,1,1,1,False,False,False,False,True,True,False,False,False
上海,上海||宝山||罗店||罗南二村,2018,4,2,1,False,False,True,True,True,False,True,False,False
上海,上海||宝山||罗店||铂珏公馆,2022,0,1,1,False,,,,False,True,False,False,False
上海,上海||宝山||顾村||上坤乐城,2018,4,2,1,False,False,True,True,True,False,True,False,False
上海,上海||宝山||顾村||中铁青秀城东区,2018,4,1,1,False,False,False,False,True,True,False,False,False
上海,上海||宝山||顾村||绿地公园广场,2018,4,5,5,True,True,True,False,True,False,False,True,False
上海,上海||宝山||顾村||龙湖北城天街,2020,2,2,2,False,True,True,False,True,False,True,False,False
上海,上海||徐汇||龙华||强生花苑,2021,1,1,1,False,False,False,False,True,True,False,False,False
上海,上海||普陀||桃浦||同进理想城,2021,1,2,2,False,True,True,False,True,False,True,False,False
上海,上海||普陀||武宁||江南名庐,2018,4,1,1,False,False,False,False,True,True,False,False,False
上海,上海||普陀||真如||曹杨五月天,2022,0,1,1,False,,,,False,True,False,False,False
上海,上海||普陀||长征||上河湾,2022,0,1,1,False,,,,False,True,False,False,False
上海,上海||杨浦||黄兴公园||海上硕和城,2019,3,1,1,False,False,False,False,True,True,False,False,False
上海,上海||松江||佘山||佘山假日半岛,2018,4,5,5,True,True,True,False,True,False,False,True,False
上海,上海||松江||新桥||万宇阳光苑,2019,3,2,2,False,True,True,False,True,False,True,False,False
上海,上海||松江||新桥||华泽新苑,2020,2,1,1,False,False,False,False,True,True,False,False,False
上海,上海||松江||新桥||新乐名苑,2018,4,5,5,True,True,True,False,True,False,False,True,False
上海,上海||松江||新桥||新乐雅苑,2019,3,3,3,True,True,True,False,True,False,False,True,False
上海,上海||松江||新桥||新桥首府,2019,3,3,2,True,True,True,True,True,False,False,False,True
上海,上海||松江||新桥||晨星东区,2018,4,5,5,True,True,True,False,True,False,False,True,False
上海,上海||松江||新桥||晨星小区,2018,4,5,5,True,True,True,False,True,False,False,True,False
上海,上海||松江||新桥||海派青城,2020,2,1,1,False,False,False,False,True,True,False,False,False
上海,上海||松江||松江大学城||御上海青橙,2018,4,5,5,True,True,True,False,True,False,False,True,False
上海,上海||松江||松江大学城||松云水苑(公寓),2018,4,2,1,False,False,True,True,True,False,True,False,False
上海,上海||松江||松江新城||东明花苑,2019,3,1,1,False,False,False,False,True,True,False,False,False
上海,上海||松江||松江新城||名庭花苑,2020,2,1,1,False,False,False,False,True,True,False,False,False
上海,上海||松江||松江新城||大江苑,2018,4,2,1,False,False,True,True,True,False,True,False,False
上海,上海||松江||松江新城||天虹一村,2018,4,4,4,True,True,True,False,True,False,False,True,False
上海,上海||松江||松江新城||天虹二村,2020,2,2,1,False,False,True,True,True,False,True,False,False
上海,上海||松江||松江新城||天虹六村,2020,2,1,1,False,False,False,False,True,True,False,False,False
上海,上海||松江||松江新城||天虹四村,2020,2,1,1,False,False,False,False,True,True,False,False,False
上海,上海||松江||松江新城||开元地中海,2020,2,3,3,True,True,True,False,True,False,False,True,False
上海,上海||松江||松江新城||明丰公寓,2020,2,1,1,False,False,False,False,True,True,False,False,False
上海,上海||松江||松江新城||江诚苑,2020,2,2,2,False,True,True,False,True,False,True,False,False
上海,上海||松江||松江新城||湖畔尚品,2018,4,5,5,True,True,True,False,True,False,False,True,False
上海,上海||松江||松江新城||珠江新城,2020,2,1,1,False,False,False,False,True,True,False,False,False
上海,上海||松江||松江新城||福都广场锋尚99,2018,4,5,5,True,True,True,False,True,False,False,True,False
上海,上海||松江||松江老城||万科红人馆,2018,4,5,5,True,True,True,False,True,False,False,True,False
上海,上海||松江||松江老城||月厦新天地,2018,4,5,5,True,True,True,False,True,False,False,True,False
上海,上海||松江||松江老城||松乐苑,2019,3,2,2,False,True,True,False,True,False,True,False,False
上海,上海||松江||松江老城||白洋苑,2019,3,4,4,True,True,True,False,True,False,False,True,False
上海,上海||松江||松江老城||蓝天新村,2019,3,4,4,True,True,True,False,True,False,False,True,False
上海,上海||松江||松江老城||西林小区,2020,2,2,2,False,True,True,False,True,False,True,False,False
上海,上海||松江||松江老城||谷北小区,2020,2,1,1,False,False,False,False,True,True,False,False,False
上海,上海||松江||松江老城||通波小区,2020,2,1,1,False,False,False,False,True,True,False,False,False
上海,上海||松江||松江老城||高乐小区,2020,2,1,1,False,False,False,False,True,True,False,False,False
上海,上海||松江||泗泾||三湘青年,2018,4,4,3,True,True,True,True,True,False,False,True,False
上海,上海||松江||泗泾||兰花清苑,2020,2,1,1,False,False,False,False,True,True,False,False,False
上海,上海||松江||泗泾||塘和家园德宁苑,2020,2,1,1,False,False,False,False,True,True,False,False,False
上海,上海||松江||泗泾||塘和家园德悦苑,2018,4,3,3,True,True,True,False,True,False,False,True,False
上海,上海||松江||泗泾||塘和家园桂花锦苑,2020,2,1,1,False,False,False,False,True,True,False,False,False
上海,上海||松江||泗泾||塘和家园登云苑,2018,4,3,3,True,True,True,False,True,False,False,True,False
上海,上海||松江||泗泾||新凯城尚樱苑,2018,4,2,1,False,False,True,True,True,False,True,False,False
上海,上海||松江||泗泾||新凯城银杏苑,2020,2,1,1,False,False,False,False,True,True,False,False,False
上海,上海||松江||泗泾||水仙雅苑,2020,2,1,1,False,False,False,False,True,True,False,False,False
上海,上海||松江||泗泾||润江花苑,2020,2,1,1,False,False,False,False,True,True,False,False,False
上海,上海||松江||泗泾||牡丹逸庭,2020,2,1,1,False,False,False,False,True,True,False,False,False
上海,上海||松江||泗泾||紫薇茗庭,2018,4,3,3,True,True,True,False,True,False,False,True,False
上海,上海||松江||泗泾||茉莉雅苑,2020,2,1,1,False,False,False,False,True,True,False,False,False
上海,上海||松江||莘闵别墅||雅仕轩,2020,2,1,1,False,False,False,False,True,True,False,False,False
上海,上海||浦东||万祥镇||凯德新视界(一期),2018,4,5,5,True,True,True,False,True,False,False,True,False
上海,上海||浦东||万祥镇||凯德新视界(二期),2018,4,5,5,True,True,True,False,True,False,False,True,False
上海,上海||浦东||临港新城||临港海滨国际花园,2018,4,5,5,True,True,True,False,True,False,False,True,False
上海,上海||浦东||临港新城||海芦镜湖苑,2018,4,5,5,True,True,True,False,True,False,False,True,False
上海,上海||浦东||临港新城||绿地东岸涟城,2018,4,5,5,True,True,True,False,True,False,False,True,False
上海,上海||浦东||临港新城||绿地蓝海庭,2018,4,5,5,True,True,True,False,True,False,False,True,False
上海,上海||浦东||书院镇||丽泽兰馨苑,2018,4,5,5,True,True,True,False,True,False,False,True,False
上海,上海||浦东||书院镇||丽泽梅傲苑,2018,4,5,5,True,True,True,False,True,False,False,True,False
上海,上海||浦东||书院镇||丽泽荷亭苑,2018,4,5,5,True,True,True,False,True,False,False,True,False
上海,上海||浦东||书院镇||丽泽菊清苑,2018,4,5,5,True,True,True,False,True,False,False,True,False
上海,上海||浦东||书院镇||书院一号公寓,2018,4,5,5,True,True,True,False,True,False,False,True,False
上海,上海||浦东||书院镇||新舒苑,2018,4,5,5,True,True,True,False,True,False,False,True,False
上海,上海||浦东||唐镇||华昌小区,2020,2,1,1,False,False,False,False,True,True,False,False,False
上海,上海||浦东||唐镇||宏伟新村,2018,4,2,1,False,False,True,True,True,False,True,False,False
上海,上海||浦东||唐镇||金枫公寓,2018,4,2,2,False,True,True,False,True,False,True,False,False
上海,上海||浦东||宣桥||欣兰苑,2018,4,5,5,True,True,True,False,True,False,False,True,False
上海,上海||浦东||宣桥||欣春苑,2018,4,5,5,True,True,True,False,True,False,False,True,False
上海,上海||浦东||宣桥||欣松苑,2018,4,5,5,True,True,True,False,True,False,False,True,False
上海,上海||浦东||宣桥||欣梅苑,2018,4,5,5,True,True,True,False,True,False,False,True,False
上海,上海||浦东||宣桥||欣秋苑,2018,4,5,5,True,True,True,False,True,False,False,True,False
上海,上海||浦东||宣桥||欣荷苑,2018,4,5,5,True,True,True,False,True,False,False,True,False
上海,上海||浦东||宣桥||欣菊苑,2018,4,5,5,True,True,True,False,True,False,False,True,False
上海,上海||浦东||宣桥||艺泰安邦,2018,4,5,5,True,True,True,False,True,False,False,True,False
上海,上海||浦东||川沙||东都豪苑,2020,2,1,1,False,False,False,False,True,True,False,False,False
上海,上海||浦东||川沙||凌港城,2020,2,1,1,False,False,False,False,True,True,False,False,False
上海,上海||浦东||川沙||和憬家园,2019,3,1,1,False,False,False,False,True,True,False,False,False
上海,上海||浦东||川沙||天环苑,2019,3,2,2,False,True,True,False,True,False,True,False,False
上海,上海||浦东||川沙||思凡花苑一街坊,2018,4,5,5,True,True,True,False,True,False,False,True,False
上海,上海||浦东||川沙||思凡花苑二街坊,2018,4,5,5,True,True,True,False,True,False,False,True,False
上海,上海||浦东||川沙||新建路40弄,2020,2,1,1,False,False,False,False,True,True,False,False,False
上海,上海||浦东||川沙||施湾家园,2019,3,3,3,True,True,True,False,True,False,False,True,False
上海,上海||浦东||川沙||晨阳小区,2018,4,5,5,True,True,True,False,True,False,False,True,False
上海,上海||浦东||川沙||海霞佳苑,2018,4,4,4,True,True,True,False,True,False,False,True,False
上海,上海||浦东||川沙||玉兰苑(川沙),2020,2,1,1,False,False,False,False,True,True,False,False,False
上海,上海||浦东||川沙||百欣苑,2019,3,3,3,True,True,True,False,True,False,False,True,False
上海,上海||浦东||川沙||盛泰家园,2018,4,4,4,True,True,True,False,True,False,False,True,False
上海,上海||浦东||张江||展想悦廷,2018,4,5,5,True,True,True,False,True,False,False,True,False
上海,上海||浦东||惠南||东方听潮豪园,2022,0,1,1,False,,,,False,True,False,False,False
上海,上海||浦东||惠南||丹桂佳苑,2018,4,5,5,True,True,True,False,True,False,False,True,False
上海,上海||浦东||惠南||人生港湾南欧城,2020,2,1,1,False,False,False,False,True,True,False,False,False
上海,上海||浦东||惠南||听潮一村,2018,4,5,5,True,True,True,False,True,False,False,True,False
上海,上海||浦东||惠南||听潮二村,2018,4,5,5,True,True,True,False,True,False,False,True,False
上海,上海||浦东||惠南||听潮五村,2019,3,4,4,True,True,True,False,True,False,False,True,False
上海,上海||浦东||惠南||听潮六村,2018,4,5,5,True,True,True,False,True,False,False,True,False
上海,上海||浦东||惠南||听潮四村,2018,4,5,5,True,True,True,False,True,False,False,True,False
上海,上海||浦东||惠南||听潮民乐苑,2018,4,4,4,True,True,True,False,True,False,False,True,False
上海,上海||浦东||惠南||布鲁斯小镇(一期)(别墅),2021,1,2,2,False,True,True,False,True,False,True,False,False
上海,上海||浦东||惠南||布鲁斯小镇(二期),2018,4,4,4,True,True,True,False,True,False,False,True,False
上海,上海||浦东||惠南||布鲁斯小镇(绿地·皇家官邸),2019,3,2,2,False,True,True,False,True,False,True,False,False
上海,上海||浦东||惠南||彩虹雅苑,2018,4,3,3,True,True,True,False,True,False,False,True,False
上海,上海||浦东||惠南||德盈佳园,2018,4,5,5,True,True,True,False,True,False,False,True,False
上海,上海||浦东||惠南||惠康苑,2018,4,5,5,True,True,True,False,True,False,False,True,False
上海,上海||浦东||惠南||惠康苑西苑,2018,4,5,5,True,True,True,False,True,False,False,True,False
上海,上海||浦东||惠南||惠益新苑,2018,4,5,5,True,True,True,False,True,False,False,True,False
上海,上海||浦东||惠南||惠益新苑南苑,2018,4,5,5,True,True,True,False,True,False,False,True,False
上海,上海||浦东||惠南||桃源二村,2018,4,5,5,True,True,True,False,True,False,False,True,False
上海,上海||浦东||惠南||桃花源一村,2018,4,5,5,True,True,True,False,True,False,False,True,False
上海,上海||浦东||惠南||梅花新村(惠南),2019,3,4,4,True,True,True,False,True,False,False,True,False
上海,上海||浦东||惠南||民乐城丽园,2018,4,5,5,True,True,True,False,True,False,False,True,False
上海,上海||浦东||惠南||民乐城惠益绿苑,2018,4,5,5,True,True,True,False,True,False,False,True,False
上海,上海||浦东||惠南||江南清漪园,2018,4,5,5,True,True,True,False,True,False,False,True,False
上海,上海||浦东||惠南||泰燕华庭,2018,4,5,5,True,True,True,False,True,False,False,True,False
上海,上海||浦东||惠南||海燕二村,2018,4,5,5,True,True,True,False,True,False,False,True,False
上海,上海||浦东||惠南||申云小区,2018,4,4,4,True,True,True,False,True,False,False,True,False
上海,上海||浦东||惠南||绿地峰汇,2018,4,5,5,True,True,True,False,True,False,False,True,False
上海,上海||浦东||惠南||育新新村,2018,4,4,3,True,True,True,True,True,False,False,True,False
上海,上海||浦东||惠南||荡湾新村,2018,4,5,5,True,True,True,False,True,False,False,True,False
上海,上海||浦东||惠南||莎海惠晨苑,2018,4,5,5,True,True,True,False,True,False,False,True,False
上海,上海||浦东||惠南||西北新村,2018,4,5,5,True,True,True,False,True,False,False,True,False
上海,上海||浦东||惠南||锦绣汇丽苑,2018,4,5,5,True,True,True,False,True,False,False,True,False
上海,上海||浦东||惠南||龙源星城,2018,4,5,5,True,True,True,False,True,False,False,True,False
上海,上海||浦东||新场||汇锦城(一期),2018,4,3,3,True,True,True,False,True,False,False,True,False
上海,上海||浦东||泥城镇||东亚阳光里,2018,4,5,5,True,True,True,False,True,False,False,True,False
上海,上海||浦东||泥城镇||丽都华庭,2018,4,5,5,True,True,True,False,True,False,False,True,False
上海,上海||浦东||泥城镇||乾耀东港,2018,4,5,5,True,True,True,False,True,False,False,True,False
上海,上海||浦东||泥城镇||云帆佳苑,2018,4,5,5,True,True,True,False,True,False,False,True,False
上海,上海||浦东||泥城镇||云帆名苑,2018,4,5,5,True,True,True,False,True,False,False,True,False
上海,上海||浦东||泥城镇||云帆花苑,2018,4,5,5,True,True,True,False,True,False,False,True,False
上海,上海||浦东||泥城镇||云帆雅苑,2018,4,5,5,True,True,True,False,True,False,False,True,False
上海,上海||浦东||泥城镇||云松景庭,2018,4,5,5,True,True,True,False,True,False,False,True,False
上海,上海||浦东||泥城镇||云松翠庭,2018,4,5,5,True,True,True,False,True,False,False,True,False
上海,上海||浦东||泥城镇||云树欣居,2018,4,5,5,True,True,True,False,True,False,False,True,False
上海,上海||浦东||泥城镇||云锦丽苑,2018,4,5,5,True,True,True,False,True,False,False,True,False
上海,上海||浦东||泥城镇||云锦佳苑,2018,4,5,5,True,True,True,False,True,False,False,True,False
上海,上海||浦东||泥城镇||云锦名苑,2018,4,5,5,True,True,True,False,True,False,False,True,False
上海,上海||浦东||泥城镇||云锦新苑,2018,4,5,5,True,True,True,False,True,False,False,True,False
上海,上海||浦东||泥城镇||云锦雅苑,2018,4,5,5,True,True,True,False,True,False,False,True,False
上海,上海||浦东||泥城镇||泥城苑,2018,4,5,5,True,True,True,False,True,False,False,True,False
上海,上海||浦东||泥城镇||清风丽苑,2018,4,5,5,True,True,True,False,True,False,False,True,False
上海,上海||浦东||泥城镇||清风雅苑,2018,4,5,5,True,True,True,False,True,False,False,True,False
上海,上海||浦东||泥城镇||荷风翠庭,2018,4,5,5,True,True,True,False,True,False,False,True,False
上海,上海||浦东||泥城镇||蓝色城邦(公寓),2018,4,5,5,True,True,True,False,True,False,False,True,False
上海,上海||浦东||航头||东升家园(三期),2018,4,5,5,True,True,True,False,True,False,False,True,False
上海,上海||浦东||航头||昱丽家园,2020,2,1,1,False,False,False,False,True,True,False,False,False
上海,上海||浦东||航头||鹤沙航城航武嘉园,2020,2,1,1,False,False,False,False,True,True,False,False,False
上海,上海||浦东||金桥||碧云东壹栋,2018,4,3,3,True,True,True,False,True,False,False,True,False
上海,上海||浦东||高行||连城新苑,2018,4,1,1,False,False,False,False,True,True,False,False,False
上海,上海||金山||金山||滨海一村,2018,4,5,5,True,True,True,False,True,False,False,True,False
上海,上海||金山||金山||滨海二村,2018,4,5,5,True,True,True,False,True,False,False,True,False
上海,上海||闵行||古美||中友嘉园,2022,0,1,1,False,,,,False,True,False,False,False
上海,上海||闵行||吴泾||万乐城(商业类),2018,4,5,5,True,True,True,False,True,False,False,True,False
上海,上海||闵行||浦江||万科早城(一期),2018,4,5,5,True,True,True,False,True,False,False,True,False
上海,上海||闵行||浦江||万科早城(二期),2018,4,5,5,True,True,True,False,True,False,False,True,False
上海,上海||闵行||浦江||旭辉浦江国际广场(酒店式公寓),2018,4,5,5,True,True,True,False,True,False,False,True,False
上海,上海||闵行||老闵行||凤庆小区,2020,2,1,1,False,False,False,False,True,True,False,False,False
上海,上海||闵行||老闵行||康乐花园(闵行),2020,2,1,1,False,False,False,False,True,True,False,False,False
上海,上海||闵行||老闵行||昆阳小区,2018,4,4,4,True,True,True,False,True,False,False,True,False
上海,上海||闵行||老闵行||景谷苑,2019,3,2,2,False,True,True,False,True,False,True,False,False
上海,上海||闵行||老闵行||红旗三村,2020,2,1,1,False,False,False,False,True,True,False,False,False
上海,上海||闵行||老闵行||红旗五村,2020,2,1,1,False,False,False,False,True,True,False,False,False
上海,上海||闵行||老闵行||红旗小区,2020,2,1,1,False,False,False,False,True,True,False,False,False
上海,上海||闵行||老闵行||马桥景城馨苑,2018,4,2,1,False,False,True,True,True,False,True,False,False
上海,上海||青浦||华新||新丰公寓,2018,4,3,3,True,True,True,False,True,False,False,True,False
上海,上海||青浦||夏阳||仁恒运杰河滨花园,2018,4,1,1,False,False,False,False,True,True,False,False,False
上海,上海||青浦||夏阳||佳乐苑,2020,2,1,1,False,False,False,False,True,True,False,False,False
上海,上海||青浦||夏阳||华骥苑,2018,4,4,4,True,True,True,False,True,False,False,True,False
上海,上海||青浦||夏阳||吉富绅花园,2020,2,1,1,False,False,False,False,True,True,False,False,False
上海,上海||青浦||夏阳||城东新村一村,2020,2,1,1,False,False,False,False,True,True,False,False,False
上海,上海||青浦||夏阳||城东新村（三区）,2019,3,1,1,False,False,False,False,True,True,False,False,False
上海,上海||青浦||夏阳||夏阳湖国际花园,2019,3,2,2,False,True,True,False,True,False,True,False,False
上海,上海||青浦||夏阳||怡田小区,2020,2,1,1,False,False,False,False,True,True,False,False,False
上海,上海||青浦||夏阳||桂花园(青浦),2018,4,3,3,True,True,True,False,True,False,False,True,False
上海,上海||青浦||夏阳||梦丹苑,2018,4,3,3,True,True,True,False,True,False,False,True,False
上海,上海||青浦||夏阳||界泾港新村,2019,3,1,1,False,False,False,False,True,True,False,False,False
上海,上海||青浦||夏阳||蓬莱山庄,2019,3,3,3,True,True,True,False,True,False,False,True,False
上海,上海||青浦||夏阳||运杰城市花园,2018,4,3,3,True,True,True,False,True,False,False,True,False
上海,上海||青浦||夏阳||金地格林郡,2020,2,1,1,False,False,False,False,True,True,False,False,False
上海,上海||青浦||夏阳||顺驰蓝湾,2019,3,1,1,False,False,False,False,True,True,False,False,False
上海,上海||青浦||朱家角||东方庭院(别墅),2018,4,4,4,True,True,True,False,True,False,False,True,False
上海,上海||青浦||朱家角||文苑,2018,4,4,4,True,True,True,False,True,False,False,True,False
上海,上海||青浦||朱家角||海上湾闻涧,2018,4,4,4,True,True,True,False,True,False,False,True,False
上海,上海||青浦||朱家角||海上郡,2018,4,3,3,True,True,True,False,True,False,False,True,False
上海,上海||青浦||朱家角||珠溪新苑,2018,4,5,5,True,True,True,False,True,False,False,True,False
上海,上海||青浦||朱家角||证大朱家角西镇,2018,4,2,1,False,False,True,True,True,False,True,False,False
上海,上海||青浦||朱家角||锦苑,2019,3,2,2,False,True,True,False,True,False,True,False,False
上海,上海||青浦||白鹤||绿地启航城,2018,4,5,5,True,True,True,False,True,False,False,True,False
上海,上海||青浦||白鹤||绿地时代名邸,2018,4,5,5,True,True,True,False,True,False,False,True,False
上海,上海||青浦||盈浦||万寿新村(青浦),2019,3,2,2,False,True,True,False,True,False,True,False,False
上海,上海||青浦||盈浦||盈中新村,2020,2,1,1,False,False,False,False,True,True,False,False,False
上海,上海||青浦||赵巷||崧泽华城佳福雅苑（二区）,2018,4,3,3,True,True,True,False,True,False,False,True,False
上海,上海||青浦||赵巷||崧泽华城佳福雅苑（五区）,2018,4,2,1,False,False,True,True,True,False,True,False,False
上海,上海||青浦||赵巷||崧泽华城佳福雅苑（六区）,2018,4,3,3,True,True,True,False,True,False,False,True,False
上海,上海||青浦||赵巷||崧泽华城华中苑,2018,4,5,5,True,True,True,False,True,False,False,True,False
上海,上海||青浦||赵巷||崧泽华城逸泰雅苑,2018,4,2,1,False,False,True,True,True,False,True,False,False
上海,上海||青浦||赵巷||崧泽华城逸泰雅苑（二期）,2020,2,1,1,False,False,False,False,True,True,False,False,False
上海,上海||青浦||赵巷||泷湾苑,2018,4,3,3,True,True,True,False,True,False,False,True,False
上海,上海||青浦||香花桥||都汇华庭,2018,4,5,5,True,True,True,False,True,False,False,True,False
上海,上海||静安||静安寺||爱俪轩,2021,1,1,1,False,False,False,False,True,True,False,False,False
上海,上海||黄浦||打浦桥||思南新苑,2022,0,1,1,False,,,,False,True,False,False,False
上海,上海||黄浦||豫园||士林华苑,2022,0,1,1,False,,,,False,True,False,False,False
丹东,丹东||元宝区||元宝区||兴隆小区,2020,2,1,1,False,False,False,False,True,True,False,False,False
丹东,丹东||元宝区||元宝区||城隍庙小区,2019,3,2,1,False,False,True,True,True,False,True,False,False
丹东,丹东||元宝区||元宝区||绸二新区南区,2022,0,1,1,False,,,,False,True,False,False,False
丹东,丹东||元宝区||元宝区||虹桥小区,2020,2,1,1,False,False,False,False,True,True,False,False,False
丹东,丹东||元宝区||元宝区||鸭纸小区,2020,2,2,2,False,True,True,False,True,False,True,False,False
丹东,丹东||振兴区||振兴区||工业小区,2021,1,1,1,False,False,False,False,True,True,False,False,False
丹东,丹东||振兴区||振兴区||桃铁社区,2018,4,2,1,False,False,True,True,True,False,True,False,False
丹东,丹东||振兴区||振兴区||永昌社区,2018,4,1,1,False,False,False,False,True,True,False,False,False
丹东,丹东||振兴区||振兴区||港湾小区,2021,1,1,1,False,False,False,False,True,True,False,False,False
丹东,丹东||振兴区||振兴区||盐库小区,2018,4,1,1,False,False,False,False,True,True,False,False,False
丹东,丹东||振兴区||振兴区||银杏佳园,2018,4,3,3,True,True,True,False,True,False,False,True,False
丹东,丹东||振安区||振安区||东平嘉苑,2018,4,1,1,False,False,False,False,True,True,False,False,False
丹东,丹东||振安区||振安区||御鑫源,2018,4,1,1,False,False,False,False,True,True,False,False,False
保定,保定||涿州||涿州||翡翠滨江,2018,4,2,2,False,True,True,False,True,False,True,False,False
保定,保定||涿州||涿州||蓝天美林湾,2018,4,2,1,False,False,True,True,True,False,True,False,False
北京,北京||东城||朝阳门内||朝内大街136号院,2020,2,1,1,False,False,False,False,True,True,False,False,False
北京,北京||丰台||丰台其它||东山坡一里,2018,4,2,1,False,False,True,True,True,False,True,False,False
北京,北京||丰台||丰台其它||东山坡二里,2020,2,2,2,False,True,True,False,True,False,True,False,False
北京,北京||丰台||丰台其它||南宫雅苑一期,2019,3,1,1,False,False,False,False,True,True,False,False,False
北京,北京||丰台||丰台其它||南宫雅苑二期,2018,4,2,2,False,True,True,False,True,False,True,False,False
北京,北京||丰台||丰台其它||崔村一里,2020,2,3,3,True,True,True,False,True,False,False,True,False
北京,北京||丰台||丰台其它||张郭庄小区,2022,0,1,1,False,,,,False,True,False,False,False
北京,北京||丰台||丰台其它||永兴里,2020,2,3,3,True,True,True,False,True,False,False,True,False
北京,北京||丰台||丰台其它||珠江御景,2019,3,1,1,False,False,False,False,True,True,False,False,False
北京,北京||丰台||岳各庄||大成时代公馆,2018,4,5,5,True,True,True,False,True,False,False,True,False
北京,北京||丰台||岳各庄||红庭,2022,0,1,1,False,,,,False,True,False,False,False
北京,北京||丰台||成寿寺||鑫源国际,2022,0,1,1,False,,,,False,True,False,False,False
北京,北京||丰台||玉泉营||三环新城4号院,2022,0,1,1,False,,,,False,True,False,False,False
北京,北京||丰台||青塔||熙公馆,2018,4,5,5,True,True,True,False,True,False,False,True,False
北京,北京||亦庄开发区||亦庄||力宝广场,2018,4,4,3,True,True,True,True,True,False,False,True,False
北京,北京||亦庄开发区||亦庄||君安国际,2018,4,5,5,True,True,True,False,True,False,False,True,False
北京,北京||亦庄开发区||亦庄||国融国际,2018,4,3,3,True,True,True,False,True,False,False,True,False
北京,北京||亦庄开发区||亦庄||荣京丽都,2018,4,5,5,True,True,True,False,True,False,False,True,False
北京,北京||亦庄开发区||亦庄||锋创科技园,2018,4,5,5,True,True,True,False,True,False,False,True,False
北京,北京||大兴||亦庄||金色漫香林六期,2018,4,5,5,True,True,True,False,True,False,False,True,False
北京,北京||大兴||南中轴机场商务区||格林云墅,2019,3,1,1,False,False,False,False,True,True,False,False,False
北京,北京||大兴||南中轴机场商务区||蓝桥驿苑,2018,4,3,2,True,True,True,True,True,False,False,False,True
北京,北京||大兴||南中轴机场商务区||金色漫香郡北区,2019,3,2,1,False,False,True,True,True,False,True,False,False
北京,北京||大兴||南中轴机场商务区||金色漫香郡南区,2018,4,2,2,False,True,True,False,True,False,True,False,False
北京,北京||大兴||南中轴机场商务区||首地浣溪谷,2018,4,4,3,True,True,True,True,True,False,False,True,False
北京,北京||大兴||大兴其它||i立方,2018,4,5,5,True,True,True,False,True,False,False,True,False
北京,北京||大兴||大兴其它||福苑小区,2018,4,1,1,False,False,False,False,True,True,False,False,False
北京,北京||大兴||大兴新机场||众美城,2018,4,5,5,True,True,True,False,True,False,False,True,False
北京,北京||大兴||大兴新机场||富力丹麦小镇D区,2018,4,4,2,True,True,True,True,True,False,False,False,True
北京,北京||大兴||大兴新机场||富力华庭苑西区,2018,4,4,3,True,True,True,True,True,False,False,True,False
北京,北京||大兴||大兴新机场||御园C区,2018,4,5,5,True,True,True,False,True,False,False,True,False
北京,北京||大兴||大兴新机场||隆盛园,2018,4,5,5,True,True,True,False,True,False,False,True,False
北京,北京||大兴||大兴新机场||龙熙顺景丁区,2018,4,5,5,True,True,True,False,True,False,False,True,False
北京,北京||大兴||天宫院||保利春天派,2018,4,5,5,True,True,True,False,True,False,False,True,False
北京,北京||大兴||天宫院||天宫院小区,2018,4,2,2,False,True,True,False,True,False,True,False,False
北京,北京||大兴||天宫院||新源时代,2018,4,1,1,False,False,False,False,True,True,False,False,False
北京,北京||大兴||天宫院||熙兆大厦,2018,4,5,5,True,True,True,False,True,False,False,True,False
北京,北京||大兴||天宫院||珺悦国际,2018,4,5,5,True,True,True,False,True,False,False,True,False
北京,北京||大兴||旧宫||东亚五环国际,2018,4,5,5,True,True,True,False,True,False,False,True,False
北京,北京||大兴||旧宫||佳和园老区,2018,4,1,1,False,False,False,False,True,True,False,False,False
北京,北京||大兴||旧宫||清逸园甲区,2019,3,1,1,False,False,False,False,True,True,False,False,False
北京,北京||大兴||枣园||先锋公寓,2018,4,5,5,True,True,True,False,True,False,False,True,False
北京,北京||大兴||枣园||双河北里,2018,4,4,2,True,True,True,True,True,False,False,False,True
北京,北京||大兴||枣园||团河苑,2018,4,1,1,False,False,False,False,True,True,False,False,False
北京,北京||大兴||枣园||康庄路52号院,2018,4,1,1,False,False,False,False,True,True,False,False,False
北京,北京||大兴||枣园||新安里,2018,4,4,4,True,True,True,False,True,False,False,True,False
北京,北京||大兴||枣园||波普公社,2018,4,5,5,True,True,True,False,True,False,False,True,False
北京,北京||大兴||枣园||滨河坊,2018,4,1,1,False,False,False,False,True,True,False,False,False
北京,北京||大兴||枣园||首座御园一区二期,2018,4,2,2,False,True,True,False,True,False,True,False,False
北京,北京||大兴||枣园||首座御园二区二期,2018,4,2,2,False,True,True,False,True,False,True,False,False
北京,北京||大兴||瀛海||瀛嘉汇,2018,4,5,5,True,True,True,False,True,False,False,True,False
北京,北京||大兴||瀛海||瀛海家园融园D区,2018,4,1,1,False,False,False,False,True,True,False,False,False
北京,北京||大兴||科技园区||明春西园,2018,4,3,1,True,False,True,True,True,False,False,False,True
北京,北京||大兴||科技园区||长丰园一区,2018,4,3,2,True,True,True,True,True,False,False,False,True
北京,北京||大兴||西红门||九龙山庄二区,2018,4,1,1,False,False,False,False,True,True,False,False,False
北京,北京||大兴||西红门||星光佳园,2018,4,3,3,True,True,True,False,True,False,False,True,False
北京,北京||大兴||西红门||理想家园,2019,3,1,1,False,False,False,False,True,True,False,False,False
北京,北京||大兴||西红门||金华园,2018,4,1,1,False,False,False,False,True,True,False,False,False
北京,北京||大兴||西红门||金荣园,2018,4,2,2,False,True,True,False,True,False,True,False,False
北京,北京||大兴||观音寺||双河南里,2018,4,3,3,True,True,True,False,True,False,False,True,False
北京,北京||大兴||观音寺||宇丰苑,2018,4,5,5,True,True,True,False,True,False,False,True,False
北京,北京||大兴||观音寺||海子角南里,2018,4,5,5,True,True,True,False,True,False,False,True,False
北京,北京||大兴||观音寺||海子角西里,2018,4,5,5,True,True,True,False,True,False,False,True,False
北京,北京||大兴||观音寺||观音寺南里,2018,4,2,2,False,True,True,False,True,False,True,False,False
北京,北京||大兴||观音寺||观音寺小区,2018,4,3,2,True,True,True,True,True,False,False,False,True
北京,北京||大兴||观音寺||辛店小区,2019,3,4,4,True,True,True,False,True,False,False,True,False
北京,北京||大兴||高米店||泰中花园,2018,4,1,1,False,False,False,False,True,True,False,False,False
北京,北京||大兴||高米店||郁花园二里,2019,3,1,1,False,False,False,False,True,True,False,False,False
北京,北京||大兴||高米店||金惠园三里南区,2018,4,1,1,False,False,False,False,True,True,False,False,False
北京,北京||大兴||高米店||青岛嘉园,2018,4,1,1,False,False,False,False,True,True,False,False,False
北京,北京||大兴||黄村中||兴辰大厦,2018,4,5,5,True,True,True,False,True,False,False,True,False
北京,北京||大兴||黄村中||黄村东里,2020,2,2,1,False,False,True,True,True,False,True,False,False
北京,北京||大兴||黄村火车站||义和庄东里,2018,4,5,5,True,True,True,False,True,False,False,True,False
北京,北京||大兴||黄村火车站||兴水家园,2019,3,1,1,False,False,False,False,True,True,False,False,False
北京,北京||大兴||黄村火车站||漪景园,2018,4,3,3,True,True,True,False,True,False,False,True,False
北京,北京||大兴||黄村火车站||长兴公寓,2018,4,4,3,True,False,True,True,True,False,False,True,False
北京,北京||房山||城关||中冶蓝城东区,2018,4,5,5,True,True,True,False,True,False,False,True,False
北京,北京||房山||燕山||迎风一里,2018,4,5,5,True,True,True,False,True,False,False,True,False
北京,北京||房山||窦店||万科幸福汇,2018,4,5,5,True,True,True,False,True,False,False,True,False
北京,北京||房山||窦店||山水汇豪苑A区,2018,4,5,5,True,True,True,False,True,False,False,True,False
北京,北京||房山||窦店||山水汇豪苑B区,2018,4,5,5,True,True,True,False,True,False,False,True,False
北京,北京||房山||窦店||沁园春景,2018,4,5,5,True,True,True,False,True,False,False,True,False
北京,北京||房山||窦店||沁馥家园,2018,4,5,5,True,True,True,False,True,False,False,True,False
北京,北京||房山||良乡||伟业嘉园西里,2018,4,4,3,True,True,True,True,True,False,False,True,False
北京,北京||房山||良乡||佳世苑小区,2018,4,5,5,True,True,True,False,True,False,False,True,False
北京,北京||房山||良乡||兴家小区,2018,4,5,5,True,True,True,False,True,False,False,True,False
北京,北京||房山||良乡||北京城建胜茂傲山,2019,3,3,2,True,False,True,True,True,False,False,False,True
北京,北京||房山||良乡||北关东路社区,2018,4,4,2,True,True,True,True,True,False,False,False,True
北京,北京||房山||良乡||北潞华家园,2018,4,5,5,True,True,True,False,True,False,False,True,False
北京,北京||房山||良乡||北潞春家园,2018,4,5,5,True,True,True,False,True,False,False,True,False
北京,北京||房山||良乡||北潞芳家园,2018,4,5,5,True,True,True,False,True,False,False,True,False
北京,北京||房山||良乡||北潞馨家园,2018,4,4,2,True,True,True,True,True,False,False,False,True
北京,北京||房山||良乡||吴店西里,2018,4,5,5,True,True,True,False,True,False,False,True,False
北京,北京||房山||良乡||嘉瑞通小区,2018,4,5,5,True,True,True,False,True,False,False,True,False
北京,北京||房山||良乡||四合巷小区,2018,4,4,2,True,True,True,True,True,False,False,False,True
北京,北京||房山||良乡||太平庄东里通尚苑,2018,4,5,5,True,True,True,False,True,False,False,True,False
北京,北京||房山||良乡||建华北里小区,2018,4,5,5,True,True,True,False,True,False,False,True,False
北京,北京||房山||良乡||建设巷小区,2018,4,5,5,True,True,True,False,True,False,False,True,False
北京,北京||房山||良乡||拱辰南大街,2018,4,5,5,True,True,True,False,True,False,False,True,False
北京,北京||房山||良乡||文化路社区,2018,4,4,2,True,True,True,True,True,False,False,False,True
北京,北京||房山||良乡||新建巷小区,2018,4,5,5,True,True,True,False,True,False,False,True,False
北京,北京||房山||良乡||旭辉E天地,2018,4,5,5,True,True,True,False,True,False,False,True,False
北京,北京||房山||良乡||昊天嘉园,2018,4,4,2,True,True,True,True,True,False,False,False,True
北京,北京||房山||良乡||昊天温泉家园,2018,4,5,5,True,True,True,False,True,False,False,True,False
北京,北京||房山||良乡||昊文温泉家园,2018,4,5,5,True,True,True,False,True,False,False,True,False
北京,北京||房山||良乡||明源北里,2018,4,5,5,True,True,True,False,True,False,False,True,False
北京,北京||房山||良乡||智汇雅苑,2018,4,1,1,False,False,False,False,True,True,False,False,False
北京,北京||房山||良乡||月华小区,2018,4,5,5,True,True,True,False,True,False,False,True,False
北京,北京||房山||良乡||月华新村,2018,4,5,5,True,True,True,False,True,False,False,True,False
北京,北京||房山||良乡||海逸半岛,2018,4,1,1,False,False,False,False,True,True,False,False,False
北京,北京||房山||良乡||玉竹园小区一里,2018,4,5,5,True,True,True,False,True,False,False,True,False
北京,北京||房山||良乡||瑞雪春堂,2018,4,3,2,True,True,True,True,True,False,False,False,True
北京,北京||房山||良乡||罗府家园,2018,4,5,5,True,True,True,False,True,False,False,True,False
北京,北京||房山||良乡||花园巷小区,2018,4,5,5,True,True,True,False,True,False,False,True,False
北京,北京||房山||良乡||苏庄一里小区,2018,4,5,5,True,True,True,False,True,False,False,True,False
北京,北京||房山||良乡||苏庄二里,2018,4,5,5,True,True,True,False,True,False,False,True,False
北京,北京||房山||良乡||行宫园一里,2018,4,5,5,True,True,True,False,True,False,False,True,False
北京,北京||房山||良乡||行宫园三里,2018,4,5,5,True,True,True,False,True,False,False,True,False
北京,北京||房山||良乡||行宫园二里,2018,4,5,5,True,True,True,False,True,False,False,True,False
北京,北京||房山||良乡||行宫园四里,2018,4,5,5,True,True,True,False,True,False,False,True,False
北京,北京||房山||良乡||西潞东里社区,2018,4,5,5,True,True,True,False,True,False,False,True,False
北京,北京||房山||良乡||西潞园一里,2018,4,2,1,False,False,True,True,True,False,True,False,False
北京,北京||房山||良乡||西潞园二里,2018,4,5,5,True,True,True,False,True,False,False,True,False
北京,北京||房山||良乡||西潞园四里,2018,4,5,5,True,True,True,False,True,False,False,True,False
北京,北京||房山||良乡||西路南里小区,2018,4,5,5,True,True,True,False,True,False,False,True,False
北京,北京||房山||良乡||辰光嘉园,2021,1,2,2,False,True,True,False,True,False,True,False,False
北京,北京||房山||良乡||长虹小区,2018,4,5,5,True,True,True,False,True,False,False,True,False
北京,北京||房山||良乡||阳光邑上别墅区,2020,2,1,1,False,False,False,False,True,True,False,False,False
北京,北京||房山||良乡||韩建青春誌,2018,4,1,1,False,False,False,False,True,True,False,False,False
北京,北京||房山||良乡||首创伊林郡一期,2018,4,2,2,False,True,True,False,True,False,True,False,False
北京,北京||房山||良乡||首开熙悦睿府书香,2018,4,2,1,False,False,True,True,True,False,True,False,False
北京,北京||房山||良乡||鸿顺园东区,2018,4,1,1,False,False,False,False,True,True,False,False,False
北京,北京||房山||良乡||鸿顺园西区,2018,4,5,5,True,True,True,False,True,False,False,True,False
北京,北京||房山||良乡||黄辛庄东里,2018,4,5,5,True,True,True,False,True,False,False,True,False
北京,北京||房山||长阳||FCC中央城,2018,4,5,5,True,True,True,False,True,False,False,True,False
北京,北京||房山||长阳||九洲溪雅苑一区,2018,4,5,5,True,True,True,False,True,False,False,True,False
北京,北京||房山||长阳||九洲溪雅苑二区,2018,4,5,5,True,True,True,False,True,False,False,True,False
北京,北京||房山||长阳||五和万科长阳天地9号院,2018,4,5,5,True,True,True,False,True,False,False,True,False
北京,北京||房山||长阳||加州水郡三期,2018,4,5,5,True,True,True,False,True,False,False,True,False
北京,北京||房山||长阳||加州水郡二期,2018,4,5,5,True,True,True,False,True,False,False,True,False
北京,北京||房山||长阳||加州水郡四期,2018,4,4,3,True,True,True,True,True,False,False,True,False
北京,北京||房山||长阳||半岛金街,2018,4,5,5,True,True,True,False,True,False,False,True,False
北京,北京||房山||长阳||大宁山庄三区C区,2018,4,1,1,False,False,False,False,True,True,False,False,False
北京,北京||房山||长阳||天泰新景,2018,4,5,5,True,True,True,False,True,False,False,True,False
北京,北京||房山||长阳||天资璟庭,2018,4,2,2,False,True,True,False,True,False,True,False,False
北京,北京||房山||长阳||天骄俊园,2018,4,3,3,True,True,True,False,True,False,False,True,False
北京,北京||房山||长阳||碧桂园小区A区,2018,4,5,5,True,True,True,False,True,False,False,True,False
北京,北京||房山||长阳||碧桂园小区C区,2018,4,5,5,True,True,True,False,True,False,False,True,False
北京,北京||房山||长阳||碧桂园小区二区,2018,4,5,5,True,True,True,False,True,False,False,True,False
北京,北京||房山||长阳||碧波园,2018,4,5,5,True,True,True,False,True,False,False,True,False
北京,北京||房山||长阳||绿地启航社,2018,4,5,5,True,True,True,False,True,False,False,True,False
北京,北京||房山||长阳||西悦欣居,2018,4,1,1,False,False,False,False,True,True,False,False,False
北京,北京||房山||长阳||长阳半岛怡和路8号院,2020,2,2,1,False,False,True,True,True,False,True,False,False
北京,北京||房山||长阳||长龙苑小区,2018,4,5,5,True,True,True,False,True,False,False,True,False
北京,北京||房山||长阳||首开熙悦双子座,2018,4,5,5,True,True,True,False,True,False,False,True,False
北京,北京||房山||长阳||首开熙悦广场,2018,4,5,5,True,True,True,False,True,False,False,True,False
北京,北京||房山||阎村||东亚朗悦居,2018,4,5,5,True,True,True,False,True,False,False,True,False
北京,北京||房山||阎村||天恒乐活城,2018,4,5,5,True,True,True,False,True,False,False,True,False
北京,北京||房山||阎村||燕化星城北里,2018,4,5,5,True,True,True,False,True,False,False,True,False
北京,北京||房山||阎村||燕化星城建德一里,2018,4,5,5,True,True,True,False,True,False,False,True,False
北京,北京||房山||阎村||燕化星城建德二里,2018,4,5,5,True,True,True,False,True,False,False,True,False
北京,北京||房山||阎村||燕化星城建德四里,2018,4,5,5,True,True,True,False,True,False,False,True,False
北京,北京||房山||阎村||绿城百合公寓云栖苑,2018,4,4,4,True,True,True,False,True,False,False,True,False
北京,北京||房山||阎村||绿城百合公寓南屏苑,2018,4,4,4,True,True,True,False,True,False,False,True,False
北京,北京||房山||阎村||绿城百合公寓春云苑,2018,4,5,5,True,True,True,False,True,False,False,True,False
北京,北京||房山||阎村||绿城百合公寓梦泉苑,2018,4,5,5,True,True,True,False,True,False,False,True,False
北京,北京||房山||阎村||绿城百合公寓玉泉苑,2018,4,5,5,True,True,True,False,True,False,False,True,False
北京,北京||房山||阎村||绿城百合公寓霁雪苑,2018,4,5,5,True,True,True,False,True,False,False,True,False
北京,北京||房山||阎村||腾龙家园一区,2018,4,5,5,True,True,True,False,True,False,False,True,False
北京,北京||房山||阎村||腾龙家园三区,2018,4,5,5,True,True,True,False,True,False,False,True,False
北京,北京||房山||阎村||腾龙家园二区,2018,4,5,5,True,True,True,False,True,False,False,True,False
北京,北京||房山||韩村河||大自然新城雅苑,2018,4,5,5,True,True,True,False,True,False,False,True,False
北京,北京||昌平||东关||宁馨苑,2018,4,1,1,False,False,False,False,True,True,False,False,False
北京,北京||昌平||东关||建安里小区,2018,4,1,1,False,False,False,False,True,True,False,False,False
北京,北京||昌平||东关||畅椿阁,2018,4,1,1,False,False,False,False,True,True,False,False,False
北京,北京||昌平||东关||红石座,2018,4,5,5,True,True,True,False,True,False,False,True,False
北京,北京||昌平||北七家||北京太阳城,2018,4,4,3,True,True,True,True,True,False,False,True,False
北京,北京||昌平||北七家||名流花园,2018,4,3,3,True,True,True,False,True,False,False,True,False
北京,北京||昌平||北七家||望都家园,2018,4,1,1,False,False,False,False,True,True,False,False,False
北京,北京||昌平||北七家||桃园公寓,2018,4,5,5,True,True,True,False,True,False,False,True,False
北京,北京||昌平||北七家||温泉花园A区,2018,4,2,2,False,True,True,False,True,False,True,False,False
北京,北京||昌平||北七家||温泉花园B区,2018,4,3,3,True,True,True,False,True,False,False,True,False
北京,北京||昌平||北七家||燕城北苑,2018,4,1,1,False,False,False,False,True,True,False,False,False
北京,北京||昌平||北七家||燕城苑北区,2018,4,4,3,True,False,True,True,True,False,False,True,False
北京,北京||昌平||北七家||燕城苑南区,2018,4,1,1,False,False,False,False,True,True,False,False,False
北京,北京||昌平||北七家||王府温馨公寓,2018,4,3,3,True,True,True,False,True,False,False,True,False
北京,北京||昌平||北七家||王府花园,2018,4,2,2,False,True,True,False,True,False,True,False,False
北京,北京||昌平||北七家||蓬莱公寓东区,2019,3,3,3,True,True,True,False,True,False,False,True,False
北京,北京||昌平||北七家||蓬莱公寓西区,2018,4,5,5,True,True,True,False,True,False,False,True,False
北京,北京||昌平||北七家||西湖新村,2018,4,3,3,True,True,True,False,True,False,False,True,False
北京,北京||昌平||南口||南农家园,2018,4,5,5,True,True,True,False,True,False,False,True,False
北京,北京||昌平||南口||南厂东区,2018,4,5,5,True,True,True,False,True,False,False,True,False
北京,北京||昌平||南口||南厂住宅中区,2018,4,5,5,True,True,True,False,True,False,False,True,False
北京,北京||昌平||南口||南厂住宅西区,2018,4,5,5,True,True,True,False,True,False,False,True,False
北京,北京||昌平||南口||南厂北区,2018,4,5,5,True,True,True,False,True,False,False,True,False
北京,北京||昌平||南口||新西广街,2018,4,5,5,True,True,True,False,True,False,False,True,False
北京,北京||昌平||南口||鹿牌家园小区,2018,4,5,5,True,True,True,False,True,False,False,True,False
北京,北京||昌平||南邵||拓然家苑,2018,4,1,1,False,False,False,False,True,True,False,False,False
北京,北京||昌平||回龙观||上北鑫座,2018,4,5,5,True,True,True,False,True,False,False,True,False
北京,北京||昌平||回龙观||东亚上北中心,2018,4,2,2,False,True,True,False,True,False,True,False,False
北京,北京||昌平||回龙观||领秀慧谷D区,2018,4,1,1,False,False,False,False,True,True,False,False,False
北京,北京||昌平||回龙观||首开国风美唐综合楼,2018,4,5,5,True,True,True,False,True,False,False,True,False
北京,北京||昌平||回龙观||首开智慧社,2019,3,2,1,False,False,True,True,True,False,True,False,False
北京,北京||昌平||天通苑||东亚奥北中心北区,2018,4,3,2,True,True,True,True,True,False,False,False,True
北京,北京||昌平||天通苑||公园两栋,2021,1,1,1,False,False,False,False,True,True,False,False,False
北京,北京||昌平||天通苑||天通中苑二区,2018,4,4,3,True,True,True,True,True,False,False,True,False
北京,北京||昌平||天通苑||天通西苑三区,2018,4,1,1,False,False,False,False,True,True,False,False,False
北京,北京||昌平||昌平其它||典雅庄园,2018,4,4,3,True,True,True,True,True,False,False,True,False
北京,北京||昌平||昌平其它||桥梁厂小区,2018,4,5,5,True,True,True,False,True,False,False,True,False
北京,北京||昌平||昌平其它||检测厂宿舍楼,2018,4,5,5,True,True,True,False,True,False,False,True,False
北京,北京||昌平||昌平其它||碧春园,2018,4,3,3,True,True,True,False,True,False,False,True,False
北京,北京||昌平||昌平其它||金科帕提欧,2018,4,4,4,True,True,True,False,True,False,False,True,False
北京,北京||昌平||昌平其它||马池口红冶家属院,2018,4,5,5,True,True,True,False,True,False,False,True,False
北京,北京||昌平||昌平其它||龙脉温泉,2018,4,4,3,True,True,True,True,True,False,False,True,False
北京,北京||昌平||沙河||信苑小区,2018,4,3,3,True,True,True,False,True,False,False,True,False
北京,北京||昌平||沙河||北一街8号,2018,4,1,1,False,False,False,False,True,True,False,False,False
北京,北京||昌平||沙河||善缘嘉园,2018,4,2,2,False,True,True,False,True,False,True,False,False
北京,北京||昌平||沙河||水工机械厂宿舍,2019,3,1,1,False,False,False,False,True,True,False,False,False
北京,北京||昌平||沙河||沙河中心小学家属楼,2018,4,2,2,False,True,True,False,True,False,True,False,False
北京,北京||昌平||沙河||沙河医院家属院,2018,4,2,2,False,True,True,False,True,False,True,False,False
北京,北京||昌平||沙河||首钢一线材厂东宿舍,2019,3,2,2,False,True,True,False,True,False,True,False,False
北京,北京||昌平||立水桥||润枫欣尚,2018,4,5,5,True,True,True,False,True,False,False,True,False
北京,北京||昌平||西关环岛||城角西路,2018,4,1,1,False,False,False,False,True,True,False,False,False
北京,北京||昌平||西关环岛||御路园,2018,4,2,2,False,True,True,False,True,False,True,False,False
北京,北京||昌平||西关环岛||水屯家园,2018,4,5,5,True,True,True,False,True,False,False,True,False
北京,北京||昌平||西关环岛||琥珀郡,2018,4,5,5,True,True,True,False,True,False,False,True,False
北京,北京||昌平||西关环岛||秋实家园,2018,4,5,5,True,True,True,False,True,False,False,True,False
北京,北京||昌平||西关环岛||西关北路,2018,4,2,2,False,True,True,False,True,False,True,False,False
北京,北京||昌平||西关环岛||郝庄家园,2018,4,5,5,True,True,True,False,True,False,False,True,False
北京,北京||昌平||西关环岛||郝庄家园东区,2018,4,5,5,True,True,True,False,True,False,False,True,False
北京,北京||昌平||西关环岛||郝庄家园西区,2018,4,4,2,True,True,True,True,True,False,False,False,True
北京,北京||昌平||西关环岛||静心苑,2018,4,3,3,True,True,True,False,True,False,False,True,False
北京,北京||昌平||鼓楼大街||天泽苑小区,2018,4,3,3,True,True,True,False,True,False,False,True,False
北京,北京||昌平||鼓楼大街||昌平医院家属院,2018,4,1,1,False,False,False,False,True,True,False,False,False
北京,北京||朝阳||三里屯||首开铂郡8号院,2022,0,1,1,False,,,,False,True,False,False,False
北京,北京||朝阳||中央别墅区||龙湖双珑原著,2018,4,2,1,False,False,True,True,True,False,True,False,False
北京,北京||朝阳||北苑||n次方,2018,4,4,4,True,True,True,False,True,False,False,True,False
北京,北京||朝阳||北苑||中国铁建广场,2019,3,3,2,True,False,True,True,True,False,False,False,True
北京,北京||朝阳||北苑||乐想汇,2018,4,5,5,True,True,True,False,True,False,False,True,False
北京,北京||朝阳||北苑||亚奥万和四季,2022,0,1,1,False,,,,False,True,False,False,False
北京,北京||朝阳||北苑||旭辉奥都,2021,1,1,1,False,False,False,False,True,True,False,False,False
北京,北京||朝阳||十里河||林达海渔广场,2018,4,5,5,True,True,True,False,True,False,False,True,False
北京,北京||朝阳||双桥||乐栋300,2018,4,5,5,True,True,True,False,True,False,False,True,False
北京,北京||朝阳||双桥||金隅可乐,2018,4,5,5,True,True,True,False,True,False,False,True,False
北京,北京||朝阳||奥林匹克公园||澳林春天六期,2019,3,1,1,False,False,False,False,True,True,False,False,False
北京,北京||朝阳||常营||上线6号,2018,4,5,5,True,True,True,False,True,False,False,True,False
北京,北京||朝阳||常营||北京像素南区,2021,1,2,2,False,True,True,False,True,False,True,False,False
北京,北京||朝阳||常营||常楹公元自由派,2018,4,2,1,False,False,True,True,True,False,True,False,False
北京,北京||朝阳||成寿寺||中海城紫鑫阁,2018,4,2,2,False,True,True,False,True,False,True,False,False
北京,北京||朝阳||望京||悠乐汇,2020,2,2,1,False,False,True,True,True,False,True,False,False
北京,北京||朝阳||朝阳公园||酒仙桥十一街坊,2018,4,1,1,False,False,False,False,True,True,False,False,False
北京,北京||朝阳||燕莎||霄云里8号,2019,3,1,1,False,False,False,False,True,True,False,False,False
北京,北京||朝阳||百子湾||沿海赛洛城四期,2022,0,1,1,False,,,,False,True,False,False,False
北京,北京||朝阳||百子湾||金都心语,2018,4,5,5,True,True,True,False,True,False,False,True,False
北京,北京||朝阳||立水桥||东方郁金香,2018,4,5,5,True,True,True,False,True,False,False,True,False
北京,北京||朝阳||立水桥||明天生活馆,2018,4,5,5,True,True,True,False,True,False,False,True,False
北京,北京||朝阳||立水桥||明天第一城6号院,2018,4,3,3,True,True,True,False,True,False,False,True,False
北京,北京||朝阳||立水桥||明天第一城7号院,2018,4,2,2,False,True,True,False,True,False,True,False,False
北京,北京||朝阳||立水桥||明天第一城8号院,2018,4,3,3,True,True,True,False,True,False,False,True,False
北京,北京||朝阳||豆各庄||恒大领寓,2019,3,4,4,True,True,True,False,True,False,False,True,False
北京,北京||朝阳||酒仙桥||新华联丽港,2020,2,1,1,False,False,False,False,True,True,False,False,False
北京,北京||朝阳||首都机场||首都机场南路西里,2022,0,1,1,False,,,,False,True,False,False,False
北京,北京||朝阳||高碑店||财满街财经中心,2018,4,5,5,True,True,True,False,True,False,False,True,False
北京,北京||海淀||上地||iMOMA,2018,4,1,1,False,False,False,False,True,True,False,False,False
北京,北京||海淀||小西天||学院派,2018,4,1,1,False,False,False,False,True,True,False,False,False
北京,北京||海淀||海淀北部新区||北辰香麓,2022,0,1,1,False,,,,False,True,False,False,False
北京,北京||海淀||海淀北部新区||正源尚峰尚水,2019,3,2,1,False,False,True,True,True,False,True,False,False
北京,北京||石景山||鲁谷||紫御国际,2022,0,1,1,False,,,,False,True,False,False,False
北京,北京||西城||牛街||凯迪尚府,2018,4,1,1,False,False,False,False,True,True,False,False,False
北京,北京||西城||陶然亭||中信沁园,2022,0,1,1,False,,,,False,True,False,False,False
北京,北京||西城||陶然亭||中信锦园,2022,0,1,1,False,,,,False,True,False,False,False
北京,北京||西城||马连道||茗筑,2020,2,1,1,False,False,False,False,True,True,False,False,False
北京,北京||西城||马连道||茶贸国际中心,2018,4,5,5,True,True,True,False,True,False,False,True,False
北京,北京||通州||万达||万达广场,2018,4,5,5,True,True,True,False,True,False,False,True,False
北京,北京||通州||临河里||金隅自由筑,2018,4,5,5,True,True,True,False,True,False,False,True,False
北京,北京||通州||九棵树(家乐福)||大方居,2018,4,1,1,False,False,False,False,True,True,False,False,False
北京,北京||通州||北关||天赐良园东三期A区,2018,4,1,1,False,False,False,False,True,True,False,False,False
北京,北京||通州||北关||朝北8080,2018,4,4,3,True,True,True,True,True,False,False,True,False
北京,北京||通州||潞苑||上潞园,2018,4,1,1,False,False,False,False,True,True,False,False,False
北京,北京||通州||潞苑||东潞苑,2018,4,1,1,False,False,False,False,True,True,False,False,False
北京,北京||通州||潞苑||中建雅颂居,2018,4,1,1,False,False,False,False,True,True,False,False,False
北京,北京||通州||潞苑||四海公寓,2018,4,5,5,True,True,True,False,True,False,False,True,False
北京,北京||通州||潞苑||小潞邑,2019,3,1,1,False,False,False,False,True,True,False,False,False
北京,北京||通州||潞苑||潞苑南大街88号院,2021,1,1,1,False,False,False,False,True,True,False,False,False
北京,北京||通州||潞苑||疃里庄园,2018,4,4,3,True,True,True,True,True,False,False,True,False
北京,北京||通州||潞苑||至善家园,2018,4,3,2,True,True,True,True,True,False,False,False,True
北京,北京||通州||通州其它||东亚尚品台湖,2018,4,5,5,True,True,True,False,True,False,False,True,False
北京,北京||通州||通州其它||东亚环球国际,2018,4,5,5,True,True,True,False,True,False,False,True,False
北京,北京||通州||通州其它||京华园,2020,2,1,1,False,False,False,False,True,True,False,False,False
北京,北京||通州||通州其它||城乡世纪广场莫尔空间,2018,4,5,5,True,True,True,False,True,False,False,True,False
北京,北京||通州||通州其它||旭辉丽舍,2018,4,5,5,True,True,True,False,True,False,False,True,False
北京,北京||通州||通州其它||旭辉御锦,2018,4,1,1,False,False,False,False,True,True,False,False,False
北京,北京||通州||通州其它||星悦国际,2018,4,5,5,True,True,True,False,True,False,False,True,False
北京,北京||通州||通州其它||泰晤士印象,2018,4,5,5,True,True,True,False,True,False,False,True,False
北京,北京||通州||通州其它||泰禾一号街区,2021,1,2,2,False,True,True,False,True,False,True,False,False
北京,北京||通州||通州其它||首开国风美仑,2018,4,1,1,False,False,False,False,True,True,False,False,False
北京,北京||通州||通州其它||首开缇香郡,2018,4,5,5,True,True,True,False,True,False,False,True,False
北京,北京||通州||通州其它||首开缇香郡二期,2018,4,5,5,True,True,True,False,True,False,False,True,False
北京,北京||通州||通州北苑||北苑67号院,2022,0,1,1,False,,,,False,True,False,False,False
北京,北京||通州||马驹桥||东亚瑞晶苑,2018,4,1,1,False,False,False,False,True,True,False,False,False
北京,北京||通州||马驹桥||合生世界村,2018,4,5,5,True,True,True,False,True,False,False,True,False
北京,北京||通州||马驹桥||合生世界花园,2018,4,5,5,True,True,True,False,True,False,False,True,False
北京,北京||通州||马驹桥||珠江萨尔斯郡,2018,4,4,3,True,True,True,True,True,False,False,True,False
北京,北京||通州||马驹桥||珠江逸景,2018,4,5,5,True,True,True,False,True,False,False,True,False
北京,北京||通州||马驹桥||融科钧廷,2018,4,2,2,False,True,True,False,True,False,True,False,False
北京,北京||门头沟||冯村||冯村嘉园一区,2018,4,2,1,False,False,True,True,True,False,True,False,False
北京,北京||门头沟||城子||七棵树东大街小区,2018,4,5,5,True,True,True,False,True,False,False,True,False
北京,北京||门头沟||城子||三家店东街8号院,2018,4,5,5,True,True,True,False,True,False,False,True,False
北京,北京||门头沟||城子||三家店四局,2018,4,5,5,True,True,True,False,True,False,False,True,False
北京,北京||门头沟||城子||三家店新建路,2018,4,5,5,True,True,True,False,True,False,False,True,False
北京,北京||门头沟||城子||三家店老宿舍17号院,2018,4,5,5,True,True,True,False,True,False,False,True,False
北京,北京||门头沟||城子||三家店西宁路,2018,4,5,5,True,True,True,False,True,False,False,True,False
北京,北京||门头沟||城子||剧场东街,2018,4,3,2,True,True,True,True,True,False,False,False,True
北京,北京||门头沟||城子||向东楼小区,2021,1,2,2,False,True,True,False,True,False,True,False,False
北京,北京||门头沟||城子||和平路33号院,2018,4,4,4,True,True,True,False,True,False,False,True,False
北京,北京||门头沟||城子||城子二斜井,2018,4,4,3,True,True,True,True,True,False,False,True,False
北京,北京||门头沟||城子||城子大街132号院,2018,4,2,2,False,True,True,False,True,False,True,False,False
北京,北京||门头沟||城子||新桥大街52号院,2019,3,2,1,False,False,True,True,True,False,True,False,False
北京,北京||门头沟||城子||桥东街小区,2019,3,2,1,False,False,True,True,True,False,True,False,False
北京,北京||门头沟||城子||矿桥东街,2018,4,3,2,True,False,True,True,True,False,False,False,True
北京,北京||门头沟||城子||阁外山水,2019,3,2,2,False,True,True,False,True,False,True,False,False
北京,北京||门头沟||大峪||坡头南街,2018,4,2,2,False,True,True,False,True,False,True,False,False
北京,北京||门头沟||大峪||增产路,2018,4,3,2,True,False,True,True,True,False,False,False,True
北京,北京||门头沟||大峪||峪园小区,2022,0,1,1,False,,,,False,True,False,False,False
北京,北京||门头沟||大峪||新桥大街39号院,2019,3,1,1,False,False,False,False,True,True,False,False,False
北京,北京||门头沟||大峪||新桥家园,2018,4,3,3,True,True,True,False,True,False,False,True,False
北京,北京||门头沟||大峪||新桥路小区,2022,0,1,1,False,,,,False,True,False,False,False
北京,北京||门头沟||大峪||桃园小区,2018,4,5,5,True,True,True,False,True,False,False,True,False
北京,北京||门头沟||大峪||永新小区,2019,3,1,1,False,False,False,False,True,True,False,False,False
北京,北京||门头沟||大峪||西山艺境8号院,2020,2,1,1,False,False,False,False,True,True,False,False,False
北京,北京||门头沟||大峪||西山艺境华墅,2019,3,1,1,False,False,False,False,True,True,False,False,False
北京,北京||门头沟||大峪||黑山北小街4号院,2018,4,1,1,False,False,False,False,True,True,False,False,False
北京,北京||门头沟||滨河西区||倚山嘉园,2018,4,1,1,False,False,False,False,True,True,False,False,False
北京,北京||门头沟||滨河西区||德露苑,2018,4,3,2,True,True,True,True,True,False,False,False,True
北京,北京||门头沟||滨河西区||新桥南大街,2019,3,1,1,False,False,False,False,True,True,False,False,False
北京,北京||门头沟||滨河西区||月季园1号院,2019,3,2,1,False,False,True,True,True,False,True,False,False
北京,北京||门头沟||滨河西区||熙旺中心,2018,4,5,5,True,True,True,False,True,False,False,True,False
北京,北京||门头沟||滨河西区||葡东南区,2018,4,3,1,True,False,True,True,True,False,False,False,True
北京,北京||门头沟||滨河西区||门头沟月季园,2022,0,1,1,False,,,,False,True,False,False,False
北京,北京||门头沟||门头沟其它||三家店北街4号院,2018,4,5,5,True,True,True,False,True,False,False,True,False
北京,北京||门头沟||门头沟其它||东方小区,2018,4,5,5,True,True,True,False,True,False,False,True,False
北京,北京||门头沟||门头沟其它||中门寺39号院,2018,4,5,5,True,True,True,False,True,False,False,True,False
北京,北京||门头沟||门头沟其它||中门寺街67号院,2018,4,5,5,True,True,True,False,True,False,False,True,False
北京,北京||门头沟||门头沟其它||军庄杨坨小区,2018,4,5,5,True,True,True,False,True,False,False,True,False
北京,北京||门头沟||门头沟其它||南街铁路小区,2018,4,4,3,True,False,True,True,True,False,False,True,False
北京,北京||门头沟||门头沟其它||坡头西街,2018,4,5,5,True,True,True,False,True,False,False,True,False
北京,北京||门头沟||门头沟其它||惠泽家园,2018,4,5,5,True,True,True,False,True,False,False,True,False
北京,北京||门头沟||门头沟其它||惠通新苑,2018,4,5,5,True,True,True,False,True,False,False,True,False
北京,北京||门头沟||门头沟其它||滨河楼小区,2018,4,4,2,True,True,True,True,True,False,False,False,True
北京,北京||门头沟||门头沟其它||潭墅苑,2018,4,5,5,True,True,True,False,True,False,False,True,False
北京,北京||门头沟||门头沟其它||门矿西山楼,2018,4,5,5,True,True,True,False,True,False,False,True,False
北京,北京||顺义||中央别墅区||会展誉景,2018,4,5,5,True,True,True,False,True,False,False,True,False
北京,北京||顺义||中央别墅区||米兰花园,2019,3,1,1,False,False,False,False,True,True,False,False,False
北京,北京||顺义||中央别墅区||誉天下,2022,0,1,1,False,,,,False,True,False,False,False
北京,北京||顺义||后沙峪||东亚创展国际,2018,4,5,5,True,True,True,False,True,False,False,True,False
北京,北京||顺义||后沙峪||北京方糖,2019,3,4,4,True,True,True,False,True,False,False,True,False
北京,北京||顺义||后沙峪||双裕花园东区,2020,2,1,1,False,False,False,False,True,True,False,False,False
北京,北京||顺义||后沙峪||清岚花园汉民区,2018,4,2,1,False,False,True,True,True,False,True,False,False
北京,北京||顺义||后沙峪||金地中央世家,2018,4,4,2,True,True,True,True,True,False,False,False,True
北京,北京||顺义||李桥||樱花园一区,2018,4,3,3,True,True,True,False,True,False,False,True,False
北京,北京||顺义||李桥||馨港庄园三区,2018,4,5,5,True,True,True,False,True,False,False,True,False
北京,北京||顺义||李桥||馨港庄园二区,2018,4,5,5,True,True,True,False,True,False,False,True,False
北京,北京||顺义||顺义其它||下坡屯家园一区,2018,4,5,5,True,True,True,False,True,False,False,True,False
北京,北京||顺义||顺义其它||东亚首航国际,2018,4,5,5,True,True,True,False,True,False,False,True,False
北京,北京||顺义||顺义其它||东方太阳城,2018,4,1,1,False,False,False,False,True,True,False,False,False
北京,北京||顺义||顺义其它||中国铁建顺鑫汇,2018,4,5,5,True,True,True,False,True,False,False,True,False
北京,北京||顺义||顺义其它||北京苏活四区,2018,4,5,5,True,True,True,False,True,False,False,True,False
北京,北京||顺义||顺义其它||华润八号院,2018,4,4,4,True,True,True,False,True,False,False,True,False
北京,北京||顺义||顺义其它||华英园,2018,4,5,5,True,True,True,False,True,False,False,True,False
北京,北京||顺义||顺义其它||水色时光三区,2018,4,4,2,True,True,True,True,True,False,False,False,True
北京,北京||顺义||顺义其它||水色时光五区,2018,4,5,5,True,True,True,False,True,False,False,True,False
北京,北京||顺义||顺义其它||水色时光四区,2018,4,5,5,True,True,True,False,True,False,False,True,False
北京,北京||顺义||顺义其它||炫立方,2018,4,5,5,True,True,True,False,True,False,False,True,False
北京,北京||顺义||顺义其它||焦各庄街2号院,2018,4,5,5,True,True,True,False,True,False,False,True,False
北京,北京||顺义||顺义其它||翼之城,2018,4,5,5,True,True,True,False,True,False,False,True,False
北京,北京||顺义||顺义其它||航城广场,2018,4,5,5,True,True,True,False,True,False,False,True,False
北京,北京||顺义||顺义其它||鹭峯国际,2018,4,5,5,True,True,True,False,True,False,False,True,False
北京,北京||顺义||顺义其它||龙湖好望山,2018,4,5,5,True,True,True,False,True,False,False,True,False
北京,北京||顺义||顺义城||前进花园一区,2018,4,1,1,False,False,False,False,True,True,False,False,False
北京,北京||顺义||顺义城||望潮家园,2018,4,2,1,False,False,True,True,True,False,True,False,False
北京,北京||顺义||顺义城||港馨家园东区,2018,4,2,1,False,False,True,True,True,False,True,False,False
北京,北京||顺义||顺义城||石园东苑,2018,4,1,1,False,False,False,False,True,True,False,False,False
北京,北京||顺义||顺义城||石园北区,2018,4,1,1,False,False,False,False,True,True,False,False,False
北京,北京||顺义||顺义城||石园南区,2018,4,3,2,True,True,True,True,True,False,False,False,True
北京,北京||顺义||顺义城||裕龙五区,2022,0,1,1,False,,,,False,True,False,False,False
北京,北京||顺义||顺义城||龙府花园,2022,0,1,1,False,,,,False,True,False,False,False
北京,北京||顺义||顺义城||龙庭公寓,2018,4,5,5,True,True,True,False,True,False,False,True,False
北京,北京||顺义||首都机场||南竺园,2019,3,1,1,False,False,False,False,True,True,False,False,False
北京,北京||顺义||马坡||佳和宜园,2018,4,2,1,False,False,True,True,True,False,True,False,False
北京,北京||顺义||马坡||北辰墅院1900,2018,4,1,1,False,False,False,False,True,True,False,False,False
北京,北京||顺义||马坡||富力湾,2018,4,5,5,True,True,True,False,True,False,False,True,False
北京,北京||顺义||马坡||康乐小区,2018,4,5,5,True,True,True,False,True,False,False,True,False
北京,北京||顺义||马坡||恒华安纳湖,2018,4,5,5,True,True,True,False,True,False,False,True,False
北京,北京||顺义||马坡||恒华湖公馆,2022,0,1,1,False,,,,False,True,False,False,False
北京,北京||顺义||马坡||纳帕尔湾,2018,4,5,5,True,True,True,False,True,False,False,True,False
北京,北京||顺义||马坡||金宝城北区,2022,0,1,1,False,,,,False,True,False,False,False
北京,北京||顺义||马坡||顺兴街17号院,2018,4,1,1,False,False,False,False,True,True,False,False,False
北京,北京||顺义||马坡||马坡花园一区,2018,4,2,1,False,False,True,True,True,False,True,False,False
北京,北京||顺义||马坡||马坡花园二区,2018,4,4,3,True,False,True,True,True,False,False,True,False
北京,北京||顺义||马坡||鲁能7号别墅,2018,4,2,1,False,False,True,True,True,False,True,False,False
北京,北京||顺义||马坡||龙湖大名居,2018,4,5,5,True,True,True,False,True,False,False,True,False
北京,北京||顺义||马坡||龙湖香醍漫步四区南区,2022,0,1,1,False,,,,False,True,False,False,False
南京,南京||六合||南门新城||城开新都雅苑,2018,4,3,2,True,True,True,True,True,False,False,False,True
南京,南京||六合||龙池||荣盛金陵学府,2018,4,2,2,False,True,True,False,True,False,True,False,False
南京,南京||南京||建邺||应天西路,2019,3,1,1,False,False,False,False,True,True,False,False,False
南京,南京||南京||江宁||东山镇,2018,4,1,1,False,False,False,False,True,True,False,False,False
南京,南京||南京||江宁||将军大道,2018,4,1,1,False,False,False,False,True,True,False,False,False
南京,南京||南京||江宁||禄口,2018,4,5,5,True,True,True,False,True,False,False,True,False
南京,南京||南京||浦口||桥北,2018,4,1,1,False,False,False,False,True,True,False,False,False
南京,南京||南京||玄武||仙鹤门,2018,4,2,2,False,True,True,False,True,False,True,False,False
南京,南京||南京||秦淮||月牙湖,2018,4,1,1,False,False,False,False,True,True,False,False,False
南京,南京||建邺||应天西路||金隅紫京府,2022,0,1,1,False,,,,False,True,False,False,False
南京,南京||建邺||江东||西祠胡同,2018,4,4,4,True,True,True,False,True,False,False,True,False
南京,南京||栖霞||仙林||万达茂,2021,1,2,2,False,True,True,False,True,False,True,False,False
南京,南京||栖霞||栖霞其它||摄山星城闻兰苑,2018,4,5,5,True,True,True,False,True,False,False,True,False
南京,南京||栖霞||马群||茉莉园,2018,4,1,1,False,False,False,False,True,True,False,False,False
南京,南京||江宁||将军大道||托乐嘉友邻居,2022,0,1,1,False,,,,False,True,False,False,False
南京,南京||江宁||将军大道||托乐嘉吉邻居,2022,0,1,1,False,,,,False,True,False,False,False
南京,南京||江宁||将军大道||托乐嘉睦邻居,2022,0,1,1,False,,,,False,True,False,False,False
南京,南京||江宁||江宁大学城||武夷名仕园,2018,4,1,1,False,False,False,False,True,True,False,False,False
南京,南京||江宁||汤山镇||汤城汇,2018,4,3,2,True,True,True,True,True,False,False,False,True
南京,南京||江宁||禄口||朗诗青春街区,2018,4,2,1,False,False,True,True,True,False,True,False,False
南京,南京||江宁||禄口||永欣新寓桂花苑,2018,4,5,5,True,True,True,False,True,False,False,True,False
南京,南京||江宁||禄口||永欣新寓海棠苑,2018,4,5,5,True,True,True,False,True,False,False,True,False
南京,南京||江宁||禄口||永欣新寓百合苑,2018,4,5,5,True,True,True,False,True,False,False,True,False
南京,南京||江宁||禄口||永欣新寓紫荆苑,2018,4,5,5,True,True,True,False,True,False,False,True,False
南京,南京||江宁||禄口||江山星汉城,2018,4,5,5,True,True,True,False,True,False,False,True,False
南京,南京||江宁||禄口||翠屏城,2018,4,5,5,True,True,True,False,True,False,False,True,False
南京,南京||江宁||麒麟镇||东郊小镇第一街区,2018,4,1,1,False,False,False,False,True,True,False,False,False
南京,南京||江宁||麒麟镇||东郊小镇第三街区,2018,4,1,1,False,False,False,False,True,True,False,False,False
南京,南京||江宁||麒麟镇||东郊小镇第二街区,2018,4,1,1,False,False,False,False,True,True,False,False,False
南京,南京||江宁||麒麟镇||东郊小镇第五街区,2018,4,1,1,False,False,False,False,True,True,False,False,False
南京,南京||江宁||麒麟镇||定林苑,2018,4,1,1,False,False,False,False,True,True,False,False,False
南京,南京||江宁||麒麟镇||悦民公寓,2018,4,2,1,False,False,True,True,True,False,True,False,False
南京,南京||江宁||麒麟镇||晨光苑,2018,4,1,1,False,False,False,False,True,True,False,False,False
南京,南京||江宁||麒麟镇||泉水苑,2018,4,1,1,False,False,False,False,True,True,False,False,False
南京,南京||江宁||麒麟镇||锁石苑,2018,4,2,2,False,True,True,False,True,False,True,False,False
南京,南京||浦口||桥北||天润城第五街区,2018,4,1,1,False,False,False,False,True,True,False,False,False
南京,南京||浦口||桥北||威尼斯水城第三街区,2022,0,1,1,False,,,,False,True,False,False,False
南京,南京||浦口||桥北||威尼斯水城第十八街区,2018,4,1,1,False,False,False,False,True,True,False,False,False
南京,南京||浦口||桥北||威尼斯水城第十六街区,2018,4,1,1,False,False,False,False,True,True,False,False,False
南京,南京||浦口||桥北||旭日爱上城第六区,2022,0,1,1,False,,,,False,True,False,False,False
南京,南京||浦口||桥北||浦泰和天下一期,2018,4,1,1,False,False,False,False,True,True,False,False,False
南京,南京||浦口||桥北||鼎泰家园,2018,4,1,1,False,False,False,False,True,True,False,False,False
南京,南京||浦口||江浦街道||东方万汇尊邸,2018,4,5,5,True,True,True,False,True,False,False,True,False
南京,南京||浦口||江浦街道||同心佳园,2018,4,1,1,False,False,False,False,True,True,False,False,False
南京,南京||浦口||江浦街道||明发新城中心,2018,4,4,4,True,True,True,False,True,False,False,True,False
南京,南京||浦口||江浦街道||滨江嘉园,2018,4,1,1,False,False,False,False,True,True,False,False,False
南京,南京||浦口||泰山街道||泰来苑,2018,4,1,1,False,False,False,False,True,True,False,False,False
南京,南京||浦口||泰山街道||浦东大厦,2018,4,5,5,True,True,True,False,True,False,False,True,False
南京,南京||浦口||泰山街道||铁桥小区,2018,4,1,1,False,False,False,False,True,True,False,False,False
南京,南京||浦口||浦口其它||盘龙山庄,2018,4,1,1,False,False,False,False,True,True,False,False,False
南京,南京||溧水||溧水其它||颐园世家,2018,4,5,5,True,True,True,False,True,False,False,True,False
南京,南京||溧水||溧水城中||财贸新村,2018,4,5,5,True,True,True,False,True,False,False,True,False
南京,南京||溧水||溧水城北||亚东同城逸境,2018,4,5,5,True,True,True,False,True,False,False,True,False
南京,南京||溧水||溧水城北||创维乐活城,2018,4,5,5,True,True,True,False,True,False,False,True,False
南京,南京||溧水||溧水城北||喜之郎丽湖湾,2018,4,5,5,True,True,True,False,True,False,False,True,False
南京,南京||溧水||溧水城北||金东城世家一期,2018,4,5,5,True,True,True,False,True,False,False,True,False
南京,南京||溧水||溧水城南||万科城梧桐苑,2018,4,4,4,True,True,True,False,True,False,False,True,False
南京,南京||溧水||溧水城南||中南锦城,2018,4,5,5,True,True,True,False,True,False,False,True,False
南京,南京||溧水||溧水城南||康利华府,2018,4,5,5,True,True,True,False,True,False,False,True,False
南京,南京||溧水||溧水恒大||恒大金碧天下天鸿苑,2018,4,5,5,True,True,True,False,True,False,False,True,False
南京,南京||秦淮||月牙湖||银龙花园二期,2018,4,1,1,False,False,False,False,True,True,False,False,False
南京,南京||秦淮||洪家园||汇景和园,2018,4,1,1,False,False,False,False,True,True,False,False,False
南京,南京||雨花台||小行||名城世家花园,2022,0,1,1,False,,,,False,True,False,False,False
南京,南京||雨花台||板桥||弘阳春上西江,2018,4,1,1,False,False,False,False,True,True,False,False,False
南京,南京||雨花台||铁心桥||蓝岸3G,2018,4,5,5,True,True,True,False,True,False,False,True,False
南京,南京||鼓楼||汉中门大街||蔚蓝之都,2022,0,1,1,False,,,,False,True,False,False,False
吉林,吉林||丰满区||二手车市场||永庆裕丰馨苑,2018,4,1,1,False,False,False,False,True,True,False,False,False
吉林,吉林||丰满区||八一||伊利花園,2018,4,1,1,False,False,False,False,True,True,False,False,False
吉林,吉林||丰满区||八一||恒东花园,2020,2,1,1,False,False,False,False,True,True,False,False,False
吉林,吉林||丰满区||八一||税務小區,2022,0,1,1,False,,,,False,True,False,False,False
吉林,吉林||丰满区||厦门街||万隆小区,2018,4,2,2,False,True,True,False,True,False,True,False,False
吉林,吉林||昌邑区||八家子早市||锦东花园,2022,0,1,1,False,,,,False,True,False,False,False
吉林,吉林||昌邑区||十一中||乾豐園,2020,2,1,1,False,False,False,False,True,True,False,False,False
吉林,吉林||昌邑区||和平街||延川小区,2018,4,1,1,False,False,False,False,True,True,False,False,False
吉林,吉林||昌邑区||大润发二店||兰亭雅苑,2022,0,1,1,False,,,,False,True,False,False,False
吉林,吉林||昌邑区||大润发二店||铁江社区,2020,2,2,1,False,False,True,True,True,False,True,False,False
吉林,吉林||昌邑区||天津街||东昌花园,2021,1,1,1,False,False,False,False,True,True,False,False,False
吉林,吉林||昌邑区||昌邑公安分局||辽东二区,2021,1,2,2,False,True,True,False,True,False,True,False,False
吉林,吉林||昌邑区||昌邑公安分局||辽东电业小区,2021,1,2,2,False,True,True,False,True,False,True,False,False
吉林,吉林||昌邑区||昌邑区政府||伊利雅居園,2020,2,1,1,False,False,False,False,True,True,False,False,False
吉林,吉林||昌邑区||昌邑区政府||松江家园北区,2019,3,1,1,False,False,False,False,True,True,False,False,False
吉林,吉林||昌邑区||桃源路||亚泰欣城,2020,2,1,1,False,False,False,False,True,True,False,False,False
吉林,吉林||昌邑区||桃源路||运河里西山棚户区,2022,0,1,1,False,,,,False,True,False,False,False
吉林,吉林||昌邑区||解放北路||金碧家園,2022,0,1,1,False,,,,False,True,False,False,False
吉林,吉林||船营区||东北电力||电院小区,2020,2,1,1,False,False,False,False,True,True,False,False,False
吉林,吉林||船营区||东北电力||金岸名苑,2018,4,1,1,False,False,False,False,True,True,False,False,False
吉林,吉林||船营区||农林街||黄兴小区,2020,2,1,1,False,False,False,False,True,True,False,False,False
吉林,吉林||船营区||西安路||乐园小区一区,2018,4,1,1,False,False,False,False,True,True,False,False,False
吉林,吉林||船营区||西安路||乐园小区二区,2022,0,1,1,False,,,,False,True,False,False,False
吉林,吉林||船营区||长春路||园丁园小区,2018,4,1,1,False,False,False,False,True,True,False,False,False
吉林,吉林||船营区||长春路||柴南小区,2021,1,1,1,False,False,False,False,True,True,False,False,False
吉林,吉林||船营区||长春路||鸿博御园,2018,4,1,1,False,False,False,False,True,True,False,False,False
吉林,吉林||龙潭区||土城子||新地山湾C区,2018,4,1,1,False,False,False,False,True,True,False,False,False
吉林,吉林||龙潭区||土城子||湘潭小区,2018,4,1,1,False,False,False,False,True,True,False,False,False
呼和浩特,呼和浩特||回民区||回民政府商圈||时代华城,2019,3,2,2,False,True,True,False,True,False,True,False,False
呼和浩特,呼和浩特||回民区||工人北村商圈||西铁小区,2018,4,5,5,True,True,True,False,True,False,False,True,False
呼和浩特,呼和浩特||回民区||海亮商圈||海亮广场一期,2019,3,4,4,True,True,True,False,True,False,False,True,False
呼和浩特,呼和浩特||回民区||海西路商圈||众环小区,2019,3,2,1,False,False,True,True,True,False,True,False,False
呼和浩特,呼和浩特||回民区||西万达商圈||恒大雅苑,2021,1,1,1,False,False,False,False,True,True,False,False,False
呼和浩特,呼和浩特||回民区||西万达商圈||草原明珠,2018,4,4,4,True,True,True,False,True,False,False,True,False
呼和浩特,呼和浩特||回民区||西货场商圈||西机务南区,2018,4,5,5,True,True,True,False,True,False,False,True,False
呼和浩特,呼和浩特||新城区||成吉思汗西商圈||市建宿舍(新城区),2020,2,1,1,False,False,False,False,True,True,False,False,False
呼和浩特,呼和浩特||玉泉区||南茶坊商圈||鼎丰·丽景天下,2019,3,2,2,False,True,True,False,True,False,True,False,False
呼和浩特,呼和浩特||金川开发区||金川开发区||上院小区,2019,3,4,4,True,True,True,False,True,False,False,True,False
呼和浩特,呼和浩特||金川开发区||金川开发区||公元大道,2018,4,5,5,True,True,True,False,True,False,False,True,False
呼和浩特,呼和浩特||金川开发区||金川开发区||博雅西苑,2018,4,5,5,True,True,True,False,True,False,False,True,False
呼和浩特,呼和浩特||金川开发区||金川开发区||正太和平花园,2018,4,5,5,True,True,True,False,True,False,False,True,False
呼和浩特,呼和浩特||金川开发区||金川开发区||民和文苑,2018,4,5,5,True,True,True,False,True,False,False,True,False
呼和浩特,呼和浩特||金川开发区||金川开发区||金华学府,2019,3,4,4,True,True,True,False,True,False,False,True,False
呼和浩特,呼和浩特||金川开发区||金川开发区||金川宽城西区,2018,4,5,5,True,True,True,False,True,False,False,True,False
呼和浩特,呼和浩特||金川开发区||金川开发区||金川新城,2019,3,4,4,True,True,True,False,True,False,False,True,False
哈尔滨,哈尔滨||南岗||儿童公园||中和街,2021,1,1,1,False,False,False,False,True,True,False,False,False
哈尔滨,哈尔滨||南岗||南岗分局十三中||金河小区,2022,0,1,1,False,,,,False,True,False,False,False
哈尔滨,哈尔滨||南岗||哈特百脑汇教化工大||桥西小区,2018,4,1,1,False,False,False,False,True,True,False,False,False
哈尔滨,哈尔滨||南岗||宣西宣庆体院||十字街,2018,4,2,1,False,False,True,True,True,False,True,False,False
哈尔滨,哈尔滨||南岗||海城市场商圈||文平街,2018,4,2,1,False,False,True,True,True,False,True,False,False
哈尔滨,哈尔滨||南岗||海城市场商圈||第二巴陵街,2018,4,2,1,False,False,True,True,True,False,True,False,False
哈尔滨,哈尔滨||南岗||西大桥商圈||汉祥街,2018,4,1,1,False,False,False,False,True,True,False,False,False
哈尔滨,哈尔滨||南岗||西大桥商圈||清明四道街,2021,1,1,1,False,False,False,False,True,True,False,False,False
哈尔滨,哈尔滨||南岗||西大桥商圈||清明小区（新区）,2022,0,1,1,False,,,,False,True,False,False,False
哈尔滨,哈尔滨||南岗||西大桥商圈||西大直街,2022,0,1,1,False,,,,False,True,False,False,False
哈尔滨,哈尔滨||南岗||革新教堂||果戈里大街,2018,4,1,1,False,False,False,False,True,True,False,False,False
哈尔滨,哈尔滨||南岗||革新教堂||黑山街,2018,4,1,1,False,False,False,False,True,True,False,False,False
哈尔滨,哈尔滨||南岗||马家沟校大成街||平公街,2022,0,1,1,False,,,,False,True,False,False,False
哈尔滨,哈尔滨||松北||哈尔滨新区||东方哥德堡,2022,0,1,1,False,,,,False,True,False,False,False
哈尔滨,哈尔滨||松北||哈尔滨新区||志华商城,2018,4,3,2,True,False,True,True,True,False,False,False,True
哈尔滨,哈尔滨||松北||哈尔滨新区||柏林四季,2022,0,1,1,False,,,,False,True,False,False,False
哈尔滨,哈尔滨||松北||哈尔滨新区||柒季城,2018,4,1,1,False,False,False,False,True,True,False,False,False
哈尔滨,哈尔滨||松北||哈尔滨新区||泓林金色地标,2018,4,1,1,False,False,False,False,True,True,False,False,False
哈尔滨,哈尔滨||松北||哈尔滨新区||禹舜嘉园,2018,4,2,1,False,False,True,True,True,False,True,False,False
哈尔滨,哈尔滨||松北||哈尔滨新区||裕发润景,2018,4,1,1,False,False,False,False,True,True,False,False,False
哈尔滨,哈尔滨||道外||先锋路商圈||东铁花园,2021,1,1,1,False,False,False,False,True,True,False,False,False
哈尔滨,哈尔滨||道外||南十四道街商圈||南七道街,2019,3,1,1,False,False,False,False,True,True,False,False,False
哈尔滨,哈尔滨||道外||南十四道街商圈||太古小区,2021,1,1,1,False,False,False,False,True,True,False,False,False
哈尔滨,哈尔滨||道外||哈东站商圈||南直小区,2018,4,3,2,True,False,True,True,True,False,False,False,True
哈尔滨,哈尔滨||道外||哈东站商圈||天恒小区,2019,3,1,1,False,False,False,False,True,True,False,False,False
哈尔滨,哈尔滨||道外||太平商圈||信用小区,2018,4,1,1,False,False,False,False,True,True,False,False,False
哈尔滨,哈尔滨||道外||太平商圈||华北小区,2018,4,1,1,False,False,False,False,True,True,False,False,False
哈尔滨,哈尔滨||道外||承德广场||南平街,2022,0,1,1,False,,,,False,True,False,False,False
哈尔滨,哈尔滨||道外||承德广场||南康小区,2022,0,1,1,False,,,,False,True,False,False,False
哈尔滨,哈尔滨||道外||玛克威||东方红小区,2022,0,1,1,False,,,,False,True,False,False,False
哈尔滨,哈尔滨||道外||阿拉伯广场||南八道街,2021,1,1,1,False,False,False,False,True,True,False,False,False
哈尔滨,哈尔滨||道外||阿拉伯广场||台胞小区,2018,4,2,1,False,False,True,True,True,False,True,False,False
哈尔滨,哈尔滨||道外||阿拉伯广场||长春街,2022,0,1,1,False,,,,False,True,False,False,False
哈尔滨,哈尔滨||道外||阿拉伯广场||鸿基名苑,2022,0,1,1,False,,,,False,True,False,False,False
哈尔滨,哈尔滨||道里||公路大桥||建国北四道街,2021,1,1,1,False,False,False,False,True,True,False,False,False
哈尔滨,哈尔滨||道里||公路大桥||建国南二道街,2018,4,1,1,False,False,False,False,True,True,False,False,False
哈尔滨,哈尔滨||道里||公路大桥||建国南头道街,2018,4,2,1,False,False,True,True,True,False,True,False,False
哈尔滨,哈尔滨||道里||公路大桥||河广街,2021,1,1,1,False,False,False,False,True,True,False,False,False
哈尔滨,哈尔滨||道里||公路大桥||通达街(道里区),2022,0,1,1,False,,,,False,True,False,False,False
哈尔滨,哈尔滨||道里||安字片||安德街,2021,1,1,1,False,False,False,False,True,True,False,False,False
哈尔滨,哈尔滨||道里||安字片||安顺街,2021,1,1,1,False,False,False,False,True,True,False,False,False
哈尔滨,哈尔滨||道里||建国公园||松树街,2021,1,1,1,False,False,False,False,True,True,False,False,False
哈尔滨,哈尔滨||道里||西大桥商圈||民众小区,2020,2,1,1,False,False,False,False,True,True,False,False,False
哈尔滨,哈尔滨||道里||顾乡凯德广场||乡社街东区,2022,0,1,1,False,,,,False,True,False,False,False
哈尔滨,哈尔滨||阿城区||阿城商圈||龙汇小区,2018,4,2,2,False,True,True,False,True,False,True,False,False
哈尔滨,哈尔滨||香坊||农大商圈||城东新居B区,2018,4,1,1,False,False,False,False,True,True,False,False,False
哈尔滨,哈尔滨||香坊||动力区||东升家园,2022,0,1,1,False,,,,False,True,False,False,False
哈尔滨,哈尔滨||香坊||动力区||东山聚宝,2018,4,1,1,False,False,False,False,True,True,False,False,False
哈尔滨,哈尔滨||香坊||动力区||工程机械厂家属楼,2020,2,2,2,False,True,True,False,True,False,True,False,False
哈尔滨,哈尔滨||香坊||动力区||旭升小区,2018,4,1,1,False,False,False,False,True,True,False,False,False
哈尔滨,哈尔滨||香坊||动力区||星光家属小区(进乡街),2022,0,1,1,False,,,,False,True,False,False,False
哈尔滨,哈尔滨||香坊||尚志公园||古香街,2018,4,1,1,False,False,False,False,True,True,False,False,False
哈尔滨,哈尔滨||香坊||文政新区商圈||文治头道街,2022,0,1,1,False,,,,False,True,False,False,False
哈尔滨,哈尔滨||香坊||菜艺商圈||三辅三道街,2018,4,1,1,False,False,False,False,True,True,False,False,False
哈尔滨,哈尔滨||香坊||菜艺商圈||邮电小区,2018,4,1,1,False,False,False,False,True,True,False,False,False
哈尔滨,哈尔滨||香坊||菜艺商圈||香安电力小区,2018,4,1,1,False,False,False,False,True,True,False,False,False
哈尔滨,哈尔滨||香坊||菜艺商圈||香茗街,2018,4,2,1,False,False,True,True,True,False,True,False,False
哈尔滨,哈尔滨||香坊||龙塔||嵩山路,2021,1,1,1,False,False,False,False,True,True,False,False,False
唐山,唐山||丰润区||丰润区||团结小区,2018,4,1,1,False,False,False,False,True,True,False,False,False
唐山,唐山||路北区||路北区||乔屯楼,2018,4,1,1,False,False,False,False,True,True,False,False,False
唐山,唐山||路北区||路北区||碧玉华府,2018,4,1,1,False,False,False,False,True,True,False,False,False
唐山,唐山||路北区||路北区||钓鱼台北楼,2018,4,1,1,False,False,False,False,True,True,False,False,False
大连,大连||中山||民主广场||经典生活,2018,4,1,1,False,False,False,False,True,True,False,False,False
大连,大连||中山||民主广场||鸿霖大厦,2021,1,1,1,False,False,False,False,True,True,False,False,False
大连,大连||开发区||东山||东居里,2018,4,1,1,False,False,False,False,True,True,False,False,False
大连,大连||开发区||东山||东阁里,2018,4,1,1,False,False,False,False,True,True,False,False,False
大连,大连||开发区||东山||云顶国际公馆,2018,4,4,2,True,True,True,True,True,False,False,False,True
大连,大连||开发区||东山||名品公寓,2018,4,3,2,True,True,True,True,True,False,False,False,True
大连,大连||开发区||东山||岗松里小区,2018,4,1,1,False,False,False,False,True,True,False,False,False
大连,大连||开发区||东山||岗林里,2018,4,2,2,False,True,True,False,True,False,True,False,False
大连,大连||开发区||东山||岗盛里小区,2018,4,1,1,False,False,False,False,True,True,False,False,False
大连,大连||开发区||东山||开.东山小区,2018,4,1,1,False,False,False,False,True,True,False,False,False
大连,大连||开发区||东山||新云里,2018,4,1,1,False,False,False,False,True,True,False,False,False
大连,大连||开发区||东山||新日里小区,2018,4,1,1,False,False,False,False,True,True,False,False,False
大连,大连||开发区||东山||新星里,2018,4,1,1,False,False,False,False,True,True,False,False,False
大连,大连||开发区||东山||新辰里,2018,4,1,1,False,False,False,False,True,True,False,False,False
大连,大连||开发区||东山||樱花别墅,2018,4,1,1,False,False,False,False,True,True,False,False,False
大连,大连||开发区||东山||自由港,2018,4,2,2,False,True,True,False,True,False,True,False,False
大连,大连||开发区||东山||芙蓉花园(开发区),2018,4,2,2,False,True,True,False,True,False,True,False,False
大连,大连||开发区||倚山里||万瑞达国际公馆,2018,4,1,1,False,False,False,False,True,True,False,False,False
大连,大连||开发区||倚山里||倚园里小区,2018,4,1,1,False,False,False,False,True,True,False,False,False
大连,大连||开发区||倚山里||倚山里小区,2018,4,1,1,False,False,False,False,True,True,False,False,False
大连,大连||开发区||倚山里||天都花园,2018,4,1,1,False,False,False,False,True,True,False,False,False
大连,大连||开发区||倚山里||新东方公寓三期,2018,4,4,2,True,True,True,True,True,False,False,False,True
大连,大连||开发区||倚山里||新东方公寓二期,2018,4,5,5,True,True,True,False,True,False,False,True,False
大连,大连||开发区||倚山里||金海里,2018,4,1,1,False,False,False,False,True,True,False,False,False
大连,大连||开发区||倚山里||金湖里,2018,4,1,1,False,False,False,False,True,True,False,False,False
大连,大连||开发区||城润||恒安花园,2018,4,1,1,False,False,False,False,True,True,False,False,False
大连,大连||开发区||城润||西山小区,2018,4,2,1,False,False,True,True,True,False,True,False,False
大连,大连||开发区||安盛||收获公寓,2018,4,2,2,False,True,True,False,True,False,True,False,False
大连,大连||开发区||开发区万达||环宇品阁,2018,4,2,2,False,True,True,False,True,False,True,False,False
大连,大连||开发区||杏花里||十里岗小区,2018,4,4,2,True,True,True,True,True,False,False,False,True
大连,大连||开发区||杏花里||嫩江小区,2018,4,3,2,True,True,True,True,True,False,False,False,True
大连,大连||开发区||杏花里||杏花里,2018,4,2,2,False,True,True,False,True,False,True,False,False
大连,大连||开发区||杏花里||松苑山庄,2018,4,4,2,True,True,True,True,True,False,False,False,True
大连,大连||开发区||杏花里||馨家园,2018,4,5,5,True,True,True,False,True,False,False,True,False
大连,大连||开发区||松峪||碧海华庭,2018,4,1,1,False,False,False,False,True,True,False,False,False
大连,大连||开发区||海富||小孤山东里,2018,4,2,2,False,True,True,False,True,False,True,False,False
大连,大连||开发区||海富||小孤山中里,2018,4,1,1,False,False,False,False,True,True,False,False,False
大连,大连||开发区||海富||鹏程家园（开发区）,2018,4,1,1,False,False,False,False,True,True,False,False,False
大连,大连||开发区||红梅翠竹||福佳国际,2018,4,5,5,True,True,True,False,True,False,False,True,False
大连,大连||开发区||红梅翠竹||翠竹小区,2018,4,1,1,False,False,False,False,True,True,False,False,False
大连,大连||开发区||红梅翠竹||青松北里,2018,4,1,1,False,False,False,False,True,True,False,False,False
大连,大连||开发区||红梅翠竹||青松南里,2018,4,1,1,False,False,False,False,True,True,False,False,False
大连,大连||开发区||金湾新城||宜宁里,2018,4,3,2,True,True,True,True,True,False,False,False,True
大连,大连||开发区||金湾新城||湾里西,2018,4,1,1,False,False,False,False,True,True,False,False,False
大连,大连||开发区||金湾新城||都悦里,2018,4,1,1,False,False,False,False,True,True,False,False,False
大连,大连||开发区||金源||金北花园小区,2018,4,1,1,False,False,False,False,True,True,False,False,False
大连,大连||开发区||金源||金源北里安居小区,2018,4,1,1,False,False,False,False,True,True,False,False,False
大连,大连||开发区||高城山||一方天鹅湖,2018,4,1,1,False,False,False,False,True,True,False,False,False
大连,大连||开发区||高城山||万德悦城,2018,4,1,1,False,False,False,False,True,True,False,False,False
大连,大连||开发区||高城山||尚都家园,2018,4,1,1,False,False,False,False,True,True,False,False,False
大连,大连||开发区||高城山||山河枫景,2018,4,5,5,True,True,True,False,True,False,False,True,False
大连,大连||开发区||高城山||山海一步小区,2018,4,1,1,False,False,False,False,True,True,False,False,False
大连,大连||开发区||高城山||怡海花园一期,2018,4,1,1,False,False,False,False,True,True,False,False,False
大连,大连||开发区||高城山||怡海花园二期,2018,4,1,1,False,False,False,False,True,True,False,False,False
大连,大连||开发区||高城山||摩宿公寓,2018,4,3,2,True,True,True,True,True,False,False,False,True
大连,大连||开发区||高城山||高吉里,2018,4,2,2,False,True,True,False,True,False,True,False,False
大连,大连||开发区||高城山||高城花园,2018,4,1,1,False,False,False,False,True,True,False,False,False
大连,大连||开发区||高城山||高安里,2018,4,2,2,False,True,True,False,True,False,True,False,False
大连,大连||开发区||高城山||高志里小区,2018,4,1,1,False,False,False,False,True,True,False,False,False
大连,大连||开发区||高城山||高民里,2018,4,2,2,False,True,True,False,True,False,True,False,False
大连,大连||开发区||高城山||高泰里,2018,4,2,2,False,True,True,False,True,False,True,False,False
大连,大连||开发区||高城山||高祥里,2018,4,1,1,False,False,False,False,True,True,False,False,False
大连,大连||甘井子||甘井子||七星广场,2018,4,1,1,False,False,False,False,True,True,False,False,False
大连,大连||甘井子||甘井子||五二三厂,2018,4,1,1,False,False,False,False,True,True,False,False,False
大连,大连||西岗||英华街||香榭里,2018,4,2,1,False,False,True,True,True,False,True,False,False
大连,大连||金州||光明||劳动局小区,2018,4,1,1,False,False,False,False,True,True,False,False,False
大连,大连||金州||光明||育才小区,2018,4,1,1,False,False,False,False,True,True,False,False,False
大连,大连||金州||光明||胜利小区,2018,4,1,1,False,False,False,False,True,True,False,False,False
大连,大连||金州||光明||胜利西小区,2018,4,1,1,False,False,False,False,True,True,False,False,False
大连,大连||金州||光明||荣盛小区,2018,4,1,1,False,False,False,False,True,True,False,False,False
大连,大连||金州||南棉||南山路（金州）,2018,4,1,1,False,False,False,False,True,True,False,False,False
大连,大连||金州||南棉||绿苑小区,2018,4,1,1,False,False,False,False,True,True,False,False,False
大连,大连||金州||南棉||金山小区,2018,4,1,1,False,False,False,False,True,True,False,False,False
大连,大连||金州||南棉||金色华庭,2018,4,2,2,False,True,True,False,True,False,True,False,False
大连,大连||金州||南棉||金连领地,2018,4,1,1,False,False,False,False,True,True,False,False,False
大连,大连||金州||南棉||阿尔滨家属楼,2018,4,2,2,False,True,True,False,True,False,True,False,False
大连,大连||金州||南棉||香山翌景,2018,4,1,1,False,False,False,False,True,True,False,False,False
大连,大连||金州||古城汇金||414小区,2018,4,1,1,False,False,False,False,True,True,False,False,False
大连,大连||金州||古城汇金||伟桥金北嘉园,2018,4,1,1,False,False,False,False,True,True,False,False,False
大连,大连||金州||古城汇金||八一路小区,2018,4,1,1,False,False,False,False,True,True,False,False,False
大连,大连||金州||古城汇金||古城丁区,2018,4,1,1,False,False,False,False,True,True,False,False,False
大连,大连||金州||古城汇金||古城丙区,2018,4,1,1,False,False,False,False,True,True,False,False,False
大连,大连||金州||古城汇金||古城乙区,2018,4,1,1,False,False,False,False,True,True,False,False,False
大连,大连||金州||古城汇金||古城天下,2018,4,1,1,False,False,False,False,True,True,False,False,False
大连,大连||金州||古城汇金||天鸿展视界,2018,4,1,1,False,False,False,False,True,True,False,False,False
大连,大连||金州||古城汇金||宏意小区,2018,4,1,1,False,False,False,False,True,True,False,False,False
大连,大连||金州||古城汇金||建兴苑,2018,4,1,1,False,False,False,False,True,True,False,False,False
大连,大连||金州||古城汇金||憬园河畔,2018,4,1,1,False,False,False,False,True,True,False,False,False
大连,大连||金州||古城汇金||新辉小区,2018,4,2,2,False,True,True,False,True,False,True,False,False
大连,大连||金州||古城汇金||桂林小区,2018,4,1,1,False,False,False,False,True,True,False,False,False
大连,大连||金州||古城汇金||永安四季,2018,4,1,1,False,False,False,False,True,True,False,False,False
大连,大连||金州||古城汇金||永安小区,2018,4,2,1,False,False,True,True,True,False,True,False,False
大连,大连||金州||古城汇金||金爵世家,2018,4,2,2,False,True,True,False,True,False,True,False,False
大连,大连||金州||城润||新青年金洋合院（金洋小区）,2018,4,2,2,False,True,True,False,True,False,True,False,False
大连,大连||金州||城润||滨城南岸小区,2018,4,1,1,False,False,False,False,True,True,False,False,False
大连,大连||金州||城润||金地新里程,2018,4,2,2,False,True,True,False,True,False,True,False,False
大连,大连||金州||城润||龙湾路小区,2018,4,3,3,True,True,True,False,True,False,False,True,False
大连,大连||金州||桃园||八里河小区,2018,4,1,1,False,False,False,False,True,True,False,False,False
大连,大连||金州||桃园||桃园小区,2018,4,1,1,False,False,False,False,True,True,False,False,False
大连,大连||金州||碧海||于洼小区,2018,4,2,2,False,True,True,False,True,False,True,False,False
大连,大连||金州||碧海||体育场小区,2018,4,1,1,False,False,False,False,True,True,False,False,False
大连,大连||金州||碧海||建兴花园,2018,4,1,1,False,False,False,False,True,True,False,False,False
大连,大连||金州||碧海||朝阳小区,2018,4,1,1,False,False,False,False,True,True,False,False,False
大连,大连||金州||站前||友好街32号,2018,4,2,2,False,True,True,False,True,False,True,False,False
大连,大连||金州||站前||和嘉佳园,2018,4,2,2,False,True,True,False,True,False,True,False,False
大连,大连||金州||站前||现代雅筑,2018,4,2,2,False,True,True,False,True,False,True,False,False
大连,大连||金州||站前||盛滨花园A区,2018,4,3,2,True,True,True,True,True,False,False,False,True
大连,大连||金州||站前||盛滨花园B区,2018,4,1,1,False,False,False,False,True,True,False,False,False
大连,大连||金州||站前||盛滨花园C区,2018,4,1,1,False,False,False,False,True,True,False,False,False
大连,大连||金州||站前||联胜小区,2018,4,2,2,False,True,True,False,True,False,True,False,False
大连,大连||金州||站前||金源花园小区,2018,4,1,1,False,False,False,False,True,True,False,False,False
大连,大连||金州||站前||金连福地,2018,4,1,1,False,False,False,False,True,True,False,False,False
大连,大连||金州||站前||阳光家园,2018,4,1,1,False,False,False,False,True,True,False,False,False
大连,大连||金州||连大||新青年印象,2018,4,2,1,False,False,True,True,True,False,True,False,False
大连,大连||金州||连大||海天新界,2018,4,1,1,False,False,False,False,True,True,False,False,False
大连,大连||金州||金华||一农机小区,2018,4,1,1,False,False,False,False,True,True,False,False,False
大连,大连||金州||金华||宁海小区,2018,4,1,1,False,False,False,False,True,True,False,False,False
大连,大连||金州||金华||恒达花园,2018,4,1,1,False,False,False,False,True,True,False,False,False
大连,大连||金州||金华||通用阳光丽景,2018,4,2,2,False,True,True,False,True,False,True,False,False
大连,大连||金州||金华||金华小区一期,2018,4,1,1,False,False,False,False,True,True,False,False,False
大连,大连||金州||金华||金华小区二期,2018,4,1,1,False,False,False,False,True,True,False,False,False
大连,大连||金州||金华||金园新村,2018,4,1,1,False,False,False,False,True,True,False,False,False
大连,大连||金州||金华||金海国际花园,2018,4,1,1,False,False,False,False,True,True,False,False,False
大连,大连||金州||金华||龙祥嘉园,2018,4,1,1,False,False,False,False,True,True,False,False,False
大连,大连||金州||金州其他||世茂御龙海湾,2022,0,1,1,False,,,,False,True,False,False,False
大连,大连||金州||金润||康居小区,2018,4,1,1,False,False,False,False,True,True,False,False,False
大连,大连||金州||金润||民馨小区,2018,4,1,1,False,False,False,False,True,True,False,False,False
大连,大连||金州||金润||自然天城,2018,4,1,1,False,False,False,False,True,True,False,False,False
大连,大连||金州||金润||金元小区,2018,4,1,1,False,False,False,False,True,True,False,False,False
大连,大连||金州||金润||金州东山小区,2018,4,1,1,False,False,False,False,True,True,False,False,False
大连,大连||金州||金湾新城||卧龙园,2018,4,2,2,False,True,True,False,True,False,True,False,False
大连,大连||金州||金湾新城||滨海丰园,2018,4,1,1,False,False,False,False,True,True,False,False,False
大连,大连||金州||金湾新城||福泉东里小区,2018,4,2,2,False,True,True,False,True,False,True,False,False
大连,大连||金州||金石滩||金海人家,2018,4,1,1,False,False,False,False,True,True,False,False,False
大连,大连||金州||金石滩||阳光地中海,2018,4,3,2,True,True,True,True,True,False,False,False,True
大连,大连||金州||金石滩||龙山小区,2018,4,2,2,False,True,True,False,True,False,True,False,False
大连,大连||金州||金纺||聚鑫小区一期,2018,4,1,1,False,False,False,False,True,True,False,False,False
大连,大连||金州||金纺||聚鑫小区三期,2018,4,1,1,False,False,False,False,True,True,False,False,False
大连,大连||金州||金纺||自然天城B区,2018,4,1,1,False,False,False,False,True,True,False,False,False
大连,大连||金州||金纺||金星小区,2018,4,1,1,False,False,False,False,True,True,False,False,False
大连,大连||金州||金纺||金纺小区,2018,4,1,1,False,False,False,False,True,True,False,False,False
大连,大连||金州||金纺||金莲怡园,2018,4,1,1,False,False,False,False,True,True,False,False,False
大连,大连||金州||金纺||鑫海阳光,2018,4,1,1,False,False,False,False,True,True,False,False,False
天津,天津||东丽||万新街||雪莲北里,2022,0,1,1,False,,,,False,True,False,False,False
天津,天津||东丽||东丽湖||万科城盛锦苑,2020,2,3,3,True,True,True,False,True,False,False,True,False
天津,天津||东丽||东丽湖||万科城邻水苑,2022,0,1,1,False,,,,False,True,False,False,False
天津,天津||东丽||东丽湖||东丽湖万科城阅桦苑,2021,1,2,2,False,True,True,False,True,False,True,False,False
天津,天津||东丽||东丽湖||凭澜苑,2021,1,1,1,False,False,False,False,True,True,False,False,False
天津,天津||东丽||东丽湖||北大资源阅府,2018,4,2,1,False,False,True,True,True,False,True,False,False
天津,天津||东丽||东丽湖||天津华侨城,2022,0,1,1,False,,,,False,True,False,False,False
天津,天津||东丽||东丽湖||天津华侨城天鹅堡,2022,0,1,1,False,,,,False,True,False,False,False
天津,天津||东丽||东丽湖||天骥智谷,2018,4,5,5,True,True,True,False,True,False,False,True,False
天津,天津||东丽||东丽湖||恒大绿洲花园,2022,0,1,1,False,,,,False,True,False,False,False
天津,天津||东丽||东丽湖||恒大绿洲馨园,2022,0,1,1,False,,,,False,True,False,False,False
天津,天津||东丽||东丽湖||恒大翡翠华庭,2022,0,1,1,False,,,,False,True,False,False,False
天津,天津||东丽||东丽湖||揽城苑,2022,0,1,1,False,,,,False,True,False,False,False
天津,天津||东丽||东丽湖||映湖苑,2022,0,1,1,False,,,,False,True,False,False,False
天津,天津||东丽||东丽湖||月憬苑,2019,3,4,4,True,True,True,False,True,False,False,True,False
天津,天津||东丽||东丽湖||朗钜维尔蓝堤花园,2018,4,5,5,True,True,True,False,True,False,False,True,False
天津,天津||东丽||东丽湖||松江东湖小镇,2018,4,4,3,True,False,True,True,True,False,False,True,False
天津,天津||东丽||东丽湖||津泽兰湾,2018,4,3,2,True,False,True,True,True,False,False,False,True
天津,天津||东丽||东丽湖||碧溪苑,2021,1,2,2,False,True,True,False,True,False,True,False,False
天津,天津||东丽||东丽湖||米兰东湖湾,2021,1,2,2,False,True,True,False,True,False,True,False,False
天津,天津||东丽||东丽湖||观湖苑,2021,1,1,1,False,False,False,False,True,True,False,False,False
天津,天津||东丽||东丽湖||阅湖苑,2021,1,2,2,False,True,True,False,True,False,True,False,False
天津,天津||东丽||东丽湖||阅溪苑,2021,1,1,1,False,False,False,False,True,True,False,False,False
天津,天津||东丽||军粮城||广福家园,2022,0,1,1,False,,,,False,True,False,False,False
天津,天津||东丽||华明镇||华富家园北区,2021,1,2,2,False,True,True,False,True,False,True,False,False
天津,天津||东丽||华明镇||华湖苑,2018,4,2,1,False,False,True,True,True,False,True,False,False
天津,天津||东丽||华明镇||厚园,2022,0,1,1,False,,,,False,True,False,False,False
天津,天津||东丽||华明镇||坤园,2018,4,2,2,False,True,True,False,True,False,True,False,False
天津,天津||东丽||华明镇||天欣花园,2018,4,1,1,False,False,False,False,True,True,False,False,False
天津,天津||东丽||华明镇||宝能城,2022,0,1,1,False,,,,False,True,False,False,False
天津,天津||东丽||华明镇||建邦时代汇,2018,4,3,2,True,False,True,True,True,False,False,False,True
天津,天津||东丽||华明镇||怀园,2018,4,3,2,True,False,True,True,True,False,False,False,True
天津,天津||东丽||华明镇||悦园,2018,4,1,1,False,False,False,False,True,True,False,False,False
天津,天津||东丽||华明镇||润园,2022,0,1,1,False,,,,False,True,False,False,False
天津,天津||东丽||华明镇||畅园,2022,0,1,1,False,,,,False,True,False,False,False
天津,天津||东丽||华明镇||福园,2018,4,2,1,False,False,True,True,True,False,True,False,False
天津,天津||东丽||华明镇||翠园,2022,0,1,1,False,,,,False,True,False,False,False
天津,天津||东丽||华明镇||达园,2022,0,1,1,False,,,,False,True,False,False,False
天津,天津||东丽||新立街||悦盛园,2020,2,3,3,True,True,True,False,True,False,False,True,False
天津,天津||东丽||空港经济区||万通金府国际,2018,4,5,5,True,True,True,False,True,False,False,True,False
天津,天津||东丽||空港经济区||海航YOHO,2018,4,5,5,True,True,True,False,True,False,False,True,False
天津,天津||北辰||双环邨||佳园东里（东区）,2018,4,1,1,False,False,False,False,True,True,False,False,False
天津,天津||北辰||果园新村||志和里,2022,0,1,1,False,,,,False,True,False,False,False
天津,天津||北辰||果园新村||瀛洲里,2021,1,1,1,False,False,False,False,True,True,False,False,False
天津,天津||南开||嘉陵道街||祥平园,2022,0,1,1,False,,,,False,True,False,False,False
天津,天津||塘沽||北塘街||泰达御海,2019,3,2,1,False,False,True,True,True,False,True,False,False
天津,天津||塘沽||北塘街||海沣苑,2018,4,1,1,False,False,False,False,True,True,False,False,False
天津,天津||塘沽||北塘街||绅湖公馆,2018,4,5,5,True,True,True,False,True,False,False,True,False
天津,天津||塘沽||大沽街||中惠熙元广场,2020,2,3,3,True,True,True,False,True,False,False,True,False
天津,天津||塘沽||新河街||胡北小镇,2018,4,2,1,False,False,True,True,True,False,True,False,False
天津,天津||塘沽||胡家园||官港小区,2018,4,5,5,True,True,True,False,True,False,False,True,False
天津,天津||塘沽||胡家园||恒盛尚海湾滨海,2018,4,5,5,True,True,True,False,True,False,False,True,False
天津,天津||宁河||宁河||天津海航城,2018,4,5,5,True,True,True,False,True,False,False,True,False
天津,天津||宝坻||京津新城||泰富橄榄树,2018,4,5,5,True,True,True,False,True,False,False,True,False
天津,天津||宝坻||京津新城||香江健康小镇康乃馨园,2018,4,5,5,True,True,True,False,True,False,False,True,False
天津,天津||宝坻||京津新城||香江健康小镇棕榈园,2018,4,5,5,True,True,True,False,True,False,False,True,False
天津,天津||宝坻||京津新城||香江健康小镇玉兰园,2018,4,5,5,True,True,True,False,True,False,False,True,False
天津,天津||宝坻||京津新城||香江健康小镇芙蓉湾花园,2018,4,5,5,True,True,True,False,True,False,False,True,False
天津,天津||宝坻||北城路||华兴里住宅小区,2018,4,4,3,True,False,True,True,True,False,False,True,False
天津,天津||宝坻||北城路||宝鑫景苑,2018,4,4,3,True,False,True,True,True,False,False,True,False
天津,天津||宝坻||北城路||蓝水湾花园东区,2018,4,5,5,True,True,True,False,True,False,False,True,False
天津,天津||宝坻||北城路||蓝水湾花园西区,2018,4,4,2,True,True,True,True,True,False,False,False,True
天津,天津||宝坻||南三路||中保住宅楼,2018,4,5,5,True,True,True,False,True,False,False,True,False
天津,天津||宝坻||南关大街||天宝华苑,2018,4,5,5,True,True,True,False,True,False,False,True,False
天津,天津||宝坻||南关大街||天宝新苑二期,2018,4,5,5,True,True,True,False,True,False,False,True,False
天津,天津||宝坻||南关大街||天宝新苑小区一期,2018,4,5,5,True,True,True,False,True,False,False,True,False
天津,天津||宝坻||南关大街||宝平景苑西区,2022,0,1,1,False,,,,False,True,False,False,False
天津,天津||宝坻||建设路||岳园小区,2018,4,4,3,True,True,True,True,True,False,False,True,False
天津,天津||宝坻||建设路||建设楼(宝坻),2018,4,4,3,True,False,True,True,True,False,False,True,False
天津,天津||宝坻||建设路||建设路小区,2018,4,4,3,True,False,True,True,True,False,False,True,False
天津,天津||宝坻||怡购||潮阳花园,2022,0,1,1,False,,,,False,True,False,False,False
天津,天津||宝坻||海滨||和远领居,2019,3,1,1,False,False,False,False,True,True,False,False,False
天津,天津||宝坻||海滨||天泰园,2021,1,2,2,False,True,True,False,True,False,True,False,False
天津,天津||宝坻||海滨||天馨家園,2020,2,2,1,False,False,True,True,True,False,True,False,False
天津,天津||宝坻||海滨||龙第世家花园,2021,1,2,2,False,True,True,False,True,False,True,False,False
天津,天津||宝坻||潮阳大道||凯旋家园,2020,2,2,1,False,False,True,True,True,False,True,False,False
天津,天津||宝坻||火车站||城市艺墅,2018,4,4,3,True,False,True,True,True,False,False,True,False
天津,天津||宝坻||火车站||绿景家園,2018,4,1,1,False,False,False,False,True,True,False,False,False
天津,天津||宝坻||火车站||裕园,2018,4,4,3,True,True,True,True,True,False,False,True,False
天津,天津||宝坻||火车站||钰鑫园,2021,1,2,2,False,True,True,False,True,False,True,False,False
天津,天津||宝坻||翡翠湾||圣缇湾,2018,4,5,5,True,True,True,False,True,False,False,True,False
天津,天津||宝坻||翡翠湾||平安家园,2018,4,5,5,True,True,True,False,True,False,False,True,False
天津,天津||宝坻||翡翠湾||灵秀丽苑,2018,4,4,3,True,False,True,True,True,False,False,True,False
天津,天津||宝坻||翡翠湾||翡翠湾花园,2018,4,4,3,True,False,True,True,True,False,False,True,False
天津,天津||宝坻||马家店||宝星花园,2018,4,5,5,True,True,True,False,True,False,False,True,False
天津,天津||宝坻||马家店||春满园,2018,4,4,3,True,False,True,True,True,False,False,True,False
天津,天津||宝坻||马家店||翰林雅苑,2018,4,5,5,True,True,True,False,True,False,False,True,False
天津,天津||武清||下朱庄||君利花园,2018,4,2,1,False,False,True,True,True,False,True,False,False
天津,天津||武清||下朱庄||富兴领寓,2018,4,3,2,True,True,True,True,True,False,False,False,True
天津,天津||武清||下朱庄||月伴湾花园,2020,2,1,1,False,False,False,False,True,True,False,False,False
天津,天津||武清||下朱庄||越秀园东区,2022,0,1,1,False,,,,False,True,False,False,False
天津,天津||武清||下朱庄||越秀园西区,2018,4,3,3,True,True,True,False,True,False,False,True,False
天津,天津||武清||下朱庄||金帆中心,2022,0,1,1,False,,,,False,True,False,False,False
天津,天津||武清||中信广场||京津时尚广场,2018,4,5,5,True,True,True,False,True,False,False,True,False
天津,天津||武清||中信广场||君利商厦,2018,4,4,2,True,True,True,True,True,False,False,False,True
天津,天津||武清||中信广场||文华巷,2018,4,2,1,False,False,True,True,True,False,True,False,False
天津,天津||武清||中信广场||武清团结东里,2021,1,2,2,False,True,True,False,True,False,True,False,False
天津,天津||武清||武清其它||世嘉花苑,2018,4,5,5,True,True,True,False,True,False,False,True,False
天津,天津||武清||武清其它||亿博香墅里,2020,2,1,1,False,False,False,False,True,True,False,False,False
天津,天津||武清||武清其它||尚港华府,2018,4,5,5,True,True,True,False,True,False,False,True,False
天津,天津||武清||武清其它||怡景花园,2018,4,5,5,True,True,True,False,True,False,False,True,False
天津,天津||武清||武清其它||悦公馆,2018,4,5,5,True,True,True,False,True,False,False,True,False
天津,天津||武清||武清其它||惠昊公寓,2018,4,4,3,True,False,True,True,True,False,False,True,False
天津,天津||武清||武清其它||景瑞花园,2018,4,5,5,True,True,True,False,True,False,False,True,False
天津,天津||武清||武清其它||津门及第,2018,4,5,5,True,True,True,False,True,False,False,True,False
天津,天津||武清||武清其它||盛世豪庭一期,2018,4,5,5,True,True,True,False,True,False,False,True,False
天津,天津||武清||武清其它||盛景花园,2018,4,5,5,True,True,True,False,True,False,False,True,False
天津,天津||武清||武清其它||美克嘉美湾,2018,4,3,2,True,False,True,True,True,False,False,False,True
天津,天津||武清||武清其它||翡翠蓝湾,2020,2,2,1,False,False,True,True,True,False,True,False,False
天津,天津||武清||武清其它||花都新苑,2018,4,5,5,True,True,True,False,True,False,False,True,False
天津,天津||武清||武清其它||芳菲苑,2018,4,5,5,True,True,True,False,True,False,False,True,False
天津,天津||武清||武清其它||雍盛花苑,2018,4,5,5,True,True,True,False,True,False,False,True,False
天津,天津||武清||静湖||碧溪卓园,2019,3,1,1,False,False,False,False,True,True,False,False,False
天津,天津||武清||静湖||碧溪夏园,2018,4,3,1,True,False,True,True,True,False,False,False,True
天津,天津||武清||静湖||碧溪春园,2018,4,1,1,False,False,False,False,True,True,False,False,False
天津,天津||武清||静湖||碧溪秋园,2018,4,1,1,False,False,False,False,True,True,False,False,False
天津,天津||武清||静湖||静湖花园东区,2018,4,2,1,False,False,True,True,True,False,True,False,False
天津,天津||武清||静湖||静湖花园西区,2021,1,2,2,False,True,True,False,True,False,True,False,False
天津,天津||武清||高村||首创国际半岛梅诺卡小镇,2018,4,4,2,True,True,True,True,True,False,False,False,True
天津,天津||河东||上杭路||红星大厦,2021,1,1,1,False,False,False,False,True,True,False,False,False
天津,天津||河北||铁东路||东环,2020,2,1,1,False,False,False,False,True,True,False,False,False
天津,天津||河西||友谊路||紫金花园,2022,0,1,1,False,,,,False,True,False,False,False
天津,天津||河西||天塔街||体院宿舍,2022,0,1,1,False,,,,False,True,False,False,False
天津,天津||津南||八里台||中海国际公园城,2018,4,4,4,True,True,True,False,True,False,False,True,False
天津,天津||津南||八里台||天嘉湖花园,2018,4,5,5,True,True,True,False,True,False,False,True,False
天津,天津||津南||八里台||天津碧桂园,2018,4,5,5,True,True,True,False,True,False,False,True,False
天津,天津||津南||八里台||海尔格林小镇,2018,4,3,2,True,True,True,True,True,False,False,False,True
天津,天津||津南||八里台||融创星耀五洲,2018,4,5,5,True,True,True,False,True,False,False,True,False
天津,天津||津南||双港||九州创意园,2018,4,5,5,True,True,True,False,True,False,False,True,False
天津,天津||津南||双港||联东U谷总部大观青年公社,2018,4,5,5,True,True,True,False,True,False,False,True,False
天津,天津||津南||咸水沽||惠丰花园兴旺居,2018,4,4,3,True,False,True,True,True,False,False,True,False
天津,天津||津南||咸水沽||惠丰花园发达居,2018,4,2,1,False,False,True,True,True,False,True,False,False
天津,天津||津南||咸水沽||惠安花园,2018,4,1,1,False,False,False,False,True,True,False,False,False
天津,天津||津南||咸水沽||惠苑里,2018,4,2,2,False,True,True,False,True,False,True,False,False
天津,天津||津南||咸水沽||照明北里,2018,4,4,3,True,False,True,True,True,False,False,True,False
天津,天津||津南||咸水沽||益华里,2022,0,1,1,False,,,,False,True,False,False,False
天津,天津||津南||小站镇||天山·水榭花都,2018,4,5,5,True,True,True,False,True,False,False,True,False
天津,天津||津南||柳林街||仕林苑,2022,0,1,1,False,,,,False,True,False,False,False
天津,天津||津南||辛庄||龙汇公寓,2020,2,2,2,False,True,True,False,True,False,True,False,False
天津,天津||海河教育园区||辛庄||静怡里小区,2022,0,1,1,False,,,,False,True,False,False,False
天津,天津||滨海新区||中新生态城||万通新新逸墅,2019,3,1,1,False,False,False,False,True,True,False,False,False
天津,天津||滨海新区||中新生态城||力高阳光海岸,2018,4,2,1,False,False,True,True,True,False,True,False,False
天津,天津||滨海新区||中新生态城||和畅园(滨海新区),2018,4,1,1,False,False,False,False,True,True,False,False,False
天津,天津||滨海新区||大港||七邻里北区,2018,4,5,5,True,True,True,False,True,False,False,True,False
天津,天津||滨海新区||大港||七邻里南区,2018,4,4,4,True,True,True,False,True,False,False,True,False
天津,天津||滨海新区||大港||三号院中区东里,2018,4,5,5,True,True,True,False,True,False,False,True,False
天津,天津||滨海新区||大港||三春里,2018,4,5,5,True,True,True,False,True,False,False,True,False
天津,天津||滨海新区||大港||世纪花园(大港区),2018,4,2,2,False,True,True,False,True,False,True,False,False
天津,天津||滨海新区||大港||东区,2018,4,5,5,True,True,True,False,True,False,False,True,False
天津,天津||滨海新区||大港||五方里,2018,4,5,5,True,True,True,False,True,False,False,True,False
天津,天津||滨海新区||大港||光明里,2018,4,5,5,True,True,True,False,True,False,False,True,False
天津,天津||滨海新区||大港||六合里(大港区),2018,4,5,5,True,True,True,False,True,False,False,True,False
天津,天津||滨海新区||大港||兴华里(大港区),2018,4,5,5,True,True,True,False,True,False,False,True,False
天津,天津||滨海新区||大港||兴安里,2018,4,2,2,False,True,True,False,True,False,True,False,False
天津,天津||滨海新区||大港||兴德里,2018,4,1,1,False,False,False,False,True,True,False,False,False
天津,天津||滨海新区||大港||兴慧里,2018,4,2,2,False,True,True,False,True,False,True,False,False
天津,天津||滨海新区||大港||兴盛里(大港区),2018,4,1,1,False,False,False,False,True,True,False,False,False
天津,天津||滨海新区||大港||凯旋苑,2018,4,1,1,False,False,False,False,True,True,False,False,False
天津,天津||滨海新区||大港||创业北里,2018,4,5,5,True,True,True,False,True,False,False,True,False
天津,天津||滨海新区||大港||前光里,2018,4,5,5,True,True,True,False,True,False,False,True,False
天津,天津||滨海新区||大港||前程里,2018,4,4,4,True,True,True,False,True,False,False,True,False
天津,天津||滨海新区||大港||前进里,2018,4,5,5,True,True,True,False,True,False,False,True,False
天津,天津||滨海新区||大港||北安小区,2018,4,5,5,True,True,True,False,True,False,False,True,False
天津,天津||滨海新区||大港||北苑小区,2018,4,5,5,True,True,True,False,True,False,False,True,False
天津,天津||滨海新区||大港||华幸小区,2018,4,5,5,True,True,True,False,True,False,False,True,False
天津,天津||滨海新区||大港||华盛小区,2018,4,5,5,True,True,True,False,True,False,False,True,False
天津,天津||滨海新区||大港||华福小区,2018,4,5,5,True,True,True,False,True,False,False,True,False
天津,天津||滨海新区||大港||华隆小区,2018,4,5,5,True,True,True,False,True,False,False,True,False
天津,天津||滨海新区||大港||南春园小区,2018,4,5,5,True,True,True,False,True,False,False,True,False
天津,天津||滨海新区||大港||双丰小区,2018,4,5,5,True,True,True,False,True,False,False,True,False
天津,天津||滨海新区||大港||双安里,2018,4,5,5,True,True,True,False,True,False,False,True,False
天津,天津||滨海新区||大港||古林里,2018,4,5,5,True,True,True,False,True,False,False,True,False
天津,天津||滨海新区||大港||同盛里西区,2018,4,5,5,True,True,True,False,True,False,False,True,False
天津,天津||滨海新区||大港||四化里,2018,4,5,5,True,True,True,False,True,False,False,True,False
天津,天津||滨海新区||大港||团结里,2018,4,5,5,True,True,True,False,True,False,False,True,False
天津,天津||滨海新区||大港||天泽园,2018,4,2,2,False,True,True,False,True,False,True,False,False
天津,天津||滨海新区||大港||学府雅居,2018,4,2,2,False,True,True,False,True,False,True,False,False
天津,天津||滨海新区||大港||安泰小区,2018,4,5,5,True,True,True,False,True,False,False,True,False
天津,天津||滨海新区||大港||建北里,2018,4,5,5,True,True,True,False,True,False,False,True,False
天津,天津||滨海新区||大港||建安里,2018,4,5,5,True,True,True,False,True,False,False,True,False
天津,天津||滨海新区||大港||开元里,2018,4,5,5,True,True,True,False,True,False,False,True,False
天津,天津||滨海新区||大港||振业里,2018,4,4,4,True,True,True,False,True,False,False,True,False
天津,天津||滨海新区||大港||振华里(滨海新区),2018,4,1,1,False,False,False,False,True,True,False,False,False
天津,天津||滨海新区||大港||新兴西里,2018,4,5,5,True,True,True,False,True,False,False,True,False
天津,天津||滨海新区||大港||新盛小区,2018,4,5,5,True,True,True,False,True,False,False,True,False
天津,天津||滨海新区||大港||春晖北里,2018,4,1,1,False,False,False,False,True,True,False,False,False
天津,天津||滨海新区||大港||春晖里(大港区),2018,4,1,1,False,False,False,False,True,True,False,False,False
天津,天津||滨海新区||大港||晨晖北里,2018,4,3,2,True,True,True,True,True,False,False,False,True
天津,天津||滨海新区||大港||曙光里(大港区),2018,4,4,3,True,True,True,True,True,False,False,True,False
天津,天津||滨海新区||大港||朝晖里(大港区),2018,4,1,1,False,False,False,False,True,True,False,False,False
天津,天津||滨海新区||大港||桃园小区,2018,4,5,5,True,True,True,False,True,False,False,True,False
天津,天津||滨海新区||大港||汇丰园,2018,4,1,1,False,False,False,False,True,True,False,False,False
天津,天津||滨海新区||大港||汇康园,2018,4,1,1,False,False,False,False,True,True,False,False,False
天津,天津||滨海新区||大港||海信园,2018,4,1,1,False,False,False,False,True,True,False,False,False
天津,天津||滨海新区||大港||海天园,2018,4,1,1,False,False,False,False,True,True,False,False,False
天津,天津||滨海新区||大港||海川园,2018,4,1,1,False,False,False,False,True,True,False,False,False
天津,天津||滨海新区||大港||海明园西区,2018,4,1,1,False,False,False,False,True,True,False,False,False
天津,天津||滨海新区||大港||海滨园,2018,4,1,1,False,False,False,False,True,True,False,False,False
天津,天津||滨海新区||大港||海通园,2018,4,1,1,False,False,False,False,True,True,False,False,False
天津,天津||滨海新区||大港||海韵园,2018,4,1,1,False,False,False,False,True,True,False,False,False
天津,天津||滨海新区||大港||港明里,2018,4,4,4,True,True,True,False,True,False,False,True,False
天津,天津||滨海新区||大港||港星里,2018,4,2,2,False,True,True,False,True,False,True,False,False
天津,天津||滨海新区||大港||港电西里,2018,4,5,5,True,True,True,False,True,False,False,True,False
天津,天津||滨海新区||大港||炼盛南小区,2018,4,5,5,True,True,True,False,True,False,False,True,False
天津,天津||滨海新区||大港||祥和小区,2018,4,5,5,True,True,True,False,True,False,False,True,False
天津,天津||滨海新区||大港||福华里（滨海新区）,2018,4,1,1,False,False,False,False,True,True,False,False,False
天津,天津||滨海新区||大港||福安里(大港区),2018,4,4,3,True,True,True,True,True,False,False,True,False
天津,天津||滨海新区||大港||福居园,2018,4,5,5,True,True,True,False,True,False,False,True,False
天津,天津||滨海新区||大港||福汇园,2018,4,1,1,False,False,False,False,True,True,False,False,False
天津,天津||滨海新区||大港||福泽园(滨海新区),2018,4,1,1,False,False,False,False,True,True,False,False,False
天津,天津||滨海新区||大港||福津园,2018,4,1,1,False,False,False,False,True,True,False,False,False
天津,天津||滨海新区||大港||福源花园,2018,4,1,1,False,False,False,False,True,True,False,False,False
天津,天津||滨海新区||大港||福芳园,2018,4,1,1,False,False,False,False,True,True,False,False,False
天津,天津||滨海新区||大港||福苑里,2018,4,4,2,True,True,True,True,True,False,False,False,True
天津,天津||滨海新区||大港||福锦园,2018,4,1,1,False,False,False,False,True,True,False,False,False
天津,天津||滨海新区||大港||胜利里,2018,4,5,5,True,True,True,False,True,False,False,True,False
天津,天津||滨海新区||大港||花园南里,2018,4,5,5,True,True,True,False,True,False,False,True,False
天津,天津||滨海新区||大港||芳华小区,2018,4,5,5,True,True,True,False,True,False,False,True,False
天津,天津||滨海新区||大港||荣华里(大港区),2018,4,5,5,True,True,True,False,True,False,False,True,False
天津,天津||滨海新区||大港||西苑小区,2018,4,5,5,True,True,True,False,True,False,False,True,False
天津,天津||滨海新区||大港||西运小区,2018,4,5,5,True,True,True,False,True,False,False,True,False
天津,天津||滨海新区||大港||采油小区,2018,4,5,5,True,True,True,False,True,False,False,True,False
天津,天津||滨海新区||大港||钻井新村,2018,4,5,5,True,True,True,False,True,False,False,True,False
天津,天津||滨海新区||汉沽||世嘉,2018,4,5,5,True,True,True,False,True,False,False,True,False
天津,天津||滨海新区||汉沽||东岸虹苑,2018,4,4,4,True,True,True,False,True,False,False,True,False
天津,天津||滨海新区||汉沽||九龙里,2018,4,5,5,True,True,True,False,True,False,False,True,False
天津,天津||滨海新区||汉沽||华城馨苑,2018,4,5,5,True,True,True,False,True,False,False,True,False
天津,天津||滨海新区||汉沽||四季花苑二期绿地景城,2018,4,5,5,True,True,True,False,True,False,False,True,False
天津,天津||滨海新区||汉沽||坨南里,2018,4,5,5,True,True,True,False,True,False,False,True,False
天津,天津||滨海新区||汉沽||学仕府花园,2018,4,5,5,True,True,True,False,True,False,False,True,False
天津,天津||滨海新区||汉沽||弘泽天泽,2018,4,5,5,True,True,True,False,True,False,False,True,False
天津,天津||滨海新区||汉沽||汉郡豪庭,2018,4,5,5,True,True,True,False,True,False,False,True,False
天津,天津||滨海新区||汉沽||泰安里(汉沽区),2018,4,5,5,True,True,True,False,True,False,False,True,False
天津,天津||滨海新区||汉沽||福源九方,2018,4,4,3,True,True,True,True,True,False,False,True,False
天津,天津||滨海新区||汉沽||紫润别苑,2018,4,5,5,True,True,True,False,True,False,False,True,False
天津,天津||滨海新区||汉沽||红霞里(汉沽区),2018,4,5,5,True,True,True,False,True,False,False,True,False
天津,天津||滨海新区||汉沽||美域澜苑,2018,4,5,5,True,True,True,False,True,False,False,True,False
天津,天津||滨海新区||汉沽||金谷里小区,2018,4,3,1,True,False,True,True,True,False,False,False,True
天津,天津||滨海新区||滨海其它||万科金域国际,2020,2,1,1,False,False,False,False,True,True,False,False,False
天津,天津||滨海新区||滨海其它||中交上东湾,2019,3,3,2,True,True,True,True,True,False,False,False,True
天津,天津||滨海新区||滨海其它||泰达星海湾,2018,4,5,5,True,True,True,False,True,False,False,True,False
天津,天津||滨海新区||滨海其它||瞰海轩,2018,4,4,4,True,True,True,False,True,False,False,True,False
天津,天津||蓟州||于桥水库||引滦小区,2018,4,5,5,True,True,True,False,True,False,False,True,False
天津,天津||蓟州||人民公园||状元城（蓟州）,2018,4,2,1,False,False,True,True,True,False,True,False,False
天津,天津||蓟州||盘山风景区||美域新城,2018,4,1,1,False,False,False,False,True,True,False,False,False
天津,天津||蓟州||蓟州城区||三府公寓,2019,3,4,4,True,True,True,False,True,False,False,True,False
天津,天津||蓟州||蓟州城区||光明里(蓟州区),2018,4,1,1,False,False,False,False,True,True,False,False,False
天津,天津||蓟州||蓟州城区||兴华大街19号,2019,3,3,2,True,True,True,True,True,False,False,False,True
天津,天津||蓟州||蓟州城区||劳动局家属楼,2018,4,4,4,True,True,True,False,True,False,False,True,False
天津,天津||蓟州||蓟州城区||安裕新村,2018,4,4,2,True,True,True,True,True,False,False,False,True
天津,天津||蓟州||蓟州城区||府君里,2018,4,2,1,False,False,True,True,True,False,True,False,False
天津,天津||蓟州||蓟州城区||水利新村,2018,4,4,3,True,False,True,True,True,False,False,True,False
天津,天津||蓟州||蓟州城区||翠湖新村,2018,4,4,3,True,True,True,True,True,False,False,True,False
天津,天津||蓟州||蓟州城区||鑫海苑,2018,4,1,1,False,False,False,False,True,True,False,False,False
天津,天津||蓟州||蓟州城区||阳光小区,2022,0,1,1,False,,,,False,True,False,False,False
天津,天津||西青||中北镇||新津国际,2018,4,5,5,True,True,True,False,True,False,False,True,False
天津,天津||西青||精武镇||学畔馨园,2018,4,2,1,False,False,True,True,True,False,True,False,False
天津,天津||西青||精武镇||开源里(西青区),2022,0,1,1,False,,,,False,True,False,False,False
天津,天津||静海||团泊东||天津富力新城,2018,4,5,5,True,True,True,False,True,False,False,True,False
天津,天津||静海||团泊西||禹洲御湖郡,2018,4,2,2,False,True,True,False,True,False,True,False,False
太原,太原||万柏林区||下元商圈||煤气化小西区,2018,4,1,1,False,False,False,False,True,True,False,False,False
太原,太原||万柏林区||千峰北路商圈||滨河花苑,2018,4,1,1,False,False,False,False,True,True,False,False,False
太原,太原||万柏林区||千峰北路商圈||金域阅山,2018,4,1,1,False,False,False,False,True,True,False,False,False
太原,太原||万柏林区||理工大商圈||鸿峰花园东区,2018,4,1,1,False,False,False,False,True,True,False,False,False
太原,太原||万柏林区||西山商圈||铭花苑小区,2018,4,4,3,True,True,True,True,True,False,False,True,False
太原,太原||小店区||亲贤商圈||刚玉卫华小区,2020,2,1,1,False,False,False,False,True,True,False,False,False
太原,太原||小店区||建南汽车站商圈||刚玉一区,2018,4,1,1,False,False,False,False,True,True,False,False,False
太原,太原||小店区||建南汽车站商圈||太铁机环线宿舍,2018,4,2,1,False,False,True,True,True,False,True,False,False
太原,太原||晋源区||晋阳湖商圈||化肥厂小区(晋源区),2019,3,2,1,False,False,True,True,True,False,True,False,False
太原,太原||杏花岭区||国贸商圈||山西省测绘地理信息局住宅小区,2018,4,1,1,False,False,False,False,True,True,False,False,False
太原,太原||杏花岭区||富力城商圈||富力城E区,2018,4,1,1,False,False,False,False,True,True,False,False,False
太原,太原||杏花岭区||金刚堰商圈||金刚堰十三冶小区,2018,4,1,1,False,False,False,False,True,True,False,False,False
太原,太原||迎泽区||建南汽车站商圈||109医院宿舍,2019,3,1,1,False,False,False,False,True,True,False,False,False
太原,太原||迎泽区||桥东街||梦想空间,2021,1,2,2,False,True,True,False,True,False,True,False,False
太原,太原||迎泽区||火车站商圈||中铁六局太原铁建建南十号院,2020,2,3,3,True,True,True,False,True,False,False,True,False
常州,常州||天宁区||红梅||红梅新村,2018,4,1,1,False,False,False,False,True,True,False,False,False
常州,常州||新北区||三井||新城府翰苑东区,2022,0,1,1,False,,,,False,True,False,False,False
常州,常州||武进区||湖塘镇||吾悦广场悦公寓,2018,4,4,3,True,True,True,True,True,False,False,True,False
常州,常州||武进区||湖塘镇||恒大翡翠华庭,2019,3,1,1,False,False,False,False,True,True,False,False,False
常州,常州||钟楼区||五星||银河湾,2018,4,1,1,False,False,False,False,True,True,False,False,False
常州,常州||钟楼区||南大街||清潭六村西区,2018,4,1,1,False,False,False,False,True,True,False,False,False
廊坊,廊坊||固安||固安||一米阳光,2018,4,3,2,True,False,True,True,True,False,False,False,True
廊坊,廊坊||固安||固安||万隆财富广场,2021,1,1,1,False,False,False,False,True,True,False,False,False
廊坊,廊坊||固安||固安||京南绿洲一期,2018,4,1,1,False,False,False,False,True,True,False,False,False
廊坊,廊坊||固安||固安||天赐良苑,2018,4,2,2,False,True,True,False,True,False,True,False,False
廊坊,廊坊||固安||固安||天顺家园一区,2018,4,3,2,True,False,True,True,True,False,False,False,True
廊坊,廊坊||固安||固安||宏泰家园,2018,4,2,1,False,False,True,True,True,False,True,False,False
廊坊,廊坊||固安||固安||尚城国际,2018,4,1,1,False,False,False,False,True,True,False,False,False
廊坊,廊坊||固安||固安||方城佳苑小区,2019,3,1,1,False,False,False,False,True,True,False,False,False
廊坊,廊坊||固安||固安||方诚花园,2018,4,2,1,False,False,True,True,True,False,True,False,False
廊坊,廊坊||固安||固安||津狮花园,2018,4,3,1,True,False,True,True,True,False,False,False,True
廊坊,廊坊||固安||固安||浩庭花园,2018,4,1,1,False,False,False,False,True,True,False,False,False
廊坊,廊坊||固安||固安||美丽园西区,2020,2,3,3,True,True,True,False,True,False,False,True,False
廊坊,廊坊||固安||固安||英才家园,2018,4,1,1,False,False,False,False,True,True,False,False,False
廊坊,廊坊||固安||固安||金海铂郡,2018,4,3,2,True,True,True,True,True,False,False,False,True
廊坊,廊坊||固安||固安||金海馨园,2021,1,2,2,False,True,True,False,True,False,True,False,False
廊坊,廊坊||固安||固安||长福宫,2019,3,1,1,False,False,False,False,True,True,False,False,False
廊坊,廊坊||固安||固安||馨茗嘉苑,2018,4,1,1,False,False,False,False,True,True,False,False,False
廊坊,廊坊||广阳||广阳||吉祥小区,2021,1,1,1,False,False,False,False,True,True,False,False,False
廊坊,廊坊||广阳||广阳||孔雀汇景轩东区,2020,2,2,1,False,False,True,True,True,False,True,False,False
廊坊,廊坊||燕郊||永旺商圈||雷捷时代广场二期,2018,4,4,3,True,False,True,True,True,False,False,True,False
廊坊,廊坊||香河||香河||京津花园3期,2018,4,3,3,True,True,True,False,True,False,False,True,False
廊坊,廊坊||香河||香河||共青社,2018,4,1,1,False,False,False,False,True,True,False,False,False
廊坊,廊坊||香河||香河||天悦,2018,4,5,5,True,True,True,False,True,False,False,True,False
廊坊,廊坊||香河||香河||安平启城,2018,4,3,3,True,True,True,False,True,False,False,True,False
廊坊,廊坊||香河||香河||燕都鑫城,2018,4,5,5,True,True,True,False,True,False,False,True,False
廊坊,廊坊||香河||香河||绿地国宝21城,2018,4,3,2,True,True,True,True,True,False,False,False,True
廊坊,廊坊||香河||香河||香汐,2018,4,1,1,False,False,False,False,True,True,False,False,False
张家口,张家口||桥东区||桥东区||茶榆云顶小区,2018,4,1,1,False,False,False,False,True,True,False,False,False
张家口,张家口||桥西区||桥西区||凤翔山庄,2018,4,1,1,False,False,False,False,True,True,False,False,False
张家口,张家口||桥西区||桥西区||华新园三期,2018,4,1,1,False,False,False,False,True,True,False,False,False
张家口,张家口||桥西区||桥西区||天宝南苑,2018,4,1,1,False,False,False,False,True,True,False,False,False
徐州,徐州||云龙区||九七医院||铁刹小区,2022,0,1,1,False,,,,False,True,False,False,False
徐州,徐州||云龙区||天桥东||古槐园一期,2019,3,3,2,True,True,True,True,True,False,False,False,True
徐州,徐州||云龙区||天桥东||顺河南小区,2018,4,1,1,False,False,False,False,True,True,False,False,False
徐州,徐州||云龙区||宣武||民和小区,2022,0,1,1,False,,,,False,True,False,False,False
徐州,徐州||云龙区||戏马台||建国小区,2018,4,1,1,False,False,False,False,True,True,False,False,False
徐州,徐州||云龙区||戏马台||石磊小区,2022,0,1,1,False,,,,False,True,False,False,False
徐州,徐州||云龙区||绿地世纪城||绿地世纪城七期,2018,4,2,1,False,False,True,True,True,False,True,False,False
徐州,徐州||云龙区||黄山垅||云龙小区B区,2022,0,1,1,False,,,,False,True,False,False,False
徐州,徐州||新城区||大龙湖||惠民小区E区,2018,4,1,1,False,False,False,False,True,True,False,False,False
徐州,徐州||新城区||绿地商务城||绿地悦庭,2018,4,2,1,False,False,True,True,True,False,True,False,False
徐州,徐州||泉山区||七岔路口||博爱小区,2018,4,1,1,False,False,False,False,True,True,False,False,False
徐州,徐州||泉山区||七里沟||奎园新居南区,2022,0,1,1,False,,,,False,True,False,False,False
徐州,徐州||泉山区||云龙公园||云龙公园新村,2018,4,1,1,False,False,False,False,True,True,False,False,False
徐州,徐州||泉山区||儿童医院||和平小区西区,2022,0,1,1,False,,,,False,True,False,False,False
徐州,徐州||泉山区||古彭||中枢小区西区,2018,4,1,1,False,False,False,False,True,True,False,False,False
徐州,徐州||泉山区||开元四季||杏山花园,2022,0,1,1,False,,,,False,True,False,False,False
徐州,徐州||泉山区||火花||华美风景园北区,2018,4,1,1,False,False,False,False,True,True,False,False,False
徐州,徐州||泉山区||西苑||民和园,2018,4,1,1,False,False,False,False,True,True,False,False,False
徐州,徐州||铜山区||铜山万达||万达公寓,2021,1,2,2,False,True,True,False,True,False,True,False,False
徐州,徐州||铜山区||铜山区||华美和园四期,2018,4,5,5,True,True,True,False,True,False,False,True,False
徐州,徐州||鼓楼区||九里湖||华美和园二期,2018,4,4,4,True,True,True,False,True,False,False,True,False
徐州,徐州||鼓楼区||坝子街||丰财小区,2018,4,1,1,False,False,False,False,True,True,False,False,False
徐州,徐州||鼓楼区||坝子街||黄河东岸小区,2018,4,1,1,False,False,False,False,True,True,False,False,False
徐州,徐州||鼓楼区||沈场||苏堤小区（鼓楼区）,2022,0,1,1,False,,,,False,True,False,False,False
徐州,徐州||鼓楼区||王场||兴隆花园一期,2018,4,1,1,False,False,False,False,True,True,False,False,False
徐州,徐州||鼓楼区||王场||堤北村,2019,3,2,1,False,False,True,True,True,False,True,False,False
徐州,徐州||鼓楼区||王场||王场新村,2018,4,1,1,False,False,False,False,True,True,False,False,False
徐州,徐州||鼓楼区||祥和||祥和南区万隆公寓,2022,0,1,1,False,,,,False,True,False,False,False
徐州,徐州||鼓楼区||铜沛路||畔苑小区,2022,0,1,1,False,,,,False,True,False,False,False
徐州,徐州||鼓楼区||鼓楼区政府||荆南小区,2021,1,2,2,False,True,True,False,True,False,True,False,False
徐州,徐州||鼓楼区||鼓楼区政府||鼓楼花园园中苑二期,2022,0,1,1,False,,,,False,True,False,False,False
徐州,徐州||鼓楼区||鼓楼广场||6414宿舍,2022,0,1,1,False,,,,False,True,False,False,False
徐州,徐州||鼓楼区||鼓楼广场||惠工小区,2018,4,1,1,False,False,False,False,True,True,False,False,False
徐州,徐州||鼓楼区||鼓楼广场||春华园A区,2018,4,1,1,False,False,False,False,True,True,False,False,False
徐州,徐州||鼓楼区||鼓楼广场||永嘉花园,2022,0,1,1,False,,,,False,True,False,False,False
徐州,徐州||鼓楼区||鼓楼广场||港北小区,2018,4,1,1,False,False,False,False,True,True,False,False,False
徐州,徐州||鼓楼区||龟山汉墓||城市花园北区,2018,4,1,1,False,False,False,False,True,True,False,False,False
徐州,徐州||鼓楼区||龟山汉墓||城市花园南区,2018,4,1,1,False,False,False,False,True,True,False,False,False
无锡,无锡||惠山||刘潭||缤悦湾电商公寓,2020,2,3,3,True,True,True,False,True,False,False,True,False
无锡,无锡||惠山||堰桥||惠山万达商业广场,2018,4,5,5,True,True,True,False,True,False,False,True,False
无锡,无锡||惠山||堰桥||梦享城,2018,4,4,3,True,False,True,True,True,False,False,True,False
无锡,无锡||惠山||堰桥||金惠苑,2018,4,2,2,False,True,True,False,True,False,True,False,False
无锡,无锡||惠山||洛社||花园湾小区,2018,4,5,5,True,True,True,False,True,False,False,True,False
无锡,无锡||惠山||西漳||明发商业广场,2018,4,2,2,False,True,True,False,True,False,True,False,False
无锡,无锡||新吴||坊前||万裕苑,2019,3,1,1,False,False,False,False,True,True,False,False,False
无锡,无锡||新吴||塘南||风顺里,2019,3,1,1,False,False,False,False,True,True,False,False,False
无锡,无锡||新吴||新安||新安花苑一区,2018,4,1,1,False,False,False,False,True,True,False,False,False
无锡,无锡||新吴||旺庄||春潮花园二区,2019,3,1,1,False,False,False,False,True,True,False,False,False
无锡,无锡||新吴||梅村||泰伯花苑三区,2018,4,1,1,False,False,False,False,True,True,False,False,False
无锡,无锡||新吴||硕放||南星苑,2018,4,2,2,False,True,True,False,True,False,True,False,False
无锡,无锡||新吴||硕放||咏硕苑,2018,4,2,2,False,True,True,False,True,False,True,False,False
无锡,无锡||新吴||硕放||新锦园,2018,4,3,3,True,True,True,False,True,False,False,True,False
无锡,无锡||新吴||硕放||润硕苑,2018,4,5,5,True,True,True,False,True,False,False,True,False
无锡,无锡||新吴||硕放||香楠佳苑,2018,4,2,2,False,True,True,False,True,False,True,False,False
无锡,无锡||新吴||鸿山||君域豪庭,2020,2,1,1,False,False,False,False,True,True,False,False,False
无锡,无锡||新吴||鸿山||鸿泰苑三区,2018,4,3,3,True,True,True,False,True,False,False,True,False
无锡,无锡||新吴||鸿山||鸿泰苑二区,2018,4,2,2,False,True,True,False,True,False,True,False,False
无锡,无锡||新吴||鸿山||鸿泰苑五区,2018,4,2,2,False,True,True,False,True,False,True,False,False
无锡,无锡||新吴||鸿山||鸿运苑北苑,2018,4,3,3,True,True,True,False,True,False,False,True,False
无锡,无锡||梁溪||中桥||中联新村,2018,4,1,1,False,False,False,False,True,True,False,False,False
无锡,无锡||滨湖||万象城/东绛||周新苑东三期,2018,4,1,1,False,False,False,False,True,True,False,False,False
无锡,无锡||滨湖||华庄||凯发苑一期,2018,4,1,1,False,False,False,False,True,True,False,False,False
无锡,无锡||滨湖||华庄||凯发苑二期,2018,4,1,1,False,False,False,False,True,True,False,False,False
无锡,无锡||滨湖||新体育中心||稻香新村南区,2019,3,2,1,False,False,True,True,True,False,True,False,False
无锡,无锡||滨湖||河埒口||万达公寓,2022,0,1,1,False,,,,False,True,False,False,False
无锡,无锡||滨湖||河埒口||荷叶新村,2019,3,1,1,False,False,False,False,True,True,False,False,False
无锡,无锡||滨湖||湖滨商业街||震泽三村,2018,4,1,1,False,False,False,False,True,True,False,False,False
无锡,无锡||滨湖||荣巷||蓓蕾新村,2019,3,1,1,False,False,False,False,True,True,False,False,False
无锡,无锡||滨湖||融创文化旅游城||仙河苑二期,2018,4,1,1,False,False,False,False,True,True,False,False,False
无锡,无锡||锡山||东亭||金锡苑南区,2018,4,1,1,False,False,False,False,True,True,False,False,False
无锡,无锡||锡山||东北塘||芙蓉山庄A区,2018,4,1,1,False,False,False,False,True,True,False,False,False
无锡,无锡||锡山||安镇||大诚苑,2018,4,3,2,True,True,True,True,True,False,False,False,True
沈阳,沈阳||于洪||于洪广场||城建馨苑,2018,4,1,1,False,False,False,False,True,True,False,False,False
沈阳,沈阳||于洪||于洪广场||黄海花园,2018,4,1,1,False,False,False,False,True,True,False,False,False
沈阳,沈阳||于洪||于洪新城||秋实园,2018,4,3,2,True,True,True,True,True,False,False,False,True
沈阳,沈阳||于洪||于洪新城||紫郡城一期北院,2018,4,5,5,True,True,True,False,True,False,False,True,False
沈阳,沈阳||于洪||于洪新城||紫郡城三期南院,2022,0,1,1,False,,,,False,True,False,False,False
沈阳,沈阳||于洪||于洪新城||阳光100国际新城H组团,2018,4,1,1,False,False,False,False,True,True,False,False,False
沈阳,沈阳||于洪||造化||环北家园三期,2019,3,4,4,True,True,True,False,True,False,False,True,False
沈阳,沈阳||于洪||陵西||沙河子小区,2018,4,4,3,True,True,True,True,True,False,False,True,False
沈阳,沈阳||于洪||陵西||陵西二小区,2018,4,4,3,True,True,True,True,True,False,False,True,False
沈阳,沈阳||于洪||陵西||靓馨园,2018,4,3,1,True,False,True,True,True,False,False,False,True
沈阳,沈阳||和平||三好街||诚大数码广场,2021,1,1,1,False,False,False,False,True,True,False,False,False
沈阳,沈阳||和平||南湖||艾特商务花园,2018,4,3,2,True,True,True,True,True,False,False,False,True
沈阳,沈阳||和平||南湖||馨和花园,2018,4,1,1,False,False,False,False,True,True,False,False,False
沈阳,沈阳||大东||上园||卉盛家园,2018,4,2,1,False,False,True,True,True,False,True,False,False
沈阳,沈阳||大东||上园||圣淘沙家园,2018,4,1,1,False,False,False,False,True,True,False,False,False
沈阳,沈阳||大东||上园||梧桐园,2018,4,1,1,False,False,False,False,True,True,False,False,False
沈阳,沈阳||大东||东中街||万寿小区,2019,3,1,1,False,False,False,False,True,True,False,False,False
沈阳,沈阳||大东||东北大马路||万恒东方俪城星座,2021,1,1,1,False,False,False,False,True,True,False,False,False
沈阳,沈阳||大东||八王寺||吉祥小区,2019,3,1,1,False,False,False,False,True,True,False,False,False
沈阳,沈阳||大东||八王寺||馨龙小区,2020,2,1,1,False,False,False,False,True,True,False,False,False
沈阳,沈阳||大东||望花||俪华精舍,2018,4,1,1,False,False,False,False,True,True,False,False,False
沈阳,沈阳||大东||望花||彤利紫竹尙苑,2018,4,1,1,False,False,False,False,True,True,False,False,False
沈阳,沈阳||大东||望花||望花新村,2018,4,4,2,True,True,True,True,True,False,False,False,True
沈阳,沈阳||大东||陶瓷城||山水文园,2018,4,3,2,True,True,True,True,True,False,False,False,True
沈阳,沈阳||沈北新区||正良||中央大学城,2018,4,2,1,False,False,True,True,True,False,True,False,False
沈阳,沈阳||沈北新区||正良||大学新城,2022,0,1,1,False,,,,False,True,False,False,False
沈阳,沈阳||沈北新区||正良||正良社区,2018,4,4,2,True,True,True,True,True,False,False,False,True
沈阳,沈阳||沈北新区||正良||祥瑞家园,2022,0,1,1,False,,,,False,True,False,False,False
沈阳,沈阳||沈北新区||正良||诗波特文化园,2018,4,1,1,False,False,False,False,True,True,False,False,False
沈阳,沈阳||沈北新区||正良||青年派,2018,4,1,1,False,False,False,False,True,True,False,False,False
沈阳,沈阳||沈北新区||道义||三盛颐景园,2022,0,1,1,False,,,,False,True,False,False,False
沈阳,沈阳||沈北新区||道义||三盛颐景御园,2018,4,1,1,False,False,False,False,True,True,False,False,False
沈阳,沈阳||沈北新区||道义||吉宝季景沁园,2022,0,1,1,False,,,,False,True,False,False,False
沈阳,沈阳||沈北新区||道义||地雅新居,2018,4,2,2,False,True,True,False,True,False,True,False,False
沈阳,沈阳||沈北新区||道义||明发锦绣华城,2018,4,1,1,False,False,False,False,True,True,False,False,False
沈阳,沈阳||沈北新区||道义||民丰家园,2018,4,4,3,True,True,True,True,True,False,False,True,False
沈阳,沈阳||沈北新区||道义||瀚博皇家御院二期,2021,1,2,2,False,True,True,False,True,False,True,False,False
沈阳,沈阳||沈北新区||道义||皇家御院,2020,2,3,3,True,True,True,False,True,False,False,True,False
沈阳,沈阳||沈北新区||道义||道义新城一期,2018,4,4,2,True,True,True,True,True,False,False,False,True
沈阳,沈阳||沈北新区||道义||道义新城二期,2018,4,4,4,True,True,True,False,True,False,False,True,False
沈阳,沈阳||沈北新区||道义||龙湖源著,2018,4,2,1,False,False,True,True,True,False,True,False,False
沈阳,沈阳||沈北新区||道义||龙腾碧玉湾,2018,4,2,1,False,False,True,True,True,False,True,False,False
沈阳,沈阳||沈河||万柳塘||科学家花园,2019,3,1,1,False,False,False,False,True,True,False,False,False
沈阳,沈阳||沈河||南塔||房天文化家园,2018,4,3,2,True,False,True,True,True,False,False,False,True
沈阳,沈阳||沈河||南塔||沈水小区,2018,4,1,1,False,False,False,False,True,True,False,False,False
沈阳,沈阳||沈河||大西||广昌小区,2022,0,1,1,False,,,,False,True,False,False,False
沈阳,沈阳||沈河||大西||桃源社区,2018,4,3,2,True,True,True,True,True,False,False,False,True
沈阳,沈阳||沈河||大西||涌泉社区,2018,4,2,1,False,False,True,True,True,False,True,False,False
沈阳,沈阳||浑南||东湖||文欣苑,2018,4,1,1,False,False,False,False,True,True,False,False,False
沈阳,沈阳||浑南||奥体||世纪新城五期,2018,4,1,1,False,False,False,False,True,True,False,False,False
沈阳,沈阳||浑南||理工大学||文澜苑北区,2022,0,1,1,False,,,,False,True,False,False,False
沈阳,沈阳||浑南||白塔||盛天家苑,2018,4,4,2,True,True,True,True,True,False,False,False,True
沈阳,沈阳||浑南||白塔||阳光新嘉园,2018,4,1,1,False,False,False,False,True,True,False,False,False
沈阳,沈阳||浑南||营城子||后林新村,2018,4,5,5,True,True,True,False,True,False,False,True,False
沈阳,沈阳||浑南||营城子||绿色家园,2018,4,1,1,False,False,False,False,True,True,False,False,False
沈阳,沈阳||浑南||长青||天泰翰宇苑,2018,4,1,1,False,False,False,False,True,True,False,False,False
沈阳,沈阳||浑南||长青||浑南生态园,2022,0,1,1,False,,,,False,True,False,False,False
沈阳,沈阳||皇姑||三台子||加华小城,2018,4,1,1,False,False,False,False,True,True,False,False,False
沈阳,沈阳||皇姑||北行||亚明铁路小区,2019,3,2,1,False,False,True,True,True,False,True,False,False
沈阳,沈阳||皇姑||北行||克俭小区,2018,4,5,5,True,True,True,False,True,False,False,True,False
沈阳,沈阳||皇姑||北陵||凤凰小区,2018,4,3,3,True,True,True,False,True,False,False,True,False
沈阳,沈阳||皇姑||北陵||凤凰社区,2018,4,1,1,False,False,False,False,True,True,False,False,False
沈阳,沈阳||皇姑||北陵||富城花园,2018,4,2,1,False,False,True,True,True,False,True,False,False
沈阳,沈阳||皇姑||北陵||陵东街,2018,4,2,1,False,False,True,True,True,False,True,False,False
沈阳,沈阳||皇姑||北陵||陵西一区,2018,4,3,2,True,True,True,True,True,False,False,False,True
沈阳,沈阳||苏家屯||会展中心||唯美尚品,2019,3,3,2,True,False,True,True,True,False,False,False,True
沈阳,沈阳||苏家屯||会展中心||奥园会展广场,2018,4,1,1,False,False,False,False,True,True,False,False,False
沈阳,沈阳||苏家屯||会展中心||红椿路莱茵南郡,2018,4,5,5,True,True,True,False,True,False,False,True,False
沈阳,沈阳||铁西||保工南||兴盛家园,2018,4,2,2,False,True,True,False,True,False,True,False,False
沈阳,沈阳||铁西||滑翔||凌空六小区,2018,4,1,1,False,False,False,False,True,True,False,False,False
沈阳,沈阳||铁西||滑翔||滑翔二区,2018,4,2,1,False,False,True,True,True,False,True,False,False
沈阳,沈阳||铁西||滑翔||滑翔西社区,2021,1,2,2,False,True,True,False,True,False,True,False,False
沈阳,沈阳||铁西||艳粉||乐园小区,2018,4,1,1,False,False,False,False,True,True,False,False,False
沈阳,沈阳||铁西||艳粉||今日阳光C区,2022,0,1,1,False,,,,False,True,False,False,False
沈阳,沈阳||铁西||艳粉||艳粉二期,2018,4,1,1,False,False,False,False,True,True,False,False,False
沈阳,沈阳||铁西||艳粉||艳路四期康居小区北区,2019,3,1,1,False,False,False,False,True,True,False,False,False
沈阳,沈阳||铁西||重工街||君悦美景,2021,1,1,1,False,False,False,False,True,True,False,False,False
沈阳,沈阳||铁西||铁西广场||君临天下梧桐别院,2021,1,1,1,False,False,False,False,True,True,False,False,False
沈阳,沈阳||铁西||铁西广场||贵和十八里,2021,1,1,1,False,False,False,False,True,True,False,False,False
石家庄,石家庄||元氏县||元氏县||石家庄碧桂园,2018,4,5,5,True,True,True,False,True,False,False,True,False
石家庄,石家庄||开发区||天山海世界||东城国际商务广场,2018,4,5,5,True,True,True,False,True,False,False,True,False
石家庄,石家庄||开发区||天山海世界||华阳公寓,2018,4,5,5,True,True,True,False,True,False,False,True,False
石家庄,石家庄||新华||二中||华强国际写字楼,2018,4,5,5,True,True,True,False,True,False,False,True,False
石家庄,石家庄||新华||北苑||华创大厦,2018,4,5,5,True,True,True,False,True,False,False,True,False
石家庄,石家庄||新华||杜北||纳帕溪谷,2018,4,1,1,False,False,False,False,True,True,False,False,False
石家庄,石家庄||新华||赵陵铺||新苑南区,2018,4,1,1,False,False,False,False,True,True,False,False,False
石家庄,石家庄||栾城||冶河镇||卓达太阳城希望之州,2018,4,2,2,False,True,True,False,True,False,True,False,False
石家庄,石家庄||栾城||栾城县||东坡家园,2018,4,4,4,True,True,True,False,True,False,False,True,False
石家庄,石家庄||栾城||栾城县||惠源小区西区,2018,4,5,5,True,True,True,False,True,False,False,True,False
石家庄,石家庄||栾城||栾城县||阳光园,2018,4,1,1,False,False,False,False,True,True,False,False,False
石家庄,石家庄||桥西||南长||金裕公寓,2018,4,5,5,True,True,True,False,True,False,False,True,False
石家庄,石家庄||桥西||平安公园||凯嘉大厦,2018,4,5,5,True,True,True,False,True,False,False,True,False
石家庄,石家庄||桥西||平安公园||滨江商务大厦,2018,4,5,5,True,True,True,False,True,False,False,True,False
石家庄,石家庄||桥西||红旗||市地税宿舍,2018,4,1,1,False,False,False,False,True,True,False,False,False
石家庄,石家庄||桥西||维明||金鼎小区,2018,4,3,3,True,True,True,False,True,False,False,True,False
石家庄,石家庄||桥西||裕西公园||百盛郁金香,2018,4,5,5,True,True,True,False,True,False,False,True,False
石家庄,石家庄||正定||正定县||江南鸿郡,2018,4,4,4,True,True,True,False,True,False,False,True,False
石家庄,石家庄||藁城||藁城市||康星家园,2018,4,5,5,True,True,True,False,True,False,False,True,False
石家庄,石家庄||藁城||藁城市||心海湾小区,2018,4,1,1,False,False,False,False,True,True,False,False,False
石家庄,石家庄||藁城||藁城市||炼油厂第二生活区,2018,4,2,2,False,True,True,False,True,False,True,False,False
石家庄,石家庄||藁城||藁城市||石炼第一生活区,2018,4,2,2,False,True,True,False,True,False,True,False,False
石家庄,石家庄||藁城||藁城市||阳光华庭,2018,4,4,3,True,True,True,True,True,False,False,True,False
石家庄,石家庄||藁城||藁城市||香居美地,2018,4,3,3,True,True,True,False,True,False,False,True,False
石家庄,石家庄||裕华||二十里铺||三教堂新村,2018,4,1,1,False,False,False,False,True,True,False,False,False
石家庄,石家庄||裕华||槐北||万达广场商务综合楼,2018,4,5,5,True,True,True,False,True,False,False,True,False
石家庄,石家庄||裕华||槐底||金领大厦,2020,2,2,1,False,False,True,True,True,False,True,False,False
石家庄,石家庄||裕华||河北科大新校区||润德陶瓷城,2018,4,5,5,True,True,True,False,True,False,False,True,False
石家庄,石家庄||裕华||裕兴||联邦东方明珠,2018,4,1,1,False,False,False,False,True,True,False,False,False
石家庄,石家庄||长安||北国益庄||胸科医院宿舍,2018,4,1,1,False,False,False,False,True,True,False,False,False
石家庄,石家庄||长安||南三条||乐模大厦,2018,4,4,3,True,True,True,True,True,False,False,True,False
石家庄,石家庄||长安||南三条||自由港,2018,4,5,5,True,True,True,False,True,False,False,True,False
石家庄,石家庄||长安||广安||官鲤公寓,2018,4,2,1,False,False,True,True,True,False,True,False,False
石家庄,石家庄||长安||滹沱||纯粹家园,2018,4,5,5,True,True,True,False,True,False,False,True,False
石家庄,石家庄||长安||胜北||东海国际,2018,4,5,5,True,True,True,False,True,False,False,True,False
石家庄,石家庄||长安||跃进||市税务局宿舍,2018,4,1,1,False,False,False,False,True,True,False,False,False
石家庄,石家庄||长安||跃进||省电力设计院宿舍,2019,3,1,1,False,False,False,False,True,True,False,False,False
石家庄,石家庄||鹿泉||植物园||秀水名邸,2018,4,2,2,False,True,True,False,True,False,True,False,False
石家庄,石家庄||鹿泉||鹿泉市||丽馨园,2018,4,1,1,False,False,False,False,True,True,False,False,False
石家庄,石家庄||鹿泉||鹿泉市||军城港湾,2018,4,4,3,True,True,True,True,True,False,False,True,False
石家庄,石家庄||鹿泉||鹿泉市||富丽花园富兴苑,2018,4,1,1,False,False,False,False,True,True,False,False,False
石家庄,石家庄||鹿泉||鹿泉市||海兰嘉园,2018,4,3,2,True,True,True,True,True,False,False,False,True
石家庄,石家庄||鹿泉||鹿泉市||神奇庭院,2018,4,2,1,False,False,True,True,True,False,True,False,False
石家庄,石家庄||鹿泉||鹿泉市||香木林小区,2018,4,1,1,False,False,False,False,True,True,False,False,False
石家庄,石家庄||鹿泉||鹿泉市||龙洲新城,2018,4,5,5,True,True,True,False,True,False,False,True,False
石家庄,石家庄||鹿泉||鹿泉市||龙海新区,2018,4,5,5,True,True,True,False,True,False,False,True,False
长春,长春||二道区||万通||中铁十三局小区,2019,3,2,1,False,False,True,True,True,False,True,False,False
长春,长春||二道区||万通||亚泰花园桃花苑,2022,0,1,1,False,,,,False,True,False,False,False
长春,长春||二道区||八里堡||远达小区,2021,1,1,1,False,False,False,False,True,True,False,False,False
长春,长春||二道区||和顺||吉柴社区,2019,3,1,1,False,False,False,False,True,True,False,False,False
长春,长春||净月区||净月区||假日名都,2018,4,1,1,False,False,False,False,True,True,False,False,False
长春,长春||南关区||净水厂||东南阳光小区,2021,1,2,2,False,True,True,False,True,False,True,False,False
长春,长春||南关区||净水厂||盛华小区,2018,4,1,1,False,False,False,False,True,True,False,False,False
长春,长春||南关区||净水厂||鸿城国际花园,2020,2,2,2,False,True,True,False,True,False,True,False,False
长春,长春||南关区||吉大南岭校区||吉林大学南岭校区新村,2018,4,1,1,False,False,False,False,True,True,False,False,False
长春,长春||南关区||大经路||中环十二区,2018,4,1,1,False,False,False,False,True,True,False,False,False
长春,长春||南关区||大经路||重庆小区,2018,4,2,1,False,False,True,True,True,False,True,False,False
长春,长春||南关区||平阳||曙光小区,2021,1,1,1,False,False,False,False,True,True,False,False,False
长春,长春||南关区||平阳||电力六小区,2018,4,1,1,False,False,False,False,True,True,False,False,False
长春,长春||南关区||平阳||职工新村小区,2018,4,2,2,False,True,True,False,True,False,True,False,False
长春,长春||宽城区||住邦城市广场||新月山庄B区,2018,4,1,1,False,False,False,False,True,True,False,False,False
长春,长春||宽城区||宽城区周边||万龙银河城一期,2018,4,2,2,False,True,True,False,True,False,True,False,False
长春,长春||宽城区||小南||上台花园C区,2018,4,1,1,False,False,False,False,True,True,False,False,False
长春,长春||宽城区||小南||华大天朗国际A区,2021,1,1,1,False,False,False,False,True,True,False,False,False
长春,长春||宽城区||柳影||乐嘉茗园A区,2022,0,1,1,False,,,,False,True,False,False,False
长春,长春||宽城区||站前||康平街,2020,2,1,1,False,False,False,False,True,True,False,False,False
长春,长春||宽城区||长新街||宽城区铁路小区,2018,4,1,1,False,False,False,False,True,True,False,False,False
长春,长春||朝阳区||人民广场西||新华社区,2022,0,1,1,False,,,,False,True,False,False,False
长春,长春||朝阳区||人民广场西||花园街铁路小区,2022,0,1,1,False,,,,False,True,False,False,False
长春,长春||朝阳区||南湖||听涛雅居,2018,4,1,1,False,False,False,False,True,True,False,False,False
长春,长春||朝阳区||南湖||星宇长久小区,2022,0,1,1,False,,,,False,True,False,False,False
长春,长春||朝阳区||南湖||湖光北区,2022,0,1,1,False,,,,False,True,False,False,False
长春,长春||朝阳区||红旗||宽平花园一区,2019,3,1,1,False,False,False,False,True,True,False,False,False
长春,长春||朝阳区||红旗||松辉小区一期,2019,3,1,1,False,False,False,False,True,True,False,False,False
长春,长春||朝阳区||红旗||松辉小区二期,2018,4,1,1,False,False,False,False,True,True,False,False,False
长春,长春||汽车产业开发区||四联大街||22街区,2022,0,1,1,False,,,,False,True,False,False,False
长春,长春||汽车产业开发区||四联大街||高力德国村,2018,4,5,5,True,True,True,False,True,False,False,True,False
长春,长春||汽车产业开发区||支农东||54B区,2018,4,1,1,False,False,False,False,True,True,False,False,False
长春,长春||汽车产业开发区||支农东||一汽44街区,2020,2,2,1,False,False,True,True,True,False,True,False,False
长春,长春||汽车产业开发区||支农东||一汽51街区,2019,3,1,1,False,False,False,False,True,True,False,False,False
长春,长春||汽车产业开发区||支农东||一汽五十四C区,2018,4,2,1,False,False,True,True,True,False,True,False,False
长春,长春||汽车产业开发区||支农西||一汽家园B区,2018,4,1,1,False,False,False,False,True,True,False,False,False
长春,长春||汽车产业开发区||景阳广场||一汽20街区,2019,3,4,4,True,True,True,False,True,False,False,True,False
长春,长春||汽车产业开发区||景阳广场||景阳小区,2020,2,3,3,True,True,True,False,True,False,False,True,False
长春,长春||汽车产业开发区||景阳广场||轻铁湖西花园,2020,2,2,1,False,False,True,True,True,False,True,False,False
长春,长春||汽车产业开发区||西潘家屯||多恩居住岛二期,2021,1,1,1,False,False,False,False,True,True,False,False,False
长春,长春||汽车产业开发区||西潘家屯||多恩海棠湾,2018,4,1,1,False,False,False,False,True,True,False,False,False
长春,长春||汽车产业开发区||长沈路||一汽39街区,2020,2,2,1,False,False,True,True,True,False,True,False,False
长春,长春||经开区||东方广场北||新开河小区八区,2018,4,4,4,True,True,True,False,True,False,False,True,False
长春,长春||经开区||东方广场北||新开河小区南区,2018,4,5,5,True,True,True,False,True,False,False,True,False
长春,长春||经开区||临河街||开发区五小区,2018,4,2,1,False,False,True,True,True,False,True,False,False
长春,长春||经开区||临河街||开发区六小区,2018,4,2,1,False,False,True,True,True,False,True,False,False
长春,长春||经开区||北海公园||像素公馆,2021,1,1,1,False,False,False,False,True,True,False,False,False
长春,长春||绿园区||四季青市场||万盛理想国红堡,2020,2,2,2,False,True,True,False,True,False,True,False,False
长春,长春||绿园区||四季青市场||雁鸣湖山庄,2022,0,1,1,False,,,,False,True,False,False,False
长春,长春||绿园区||天嘉||万嘉花园A区,2022,0,1,1,False,,,,False,True,False,False,False
长春,长春||绿园区||天嘉||新竹花园一期,2021,1,2,2,False,True,True,False,True,False,True,False,False
长春,长春||绿园区||景阳广场||吉林大学泰来小区,2018,4,1,1,False,False,False,False,True,True,False,False,False
长春,长春||绿园区||景阳广场||和平花园,2022,0,1,1,False,,,,False,True,False,False,False
长春,长春||绿园区||景阳广场||星宇花园,2020,2,1,1,False,False,False,False,True,True,False,False,False
长春,长春||绿园区||西安广场||大禹华邦D区,2022,0,1,1,False,,,,False,True,False,False,False
长春,长春||绿园区||西安广场||安居北B区,2022,0,1,1,False,,,,False,True,False,False,False
长春,长春||绿园区||西安广场||虹桥花园,2022,0,1,1,False,,,,False,True,False,False,False
长春,长春||高新区||吉大前进校区||吉大南校家属楼,2022,0,1,1,False,,,,False,True,False,False,False
长春,长春||高新区||硅谷街北||倚澜观邸二期,2021,1,2,2,False,True,True,False,True,False,True,False,False
