cutoff_q,origin_year,train_years,holdout_years,城市,n_units,horizon_years,target_half_min_count,X_train,lambda_train,non_escape_train,lambda_denominator,delta_active_train,delta_strict_train,delta_denominator,kernel_active,kernel_strict,train_bottom_share_mean,train_bottom_share_last,p11_train,p01_train,p11_denominator,p01_denominator,target_all,target_majority,target_ever,target_mean,pred_pathway_active,pred_pathway_strict,pred_exposure_only,pred_independence_all,pred_independence_majority,pred_markov_stationary_all,pred_markov_stationary_majority,pred_markov_last_state_all,pred_markov_last_state_majority,target_mode,target,pred_independence,pred_markov_stationary,pred_markov_last_state
0.1,2011,2011-2013,2014-2014,北京,2244,1,1,0.1443850267379679,0.3275862068965517,0.6724137931034483,290,0.9138755980861244,0.6794258373205742,209,0.6145025573337733,0.45685530440521366,0.10026737967914438,0.10026737967914438,0.7488888888888889,0.027984150569588907,450,4038,0.10026737967914438,0.10026737967914438,0.10026737967914438,0.10026737967914438,0.08872496817118651,0.06596306534192924,0.1443850267379679,0.10026737967914438,0.10026737967914438,0.10026737967914438,0.10026737967914438,0.10026737967914438,0.10026737967914438,all_holdout_years,0.10026737967914438,0.10026737967914438,0.10026737967914438,0.10026737967914438
0.1,2011,2011-2013,2014-2014,北京,2244,1,1,0.1443850267379679,0.3275862068965517,0.6724137931034483,290,0.9138755980861244,0.6794258373205742,209,0.6145025573337733,0.45685530440521366,0.10026737967914438,0.10026737967914438,0.7488888888888889,0.027984150569588907,450,4038,0.10026737967914438,0.10026737967914438,0.10026737967914438,0.10026737967914438,0.08872496817118651,0.06596306534192924,0.1443850267379679,0.10026737967914438,0.10026737967914438,0.10026737967914438,0.10026737967914438,0.10026737967914438,0.10026737967914438,majority_holdout_years,0.10026737967914438,0.10026737967914438,0.10026737967914438,0.10026737967914438
0.1,2012,2012-2014,2015-2015,上海,185,1,1,0.21081081081081082,0.7096774193548387,0.29032258064516125,31,0.8461538461538461,0.38461538461538464,13,0.24565756823821336,0.11166253101736973,0.10270270270270271,0.10270270270270271,0.3684210526315789,0.07228915662650602,38,332,0.10270270270270271,0.10270270270270271,0.10270270270270271,0.10270270270270271,0.05178727114210985,0.023539668700959023,0.21081081081081082,0.10270270270270271,0.10270270270270271,0.10270270270270271,0.10270270270270271,0.1027027027027027,0.1027027027027027,all_holdout_years,0.10270270270270271,0.10270270270270271,0.10270270270270271,0.1027027027027027
0.1,2012,2012-2014,2015-2015,上海,185,1,1,0.21081081081081082,0.7096774193548387,0.29032258064516125,31,0.8461538461538461,0.38461538461538464,13,0.24565756823821336,0.11166253101736973,0.10270270270270271,0.10270270270270271,0.3684210526315789,0.07228915662650602,38,332,0.10270270270270271,0.10270270270270271,0.10270270270270271,0.10270270270270271,0.05178727114210985,0.023539668700959023,0.21081081081081082,0.10270270270270271,0.10270270270270271,0.10270270270270271,0.10270270270270271,0.1027027027027027,0.1027027027027027,majority_holdout_years,0.10270270270270271,0.10270270270270271,0.10270270270270271,0.1027027027027027
0.1,2012,2012-2014,2015-2015,北京,3785,1,1,0.13236459709379128,0.2786177105831533,0.7213822894168467,463,0.9316939890710383,0.7377049180327869,366,0.6721075428719802,0.532167262684559,0.10013210039630119,0.10013210039630119,0.7968337730870713,0.022607163828537873,758,6812,0.10013210039630119,0.10013210039630119,0.10013210039630119,0.10013210039630119,0.08896324411594769,0.07044010531174745,0.13236459709379128,0.10013210039630119,0.10013210039630119,0.10013210039630119,0.10013210039630119,0.10013210039630119,0.10013210039630119,all_holdout_years,0.10013210039630119,0.10013210039630119,0.10013210039630119,0.10013210039630119
0.1,2012,2012-2014,2015-2015,北京,3785,1,1,0.13236459709379128,0.2786177105831533,0.7213822894168467,463,0.9316939890710383,0.7377049180327869,366,0.6721075428719802,0.532167262684559,0.10013210039630119,0.10013210039630119,0.7968337730870713,0.022607163828537873,758,6812,0.10013210039630119,0.10013210039630119,0.10013210039630119,0.10013210039630119,0.08896324411594769,0.07044010531174745,0.13236459709379128,0.10013210039630119,0.10013210039630119,0.10013210039630119,0.10013210039630119,0.10013210039630119,0.10013210039630119,majority_holdout_years,0.10013210039630119,0.10013210039630119,0.10013210039630119,0.10013210039630119
0.1,2012,2012-2014,2015-2015,南京,248,1,1,0.20161290322580644,0.6,0.4,40,0.7894736842105263,0.3157894736842105,19,0.31578947368421056,0.12631578947368421,0.10080645161290322,0.10080645161290322,0.44,0.06278026905829596,50,446,0.10080645161290322,0.10080645161290322,0.10080645161290322,0.10080645161290322,0.0636672325976231,0.025466893039049233,0.20161290322580644,0.10080645161290322,0.10080645161290322,0.10080645161290322,0.10080645161290322,0.10080645161290322,0.10080645161290322,all_holdout_years,0.10080645161290322,0.10080645161290322,0.10080645161290322,0.10080645161290322
0.1,2012,2012-2014,2015-2015,南京,248,1,1,0.20161290322580644,0.6,0.4,40,0.7894736842105263,0.3157894736842105,19,0.31578947368421056,0.12631578947368421,0.10080645161290322,0.10080645161290322,0.44,0.06278026905829596,50,446,0.10080645161290322,0.10080645161290322,0.10080645161290322,0.10080645161290322,0.0636672325976231,0.025466893039049233,0.20161290322580644,0.10080645161290322,0.10080645161290322,0.10080645161290322,0.10080645161290322,0.10080645161290322,0.10080645161290322,majority_holdout_years,0.10080645161290322,0.10080645161290322,0.10080645161290322,0.10080645161290322
0.1,2012,2012-2014,2015-2015,天津,23,1,1,0.21739130434782608,0.6,0.4,5,1.0,0.3333333333333333,3,0.4,0.13333333333333333,0.13043478260869565,0.13043478260869565,0.5,0.075,6,40,0.13043478260869565,0.13043478260869565,0.13043478260869565,0.13043478260869565,0.08695652173913043,0.02898550724637681,0.21739130434782608,0.13043478260869565,0.13043478260869565,0.13043478260869565,0.13043478260869565,0.13043478260869565,0.13043478260869565,all_holdout_years,0.13043478260869565,0.13043478260869565,0.13043478260869565,0.13043478260869565
0.1,2012,2012-2014,2015-2015,天津,23,1,1,0.21739130434782608,0.6,0.4,5,1.0,0.3333333333333333,3,0.4,0.13333333333333333,0.13043478260869565,0.13043478260869565,0.5,0.075,6,40,0.13043478260869565,0.13043478260869565,0.13043478260869565,0.13043478260869565,0.08695652173913043,0.02898550724637681,0.21739130434782608,0.13043478260869565,0.13043478260869565,0.13043478260869565,0.13043478260869565,0.13043478260869565,0.13043478260869565,majority_holdout_years,0.13043478260869565,0.13043478260869565,0.13043478260869565,0.13043478260869565
0.1,2013,2013-2015,2016-2016,上海,107,1,1,0.19626168224299065,0.5294117647058824,0.47058823529411764,17,0.875,0.5,8,0.4117647058823529,0.23529411764705882,0.102803738317757,0.102803738317757,0.5454545454545454,0.052083333333333336,22,192,0.102803738317757,0.102803738317757,0.102803738317757,0.102803738317757,0.08081363386476086,0.04617921935129192,0.19626168224299065,0.102803738317757,0.102803738317757,0.102803738317757,0.102803738317757,0.10280373831775699,0.10280373831775699,all_holdout_years,0.102803738317757,0.102803738317757,0.102803738317757,0.10280373831775699
0.1,2013,2013-2015,2016-2016,上海,107,1,1,0.19626168224299065,0.5294117647058824,0.47058823529411764,17,0.875,0.5,8,0.4117647058823529,0.23529411764705882,0.102803738317757,0.102803738317757,0.5454545454545454,0.052083333333333336,22,192,0.102803738317757,0.102803738317757,0.102803738317757,0.102803738317757,0.08081363386476086,0.04617921935129192,0.19626168224299065,0.102803738317757,0.102803738317757,0.102803738317757,0.102803738317757,0.10280373831775699,0.10280373831775699,majority_holdout_years,0.102803738317757,0.102803738317757,0.102803738317757,0.10280373831775699
0.1,2013,2013-2015,2016-2016,北京,4167,1,1,0.13054955603551716,0.244,0.756,500,0.9142156862745098,0.7328431372549019,408,0.6911470588235294,0.5540294117647059,0.10007199424046076,0.10007199424046076,0.8117505995203836,0.020933333333333335,834,7500,0.10007199424046076,0.10007199424046076,0.10007199424046076,0.10007199424046076,0.09022894168466522,0.07232829373650107,0.13054955603551716,0.10007199424046076,0.10007199424046076,0.10007199424046076,0.10007199424046076,0.10007199424046076,0.10007199424046076,all_holdout_years,0.10007199424046076,0.10007199424046076,0.10007199424046076,0.10007199424046076
0.1,2013,2013-2015,2016-2016,北京,4167,1,1,0.13054955603551716,0.244,0.756,500,0.9142156862745098,0.7328431372549019,408,0.6911470588235294,0.5540294117647059,0.10007199424046076,0.10007199424046076,0.8117505995203836,0.020933333333333335,834,7500,0.10007199424046076,0.10007199424046076,0.10007199424046076,0.10007199424046076,0.09022894168466522,0.07232829373650107,0.13054955603551716,0.10007199424046076,0.10007199424046076,0.10007199424046076,0.10007199424046076,0.10007199424046076,0.10007199424046076,majority_holdout_years,0.10007199424046076,0.10007199424046076,0.10007199424046076,0.10007199424046076
0.1,2013,2013-2015,2016-2016,南京,478,1,1,0.1903765690376569,0.56,0.43999999999999995,75,0.8648648648648649,0.43243243243243246,37,0.38054054054054054,0.19027027027027027,0.100418410041841,0.100418410041841,0.5104166666666666,0.05465116279069768,96,860,0.100418410041841,0.100418410041841,0.100418410041841,0.100418410041841,0.07244600248784348,0.03622300124392174,0.1903765690376569,0.100418410041841,0.100418410041841,0.100418410041841,0.100418410041841,0.100418410041841,0.100418410041841,all_holdout_years,0.100418410041841,0.100418410041841,0.100418410041841,0.100418410041841
0.1,2013,2013-2015,2016-2016,南京,478,1,1,0.1903765690376569,0.56,0.43999999999999995,75,0.8648648648648649,0.43243243243243246,37,0.38054054054054054,0.19027027027027027,0.100418410041841,0.100418410041841,0.5104166666666666,0.05465116279069768,96,860,0.100418410041841,0.100418410041841,0.100418410041841,0.100418410041841,0.07244600248784348,0.03622300124392174,0.1903765690376569,0.100418410041841,0.100418410041841,0.100418410041841,0.100418410041841,0.100418410041841,0.100418410041841,majority_holdout_years,0.100418410041841,0.100418410041841,0.100418410041841,0.100418410041841
0.1,2013,2013-2015,2016-2016,大连,28,1,1,0.14285714285714285,0.25,0.75,4,0.75,0.25,4,0.5625,0.1875,0.10714285714285714,0.10714285714285714,0.6666666666666666,0.04,6,50,0.10714285714285714,0.10714285714285714,0.10714285714285714,0.10714285714285714,0.08035714285714285,0.026785714285714284,0.14285714285714285,0.10714285714285714,0.10714285714285714,0.10714285714285714,0.10714285714285714,0.10714285714285715,0.10714285714285715,all_holdout_years,0.10714285714285714,0.10714285714285714,0.10714285714285714,0.10714285714285715
0.1,2013,2013-2015,2016-2016,大连,28,1,1,0.14285714285714285,0.25,0.75,4,0.75,0.25,4,0.5625,0.1875,0.10714285714285714,0.10714285714285714,0.6666666666666666,0.04,6,50,0.10714285714285714,0.10714285714285714,0.10714285714285714,0.10714285714285714,0.08035714285714285,0.026785714285714284,0.14285714285714285,0.10714285714285714,0.10714285714285714,0.10714285714285714,0.10714285714285714,0.10714285714285715,0.10714285714285715,majority_holdout_years,0.10714285714285714,0.10714285714285714,0.10714285714285714,0.10714285714285715
0.1,2013,2013-2015,2016-2016,天津,273,1,1,0.1575091575091575,0.3783783783783784,0.6216216216216216,37,0.9166666666666666,0.7083333333333334,24,0.5698198198198198,0.4403153153153153,0.10256410256410256,0.10256410256410256,0.7142857142857143,0.0326530612244898,56,490,0.10256410256410256,0.10256410256410256,0.10256410256410256,0.10256410256410256,0.08975183975183974,0.06935369435369436,0.1575091575091575,0.10256410256410256,0.10256410256410256,0.10256410256410256,0.10256410256410256,0.10256410256410257,0.10256410256410257,all_holdout_years,0.10256410256410256,0.10256410256410256,0.10256410256410256,0.10256410256410257
0.1,2013,2013-2015,2016-2016,天津,273,1,1,0.1575091575091575,0.3783783783783784,0.6216216216216216,37,0.9166666666666666,0.7083333333333334,24,0.5698198198198198,0.4403153153153153,0.10256410256410256,0.10256410256410256,0.7142857142857143,0.0326530612244898,56,490,0.10256410256410256,0.10256410256410256,0.10256410256410256,0.10256410256410256,0.08975183975183974,0.06935369435369436,0.1575091575091575,0.10256410256410256,0.10256410256410256,0.10256410256410256,0.10256410256410256,0.10256410256410257,0.10256410256410257,majority_holdout_years,0.10256410256410256,0.10256410256410256,0.10256410256410256,0.10256410256410257
0.1,2014,2014-2016,2017-2017,上海,214,1,1,0.17289719626168223,0.45161290322580644,0.5483870967741935,31,0.8,0.45,20,0.43870967741935485,0.2467741935483871,0.102803738317757,0.102803738317757,0.5909090909090909,0.046875,44,384,0.102803738317757,0.102803738317757,0.102803738317757,0.102803738317757,0.07585167319867349,0.04266656617425384,0.17289719626168223,0.102803738317757,0.102803738317757,0.102803738317757,0.102803738317757,0.102803738317757,0.102803738317757,all_holdout_years,0.102803738317757,0.102803738317757,0.102803738317757,0.102803738317757
0.1,2014,2014-2016,2017-2017,上海,214,1,1,0.17289719626168223,0.45161290322580644,0.5483870967741935,31,0.8,0.45,20,0.43870967741935485,0.2467741935483871,0.102803738317757,0.102803738317757,0.5909090909090909,0.046875,44,384,0.102803738317757,0.102803738317757,0.102803738317757,0.102803738317757,0.07585167319867349,0.04266656617425384,0.17289719626168223,0.102803738317757,0.102803738317757,0.102803738317757,0.102803738317757,0.102803738317757,0.102803738317757,majority_holdout_years,0.102803738317757,0.102803738317757,0.102803738317757,0.102803738317757
0.1,2014,2014-2016,2017-2017,北京,4370,1,1,0.1425629290617849,0.19767441860465115,0.8023255813953488,516,0.7621247113163973,0.5889145496535797,433,0.6114721521026908,0.4725012084429884,0.1,0.1,0.7654462242562929,0.026061530638189678,874,7866,0.1,0.1,0.1,0.1,0.08717326104347285,0.06736115626086539,0.1425629290617849,0.1,0.1,0.1,0.1,0.1,0.1,all_holdout_years,0.1,0.1,0.1,0.1
0.1,2014,2014-2016,2017-2017,北京,4370,1,1,0.1425629290617849,0.19767441860465115,0.8023255813953488,516,0.7621247113163973,0.5889145496535797,433,0.6114721521026908,0.4725012084429884,0.1,0.1,0.7654462242562929,0.026061530638189678,874,7866,0.1,0.1,0.1,0.1,0.08717326104347285,0.06736115626086539,0.1425629290617849,0.1,0.1,0.1,0.1,0.1,0.1,majority_holdout_years,0.1,0.1,0.1,0.1
0.1,2014,2014-2016,2017-2017,南京,597,1,1,0.17922948073701842,0.4942528735632184,0.5057471264367817,87,0.7142857142857143,0.30357142857142855,56,0.36124794745484406,0.1535303776683087,0.10050251256281408,0.10050251256281408,0.5083333333333333,0.05493482309124767,120,1074,0.10050251256281408,0.10050251256281408,0.10050251256281408,0.10050251256281408,0.06474628203964541,0.027517169866849295,0.17922948073701842,0.10050251256281408,0.10050251256281408,0.10050251256281408,0.10050251256281408,0.10050251256281406,0.10050251256281406,all_holdout_years,0.10050251256281408,0.10050251256281408,0.10050251256281408,0.10050251256281406
0.1,2014,2014-2016,2017-2017,南京,597,1,1,0.17922948073701842,0.4942528735632184,0.5057471264367817,87,0.7142857142857143,0.30357142857142855,56,0.36124794745484406,0.1535303776683087,0.10050251256281408,0.10050251256281408,0.5083333333333333,0.05493482309124767,120,1074,0.10050251256281408,0.10050251256281408,0.10050251256281408,0.10050251256281408,0.06474628203964541,0.027517169866849295,0.17922948073701842,0.10050251256281408,0.10050251256281408,0.10050251256281408,0.10050251256281408,0.10050251256281406,0.10050251256281406,majority_holdout_years,0.10050251256281408,0.10050251256281408,0.10050251256281408,0.10050251256281406
0.1,2014,2014-2016,2017-2017,大连,127,1,1,0.14960629921259844,0.3888888888888889,0.6111111111111112,18,1.0,0.6666666666666666,12,0.6111111111111112,0.40740740740740744,0.10236220472440945,0.10236220472440945,0.7307692307692307,0.03070175438596491,26,228,0.10236220472440945,0.10236220472440945,0.10236220472440945,0.10236220472440945,0.09142607174103239,0.06095071449402159,0.14960629921259844,0.10236220472440945,0.10236220472440945,0.10236220472440945,0.10236220472440945,0.10236220472440943,0.10236220472440943,all_holdout_years,0.10236220472440945,0.10236220472440945,0.10236220472440945,0.10236220472440943
0.1,2014,2014-2016,2017-2017,大连,127,1,1,0.14960629921259844,0.3888888888888889,0.6111111111111112,18,1.0,0.6666666666666666,12,0.6111111111111112,0.40740740740740744,0.10236220472440945,0.10236220472440945,0.7307692307692307,0.03070175438596491,26,228,0.10236220472440945,0.10236220472440945,0.10236220472440945,0.10236220472440945,0.09142607174103239,0.06095071449402159,0.14960629921259844,0.10236220472440945,0.10236220472440945,0.10236220472440945,0.10236220472440945,0.10236220472440943,0.10236220472440943,majority_holdout_years,0.10236220472440945,0.10236220472440945,0.10236220472440945,0.10236220472440943
0.1,2014,2014-2016,2017-2017,天津,767,1,1,0.14993481095176012,0.3469387755102041,0.653061224489796,98,0.8450704225352113,0.6338028169014085,71,0.5518827249209544,0.41391204369071577,0.10039113428943937,0.10039113428943937,0.7077922077922078,0.03260869565217391,154,1380,0.10039113428943937,0.10039113428943937,0.10039113428943937,0.10039113428943937,0.08274643202856552,0.06205982402142415,0.14993481095176012,0.10039113428943937,0.10039113428943937,0.10039113428943937,0.10039113428943937,0.10039113428943937,0.10039113428943937,all_holdout_years,0.10039113428943937,0.10039113428943937,0.10039113428943937,0.10039113428943937
0.1,2014,2014-2016,2017-2017,天津,767,1,1,0.14993481095176012,0.3469387755102041,0.653061224489796,98,0.8450704225352113,0.6338028169014085,71,0.5518827249209544,0.41391204369071577,0.10039113428943937,0.10039113428943937,0.7077922077922078,0.03260869565217391,154,1380,0.10039113428943937,0.10039113428943937,0.10039113428943937,0.10039113428943937,0.08274643202856552,0.06205982402142415,0.14993481095176012,0.10039113428943937,0.10039113428943937,0.10039113428943937,0.10039113428943937,0.10039113428943937,0.10039113428943937,majority_holdout_years,0.10039113428943937,0.10039113428943937,0.10039113428943937,0.10039113428943937
0.1,2014,2014-2016,2017-2017,廊坊,48,1,1,0.16666666666666666,0.16666666666666666,0.8333333333333334,6,0.5,0.16666666666666666,6,0.4166666666666667,0.1388888888888889,0.10416666666666667,0.10416666666666667,0.6,0.046511627906976744,10,86,0.10416666666666667,0.10416666666666667,0.10416666666666667,0.10416666666666667,0.06944444444444445,0.023148148148148147,0.16666666666666666,0.10416666666666667,0.10416666666666667,0.10416666666666667,0.10416666666666667,0.10416666666666666,0.10416666666666666,all_holdout_years,0.10416666666666667,0.10416666666666667,0.10416666666666667,0.10416666666666666
0.1,2014,2014-2016,2017-2017,廊坊,48,1,1,0.16666666666666666,0.16666666666666666,0.8333333333333334,6,0.5,0.16666666666666666,6,0.4166666666666667,0.1388888888888889,0.10416666666666667,0.10416666666666667,0.6,0.046511627906976744,10,86,0.10416666666666667,0.10416666666666667,0.10416666666666667,0.10416666666666667,0.06944444444444445,0.023148148148148147,0.16666666666666666,0.10416666666666667,0.10416666666666667,0.10416666666666667,0.10416666666666667,0.10416666666666666,0.10416666666666666,majority_holdout_years,0.10416666666666667,0.10416666666666667,0.10416666666666667,0.10416666666666666
0.1,2015,2015-2017,2018-2018,上海,726,1,1,0.16942148760330578,0.47619047619047616,0.5238095238095238,105,0.873015873015873,0.5238095238095238,63,0.45729402872260017,0.2743764172335601,0.10055096418732783,0.10055096418732783,0.6027397260273972,0.0444104134762634,146,1306,0.10055096418732783,0.10055096418732783,0.10055096418732783,0.10055096418732783,0.07747543461829176,0.04648526077097506,0.16942148760330578,0.10055096418732783,0.10055096418732783,0.10055096418732783,0.10055096418732783,0.10055096418732783,0.10055096418732783,all_holdout_years,0.10055096418732783,0.10055096418732783,0.10055096418732783,0.10055096418732783
0.1,2015,2015-2017,2018-2018,上海,726,1,1,0.16942148760330578,0.47619047619047616,0.5238095238095238,105,0.873015873015873,0.5238095238095238,63,0.45729402872260017,0.2743764172335601,0.10055096418732783,0.10055096418732783,0.6027397260273972,0.0444104134762634,146,1306,0.10055096418732783,0.10055096418732783,0.10055096418732783,0.10055096418732783,0.07747543461829176,0.04648526077097506,0.16942148760330578,0.10055096418732783,0.10055096418732783,0.10055096418732783,0.10055096418732783,0.10055096418732783,0.10055096418732783,majority_holdout_years,0.10055096418732783,0.10055096418732783,0.10055096418732783,0.10055096418732783
0.1,2015,2015-2017,2018-2018,北京,4995,1,1,0.13513513513513514,0.2961165048543689,0.7038834951456311,618,0.9287211740041929,0.7295597484276729,477,0.6537115059738251,0.5135250656408378,0.1001001001001001,0.1001001001001001,0.783,0.02413793103448276,1000,8990,0.1001001001001001,0.1001001001001001,0.1001001001001001,0.1001001001001001,0.08833939269916555,0.06939527914065374,0.13513513513513514,0.1001001001001001,0.1001001001001001,0.1001001001001001,0.1001001001001001,0.1001001001001001,0.1001001001001001,all_holdout_years,0.1001001001001001,0.1001001001001001,0.1001001001001001,0.1001001001001001
0.1,2015,2015-2017,2018-2018,北京,4995,1,1,0.13513513513513514,0.2961165048543689,0.7038834951456311,618,0.9287211740041929,0.7295597484276729,477,0.6537115059738251,0.5135250656408378,0.1001001001001001,0.1001001001001001,0.783,0.02413793103448276,1000,8990,0.1001001001001001,0.1001001001001001,0.1001001001001001,0.1001001001001001,0.08833939269916555,0.06939527914065374,0.13513513513513514,0.1001001001001001,0.1001001001001001,0.1001001001001001,0.1001001001001001,0.1001001001001001,0.1001001001001001,majority_holdout_years,0.1001001001001001,0.1001001001001001,0.1001001001001001,0.1001001001001001
0.1,2015,2015-2017,2018-2018,南京,1038,1,1,0.16473988439306358,0.4965034965034965,0.5034965034965035,143,0.8444444444444444,0.5666666666666667,90,0.4251748251748252,0.28531468531468535,0.1001926782273603,0.1001926782273603,0.5913461538461539,0.045503211991434686,208,1868,0.1001926782273603,0.1001926782273603,0.1001926782273603,0.1001926782273603,0.07004325154614173,0.047002708274384575,0.16473988439306358,0.1001926782273603,0.1001926782273603,0.1001926782273603,0.1001926782273603,0.1001926782273603,0.1001926782273603,all_holdout_years,0.1001926782273603,0.1001926782273603,0.1001926782273603,0.1001926782273603
0.1,2015,2015-2017,2018-2018,南京,1038,1,1,0.16473988439306358,0.4965034965034965,0.5034965034965035,143,0.8444444444444444,0.5666666666666667,90,0.4251748251748252,0.28531468531468535,0.1001926782273603,0.1001926782273603,0.5913461538461539,0.045503211991434686,208,1868,0.1001926782273603,0.1001926782273603,0.1001926782273603,0.1001926782273603,0.07004325154614173,0.047002708274384575,0.16473988439306358,0.1001926782273603,0.1001926782273603,0.1001926782273603,0.1001926782273603,0.1001926782273603,0.1001926782273603,majority_holdout_years,0.1001926782273603,0.1001926782273603,0.1001926782273603,0.1001926782273603
0.1,2015,2015-2017,2018-2018,大连,774,1,1,0.13178294573643412,0.23157894736842105,0.7684210526315789,95,0.9102564102564102,0.6923076923076923,78,0.6994601889338731,0.5319838056680162,0.10077519379844961,0.10077519379844961,0.8141025641025641,0.020833333333333332,156,1392,0.10077519379844961,0.10077519379844961,0.10077519379844961,0.10077519379844961,0.09217692412306855,0.07010639299500988,0.13178294573643412,0.10077519379844961,0.10077519379844961,0.10077519379844961,0.10077519379844961,0.10077519379844961,0.10077519379844961,all_holdout_years,0.10077519379844961,0.10077519379844961,0.10077519379844961,0.10077519379844961
0.1,2015,2015-2017,2018-2018,大连,774,1,1,0.13178294573643412,0.23157894736842105,0.7684210526315789,95,0.9102564102564102,0.6923076923076923,78,0.6994601889338731,0.5319838056680162,0.10077519379844961,0.10077519379844961,0.8141025641025641,0.020833333333333332,156,1392,0.10077519379844961,0.10077519379844961,0.10077519379844961,0.10077519379844961,0.09217692412306855,0.07010639299500988,0.13178294573643412,0.10077519379844961,0.10077519379844961,0.10077519379844961,0.10077519379844961,0.10077519379844961,0.10077519379844961,majority_holdout_years,0.10077519379844961,0.10077519379844961,0.10077519379844961,0.10077519379844961
0.1,2015,2015-2017,2018-2018,天津,1390,1,1,0.15179856115107915,0.37967914438502676,0.6203208556149733,187,0.8846153846153846,0.5846153846153846,130,0.548745372274784,0.3626491155902921,0.1,0.1,0.6906474820143885,0.03437250199840128,278,2502,0.1,0.1,0.1,0.1,0.08329875794962549,0.055049613949317726,0.15179856115107915,0.1,0.1,0.1,0.1,0.1,0.1,all_holdout_years,0.1,0.1,0.1,0.1
0.1,2015,2015-2017,2018-2018,天津,1390,1,1,0.15179856115107915,0.37967914438502676,0.6203208556149733,187,0.8846153846153846,0.5846153846153846,130,0.548745372274784,0.3626491155902921,0.1,0.1,0.6906474820143885,0.03437250199840128,278,2502,0.1,0.1,0.1,0.1,0.08329875794962549,0.055049613949317726,0.15179856115107915,0.1,0.1,0.1,0.1,0.1,0.1,majority_holdout_years,0.1,0.1,0.1,0.1
0.1,2015,2015-2017,2018-2018,廊坊,65,1,1,0.2,0.5,0.5,10,0.6666666666666666,0.3333333333333333,6,0.3333333333333333,0.16666666666666666,0.1076923076923077,0.1076923076923077,0.5,0.0603448275862069,14,116,0.1076923076923077,0.1076923076923077,0.1076923076923077,0.1076923076923077,0.06666666666666667,0.03333333333333333,0.2,0.1076923076923077,0.1076923076923077,0.1076923076923077,0.1076923076923077,0.1076923076923077,0.1076923076923077,all_holdout_years,0.1076923076923077,0.1076923076923077,0.1076923076923077,0.1076923076923077
0.1,2015,2015-2017,2018-2018,廊坊,65,1,1,0.2,0.5,0.5,10,0.6666666666666666,0.3333333333333333,6,0.3333333333333333,0.16666666666666666,0.1076923076923077,0.1076923076923077,0.5,0.0603448275862069,14,116,0.1076923076923077,0.1076923076923077,0.1076923076923077,0.1076923076923077,0.06666666666666667,0.03333333333333333,0.2,0.1076923076923077,0.1076923076923077,0.1076923076923077,0.1076923076923077,0.1076923076923077,0.1076923076923077,majority_holdout_years,0.1076923076923077,0.1076923076923077,0.1076923076923077,0.1076923076923077
0.1,2016,2016-2018,2019-2019,上海,928,1,1,0.15625,0.4090909090909091,0.5909090909090908,132,0.9411764705882353,0.5764705882352941,85,0.5561497326203207,0.34064171122994646,0.10021551724137931,0.10021551724137931,0.6827956989247311,0.035329341317365266,186,1670,0.10021551724137931,0.10021551724137931,0.10021551724137931,0.10021551724137931,0.08689839572192512,0.053225267379679135,0.15625,0.10021551724137931,0.10021551724137931,0.10021551724137931,0.10021551724137931,0.1002155172413793,0.1002155172413793,all_holdout_years,0.10021551724137931,0.10021551724137931,0.10021551724137931,0.1002155172413793
0.1,2016,2016-2018,2019-2019,上海,928,1,1,0.15625,0.4090909090909091,0.5909090909090908,132,0.9411764705882353,0.5764705882352941,85,0.5561497326203207,0.34064171122994646,0.10021551724137931,0.10021551724137931,0.6827956989247311,0.035329341317365266,186,1670,0.10021551724137931,0.10021551724137931,0.10021551724137931,0.10021551724137931,0.08689839572192512,0.053225267379679135,0.15625,0.10021551724137931,0.10021551724137931,0.10021551724137931,0.10021551724137931,0.1002155172413793,0.1002155172413793,majority_holdout_years,0.10021551724137931,0.10021551724137931,0.10021551724137931,0.1002155172413793
0.1,2016,2016-2018,2019-2019,北京,5146,1,1,0.12922658375437232,0.2579113924050633,0.7420886075949367,632,0.9450980392156862,0.7254901960784313,510,0.7013464879622735,0.5383780094316207,0.10007773027594248,0.10007773027594248,0.8145631067961165,0.020621895918808034,1030,9262,0.10007773027594248,0.10007773027594248,0.10007773027594248,0.10007773027594248,0.0906326106674916,0.06957275092732758,0.12922658375437232,0.10007773027594248,0.10007773027594248,0.10007773027594248,0.10007773027594248,0.1000777302759425,0.1000777302759425,all_holdout_years,0.10007773027594248,0.10007773027594248,0.10007773027594248,0.1000777302759425
0.1,2016,2016-2018,2019-2019,北京,5146,1,1,0.12922658375437232,0.2579113924050633,0.7420886075949367,632,0.9450980392156862,0.7254901960784313,510,0.7013464879622735,0.5383780094316207,0.10007773027594248,0.10007773027594248,0.8145631067961165,0.020621895918808034,1030,9262,0.10007773027594248,0.10007773027594248,0.10007773027594248,0.10007773027594248,0.0906326106674916,0.06957275092732758,0.12922658375437232,0.10007773027594248,0.10007773027594248,0.10007773027594248,0.10007773027594248,0.1000777302759425,0.1000777302759425,majority_holdout_years,0.10007773027594248,0.10007773027594248,0.10007773027594248,0.1000777302759425
0.1,2016,2016-2018,2019-2019,南京,1318,1,1,0.165402124430956,0.4564102564102564,0.5435897435897437,195,0.923728813559322,0.5084745762711864,118,0.50212950890917,0.2764015645371578,0.10015174506828528,0.10015174506828528,0.6287878787878788,0.04131534569983136,264,2372,0.10015174506828528,0.10015174506828528,0.10015174506828528,0.10015174506828528,0.08305328751304937,0.04571740597048589,0.165402124430956,0.10015174506828528,0.10015174506828528,0.10015174506828528,0.10015174506828528,0.10015174506828528,0.10015174506828528,all_holdout_years,0.10015174506828528,0.10015174506828528,0.10015174506828528,0.10015174506828528
0.1,2016,2016-2018,2019-2019,南京,1318,1,1,0.165402124430956,0.4564102564102564,0.5435897435897437,195,0.923728813559322,0.5084745762711864,118,0.50212950890917,0.2764015645371578,0.10015174506828528,0.10015174506828528,0.6287878787878788,0.04131534569983136,264,2372,0.10015174506828528,0.10015174506828528,0.10015174506828528,0.10015174506828528,0.08305328751304937,0.04571740597048589,0.165402124430956,0.10015174506828528,0.10015174506828528,0.10015174506828528,0.10015174506828528,0.10015174506828528,0.10015174506828528,majority_holdout_years,0.10015174506828528,0.10015174506828528,0.10015174506828528,0.10015174506828528
0.1,2016,2016-2018,2019-2019,大连,1349,1,1,0.13269088213491476,0.21739130434782608,0.782608695652174,161,0.841726618705036,0.6258992805755396,139,0.658742571160463,0.48983421958085704,0.10007412898443291,0.10007412898443291,0.7888888888888889,0.023476112026359144,270,2428,0.10007412898443291,0.10007412898443291,0.10007412898443291,0.10007412898443291,0.08740913286710368,0.06499653469605146,0.13269088213491476,0.10007412898443291,0.10007412898443291,0.10007412898443291,0.10007412898443291,0.10007412898443291,0.10007412898443291,all_holdout_years,0.10007412898443291,0.10007412898443291,0.10007412898443291,0.10007412898443291
0.1,2016,2016-2018,2019-2019,大连,1349,1,1,0.13269088213491476,0.21739130434782608,0.782608695652174,161,0.841726618705036,0.6258992805755396,139,0.658742571160463,0.48983421958085704,0.10007412898443291,0.10007412898443291,0.7888888888888889,0.023476112026359144,270,2428,0.10007412898443291,0.10007412898443291,0.10007412898443291,0.10007412898443291,0.08740913286710368,0.06499653469605146,0.13269088213491476,0.10007412898443291,0.10007412898443291,0.10007412898443291,0.10007412898443291,0.10007412898443291,0.10007412898443291,majority_holdout_years,0.10007412898443291,0.10007412898443291,0.10007412898443291,0.10007412898443291
0.1,2016,2016-2018,2019-2019,天津,1979,1,1,0.14502273875694796,0.34615384615384615,0.6538461538461539,260,0.8952879581151832,0.6073298429319371,191,0.5853805879983891,0.39710028191703584,0.10005053057099546,0.10005053057099546,0.7222222222222222,0.030881527231892195,396,3562,0.10005053057099546,0.10005053057099546,0.10005053057099546,0.10005053057099546,0.08489349608667897,0.057588570444764675,0.14502273875694796,0.10005053057099546,0.10005053057099546,0.10005053057099546,0.10005053057099546,0.10005053057099546,0.10005053057099546,all_holdout_years,0.10005053057099546,0.10005053057099546,0.10005053057099546,0.10005053057099546
0.1,2016,2016-2018,2019-2019,天津,1979,1,1,0.14502273875694796,0.34615384615384615,0.6538461538461539,260,0.8952879581151832,0.6073298429319371,191,0.5853805879983891,0.39710028191703584,0.10005053057099546,0.10005053057099546,0.7222222222222222,0.030881527231892195,396,3562,0.10005053057099546,0.10005053057099546,0.10005053057099546,0.10005053057099546,0.08489349608667897,0.057588570444764675,0.14502273875694796,0.10005053057099546,0.10005053057099546,0.10005053057099546,0.10005053057099546,0.10005053057099546,0.10005053057099546,majority_holdout_years,0.10005053057099546,0.10005053057099546,0.10005053057099546,0.10005053057099546
0.1,2016,2016-2018,2019-2019,廊坊,72,1,1,0.19444444444444445,0.6153846153846154,0.3846153846153846,13,0.875,0.25,8,0.3365384615384615,0.09615384615384615,0.1111111111111111,0.1111111111111111,0.4375,0.0703125,16,128,0.1111111111111111,0.1111111111111111,0.1111111111111111,0.1111111111111111,0.06543803418803419,0.018696581196581196,0.19444444444444445,0.1111111111111111,0.1111111111111111,0.1111111111111111,0.1111111111111111,0.1111111111111111,0.1111111111111111,all_holdout_years,0.1111111111111111,0.1111111111111111,0.1111111111111111,0.1111111111111111
0.1,2016,2016-2018,2019-2019,廊坊,72,1,1,0.19444444444444445,0.6153846153846154,0.3846153846153846,13,0.875,0.25,8,0.3365384615384615,0.09615384615384615,0.1111111111111111,0.1111111111111111,0.4375,0.0703125,16,128,0.1111111111111111,0.1111111111111111,0.1111111111111111,0.1111111111111111,0.06543803418803419,0.018696581196581196,0.19444444444444445,0.1111111111111111,0.1111111111111111,0.1111111111111111,0.1111111111111111,0.1111111111111111,0.1111111111111111,majority_holdout_years,0.1111111111111111,0.1111111111111111,0.1111111111111111,0.1111111111111111
0.1,2016,2016-2018,2019-2019,沈阳,147,1,1,0.17687074829931973,0.45454545454545453,0.5454545454545454,22,0.9166666666666666,0.5833333333333334,12,0.49999999999999994,0.3181818181818182,0.10204081632653061,0.10204081632653061,0.6333333333333333,0.041666666666666664,30,264,0.10204081632653061,0.10204081632653061,0.10204081632653061,0.10204081632653061,0.08843537414965985,0.05627705627705627,0.17687074829931973,0.10204081632653061,0.10204081632653061,0.10204081632653061,0.10204081632653061,0.10204081632653061,0.10204081632653061,all_holdout_years,0.10204081632653061,0.10204081632653061,0.10204081632653061,0.10204081632653061
0.1,2016,2016-2018,2019-2019,沈阳,147,1,1,0.17687074829931973,0.45454545454545453,0.5454545454545454,22,0.9166666666666666,0.5833333333333334,12,0.49999999999999994,0.3181818181818182,0.10204081632653061,0.10204081632653061,0.6333333333333333,0.041666666666666664,30,264,0.10204081632653061,0.10204081632653061,0.10204081632653061,0.10204081632653061,0.08843537414965985,0.05627705627705627,0.17687074829931973,0.10204081632653061,0.10204081632653061,0.10204081632653061,0.10204081632653061,0.10204081632653061,0.10204081632653061,majority_holdout_years,0.10204081632653061,0.10204081632653061,0.10204081632653061,0.10204081632653061
0.1,2017,2017-2019,2020-2020,上海,3168,1,1,0.12657828282828282,0.21122994652406418,0.7887700534759359,374,0.932475884244373,0.7684887459807074,311,0.7355090530804547,0.6061609092628575,0.10006313131313131,0.10006313131313131,0.8422712933753943,0.017537706068046298,634,5702,0.10006313131313131,0.10006313131313131,0.10006313131313131,0.10006313131313131,0.09309947294358027,0.07672680701212305,0.12657828282828282,0.10006313131313131,0.10006313131313131,0.10006313131313131,0.10006313131313131,0.1000631313131313,0.1000631313131313,all_holdout_years,0.10006313131313131,0.10006313131313131,0.10006313131313131,0.1000631313131313
0.1,2017,2017-2019,2020-2020,上海,3168,1,1,0.12657828282828282,0.21122994652406418,0.7887700534759359,374,0.932475884244373,0.7684887459807074,311,0.7355090530804547,0.6061609092628575,0.10006313131313131,0.10006313131313131,0.8422712933753943,0.017537706068046298,634,5702,0.10006313131313131,0.10006313131313131,0.10006313131313131,0.10006313131313131,0.09309947294358027,0.07672680701212305,0.12657828282828282,0.10006313131313131,0.10006313131313131,0.10006313131313131,0.10006313131313131,0.1000631313131313,0.1000631313131313,majority_holdout_years,0.10006313131313131,0.10006313131313131,0.10006313131313131,0.1000631313131313
0.1,2017,2017-2019,2020-2020,北京,5073,1,1,0.12359550561797752,0.18181818181818182,0.8181818181818181,583,0.9317269076305221,0.8012048192771084,498,0.7623220153340635,0.6555312157721795,0.10013798541297063,0.10013798541297063,0.8622047244094488,0.01533406352683461,1016,9130,0.10013798541297063,0.10013798541297063,0.10013798541297063,0.10013798541297063,0.09421957492892918,0.08102071206173005,0.12359550561797752,0.10013798541297063,0.10013798541297063,0.10013798541297063,0.10013798541297063,0.10013798541297063,0.10013798541297063,all_holdout_years,0.10013798541297063,0.10013798541297063,0.10013798541297063,0.10013798541297063
0.1,2017,2017-2019,2020-2020,北京,5073,1,1,0.12359550561797752,0.18181818181818182,0.8181818181818181,583,0.9317269076305221,0.8012048192771084,498,0.7623220153340635,0.6555312157721795,0.10013798541297063,0.10013798541297063,0.8622047244094488,0.01533406352683461,1016,9130,0.10013798541297063,0.10013798541297063,0.10013798541297063,0.10013798541297063,0.09421957492892918,0.08102071206173005,0.12359550561797752,0.10013798541297063,0.10013798541297063,0.10013798541297063,0.10013798541297063,0.10013798541297063,0.10013798541297063,majority_holdout_years,0.10013798541297063,0.10013798541297063,0.10013798541297063,0.10013798541297063
0.1,2017,2017-2019,2020-2020,南京,1476,1,1,0.14363143631436315,0.29411764705882354,0.7058823529411764,187,0.9044117647058824,0.7058823529411765,136,0.6384083044982698,0.4982698961937716,0.1002710027100271,0.1002710027100271,0.7702702702702703,0.025602409638554216,296,2656,0.1002710027100271,0.1002710027100271,0.1002710027100271,0.1002710027100271,0.0916955017301038,0.07156722086252004,0.14363143631436315,0.1002710027100271,0.1002710027100271,0.1002710027100271,0.1002710027100271,0.1002710027100271,0.1002710027100271,all_holdout_years,0.1002710027100271,0.1002710027100271,0.1002710027100271,0.1002710027100271
0.1,2017,2017-2019,2020-2020,南京,1476,1,1,0.14363143631436315,0.29411764705882354,0.7058823529411764,187,0.9044117647058824,0.7058823529411765,136,0.6384083044982698,0.4982698961937716,0.1002710027100271,0.1002710027100271,0.7702702702702703,0.025602409638554216,296,2656,0.1002710027100271,0.1002710027100271,0.1002710027100271,0.1002710027100271,0.0916955017301038,0.07156722086252004,0.14363143631436315,0.1002710027100271,0.1002710027100271,0.1002710027100271,0.1002710027100271,0.1002710027100271,0.1002710027100271,majority_holdout_years,0.1002710027100271,0.1002710027100271,0.1002710027100271,0.1002710027100271
0.1,2017,2017-2019,2020-2020,大连,1479,1,1,0.13049357674104126,0.25274725274725274,0.7472527472527473,182,0.9194630872483222,0.6845637583892618,149,0.6870713179438012,0.5115421491260418,0.10006761325219743,0.10006761325219743,0.8040540540540541,0.021788129226145755,296,2662,0.10006761325219743,0.10006761325219743,0.10006761325219743,0.10006761325219743,0.08965839375466778,0.0667529646932563,0.13049357674104126,0.10006761325219743,0.10006761325219743,0.10006761325219743,0.10006761325219743,0.10006761325219743,0.10006761325219743,all_holdout_years,0.10006761325219743,0.10006761325219743,0.10006761325219743,0.10006761325219743
0.1,2017,2017-2019,2020-2020,大连,1479,1,1,0.13049357674104126,0.25274725274725274,0.7472527472527473,182,0.9194630872483222,0.6845637583892618,149,0.6870713179438012,0.5115421491260418,0.10006761325219743,0.10006761325219743,0.8040540540540541,0.021788129226145755,296,2662,0.10006761325219743,0.10006761325219743,0.10006761325219743,0.10006761325219743,0.08965839375466778,0.0667529646932563,0.13049357674104126,0.10006761325219743,0.10006761325219743,0.10006761325219743,0.10006761325219743,0.10006761325219743,0.10006761325219743,majority_holdout_years,0.10006761325219743,0.10006761325219743,0.10006761325219743,0.10006761325219743
0.1,2017,2017-2019,2020-2020,天津,2154,1,1,0.13370473537604458,0.2748091603053435,0.7251908396946565,262,0.9223300970873787,0.7475728155339806,206,0.6688653375824501,0.5421329578299859,0.10027855153203342,0.10027855153203342,0.7962962962962963,0.022703818369453045,432,3876,0.10027855153203342,0.10027855153203342,0.10027855153203342,0.10027855153203342,0.08943046296367022,0.07248574366529059,0.13370473537604458,0.10027855153203342,0.10027855153203342,0.10027855153203342,0.10027855153203342,0.10027855153203341,0.10027855153203341,all_holdout_years,0.10027855153203342,0.10027855153203342,0.10027855153203342,0.10027855153203341
0.1,2017,2017-2019,2020-2020,天津,2154,1,1,0.13370473537604458,0.2748091603053435,0.7251908396946565,262,0.9223300970873787,0.7475728155339806,206,0.6688653375824501,0.5421329578299859,0.10027855153203342,0.10027855153203342,0.7962962962962963,0.022703818369453045,432,3876,0.10027855153203342,0.10027855153203342,0.10027855153203342,0.10027855153203342,0.08943046296367022,0.07248574366529059,0.13370473537604458,0.10027855153203342,0.10027855153203342,0.10027855153203342,0.10027855153203342,0.10027855153203341,0.10027855153203341,majority_holdout_years,0.10027855153203342,0.10027855153203342,0.10027855153203342,0.10027855153203341
0.1,2017,2017-2019,2020-2020,廊坊,83,1,1,0.1927710843373494,0.5714285714285714,0.4285714285714286,14,1.0,0.5714285714285714,7,0.4285714285714286,0.24489795918367346,0.10843373493975904,0.10843373493975904,0.5555555555555556,0.05405405405405406,18,148,0.10843373493975904,0.10843373493975904,0.10843373493975904,0.10843373493975904,0.08261617900172118,0.04720924514384067,0.1927710843373494,0.10843373493975904,0.10843373493975904,0.10843373493975904,0.10843373493975904,0.10843373493975905,0.10843373493975905,all_holdout_years,0.10843373493975904,0.10843373493975904,0.10843373493975904,0.10843373493975905
0.1,2017,2017-2019,2020-2020,廊坊,83,1,1,0.1927710843373494,0.5714285714285714,0.4285714285714286,14,1.0,0.5714285714285714,7,0.4285714285714286,0.24489795918367346,0.10843373493975904,0.10843373493975904,0.5555555555555556,0.05405405405405406,18,148,0.10843373493975904,0.10843373493975904,0.10843373493975904,0.10843373493975904,0.08261617900172118,0.04720924514384067,0.1927710843373494,0.10843373493975904,0.10843373493975904,0.10843373493975904,0.10843373493975904,0.10843373493975905,0.10843373493975905,majority_holdout_years,0.10843373493975904,0.10843373493975904,0.10843373493975904,0.10843373493975905
0.1,2017,2017-2019,2020-2020,无锡,55,1,1,0.2,0.4444444444444444,0.5555555555555556,9,0.6666666666666666,0.16666666666666666,6,0.37037037037037035,0.09259259259259259,0.10909090909090909,0.10909090909090909,0.5,0.061224489795918366,12,98,0.10909090909090909,0.10909090909090909,0.10909090909090909,0.10909090909090909,0.07407407407407407,0.018518518518518517,0.2,0.10909090909090909,0.10909090909090909,0.10909090909090909,0.10909090909090909,0.10909090909090909,0.10909090909090909,all_holdout_years,0.10909090909090909,0.10909090909090909,0.10909090909090909,0.10909090909090909
0.1,2017,2017-2019,2020-2020,无锡,55,1,1,0.2,0.4444444444444444,0.5555555555555556,9,0.6666666666666666,0.16666666666666666,6,0.37037037037037035,0.09259259259259259,0.10909090909090909,0.10909090909090909,0.5,0.061224489795918366,12,98,0.10909090909090909,0.10909090909090909,0.10909090909090909,0.10909090909090909,0.07407407407407407,0.018518518518518517,0.2,0.10909090909090909,0.10909090909090909,0.10909090909090909,0.10909090909090909,0.10909090909090909,0.10909090909090909,majority_holdout_years,0.10909090909090909,0.10909090909090909,0.10909090909090909,0.10909090909090909
0.1,2017,2017-2019,2020-2020,沈阳,364,1,1,0.16483516483516483,0.39622641509433965,0.6037735849056604,53,0.8571428571428571,0.45714285714285713,35,0.5175202156334231,0.276010781671159,0.10164835164835165,0.10164835164835165,0.6486486486486487,0.039755351681957186,74,654,0.10164835164835165,0.10164835164835165,0.10164835164835165,0.10164835164835165,0.08530553004946535,0.04549628269304819,0.16483516483516483,0.10164835164835165,0.10164835164835165,0.10164835164835165,0.10164835164835165,0.10164835164835165,0.10164835164835165,all_holdout_years,0.10164835164835165,0.10164835164835165,0.10164835164835165,0.10164835164835165
0.1,2017,2017-2019,2020-2020,沈阳,364,1,1,0.16483516483516483,0.39622641509433965,0.6037735849056604,53,0.8571428571428571,0.45714285714285713,35,0.5175202156334231,0.276010781671159,0.10164835164835165,0.10164835164835165,0.6486486486486487,0.039755351681957186,74,654,0.10164835164835165,0.10164835164835165,0.10164835164835165,0.10164835164835165,0.08530553004946535,0.04549628269304819,0.16483516483516483,0.10164835164835165,0.10164835164835165,0.10164835164835165,0.10164835164835165,0.10164835164835165,0.10164835164835165,majority_holdout_years,0.10164835164835165,0.10164835164835165,0.10164835164835165,0.10164835164835165
0.1,2017,2017-2019,2020-2020,石家庄,157,1,1,0.17197452229299362,0.45454545454545453,0.5454545454545454,22,0.8461538461538461,0.6153846153846154,13,0.4615384615384615,0.3356643356643357,0.10191082802547771,0.10191082802547771,0.625,0.0425531914893617,32,282,0.10191082802547771,0.10191082802547771,0.10191082802547771,0.10191082802547771,0.07937285644292012,0.057725713776669185,0.17197452229299362,0.10191082802547771,0.10191082802547771,0.10191082802547771,0.10191082802547771,0.10191082802547771,0.10191082802547771,all_holdout_years,0.10191082802547771,0.10191082802547771,0.10191082802547771,0.10191082802547771
0.1,2017,2017-2019,2020-2020,石家庄,157,1,1,0.17197452229299362,0.45454545454545453,0.5454545454545454,22,0.8461538461538461,0.6153846153846154,13,0.4615384615384615,0.3356643356643357,0.10191082802547771,0.10191082802547771,0.625,0.0425531914893617,32,282,0.10191082802547771,0.10191082802547771,0.10191082802547771,0.10191082802547771,0.07937285644292012,0.057725713776669185,0.17197452229299362,0.10191082802547771,0.10191082802547771,0.10191082802547771,0.10191082802547771,0.10191082802547771,0.10191082802547771,majority_holdout_years,0.10191082802547771,0.10191082802547771,0.10191082802547771,0.10191082802547771
0.1,2018,2018-2020,2021-2021,上海,4029,1,1,0.11938446264581783,0.16593886462882096,0.8340611353711791,458,0.9571788413098237,0.8337531486146096,397,0.7983456711361412,0.6954010977527967,0.10002482005460411,0.10002482005460411,0.8846153846153846,0.012824048538334253,806,7252,0.10002482005460411,0.10002482005460411,0.10002482005460411,0.10002482005460411,0.09531006895420302,0.08302008637852948,0.11938446264581783,0.10002482005460411,0.10002482005460411,0.10002482005460411,0.10002482005460411,0.10002482005460411,0.10002482005460411,all_holdout_years,0.10002482005460411,0.10002482005460411,0.10002482005460411,0.10002482005460411
0.1,2018,2018-2020,2021-2021,上海,4029,1,1,0.11938446264581783,0.16593886462882096,0.8340611353711791,458,0.9571788413098237,0.8337531486146096,397,0.7983456711361412,0.6954010977527967,0.10002482005460411,0.10002482005460411,0.8846153846153846,0.012824048538334253,806,7252,0.10002482005460411,0.10002482005460411,0.10002482005460411,0.10002482005460411,0.09531006895420302,0.08302008637852948,0.11938446264581783,0.10002482005460411,0.10002482005460411,0.10002482005460411,0.10002482005460411,0.10002482005460411,0.10002482005460411,majority_holdout_years,0.10002482005460411,0.10002482005460411,0.10002482005460411,0.10002482005460411
0.1,2018,2018-2020,2021-2021,丹东,84,1,1,0.23809523809523808,0.7333333333333333,0.2666666666666667,15,0.8,0.4,5,0.21333333333333337,0.10666666666666669,0.10714285714285714,0.10714285714285714,0.3333333333333333,0.08,18,150,0.10714285714285714,0.10714285714285714,0.10714285714285714,0.10714285714285714,0.05079365079365081,0.025396825396825404,0.23809523809523808,0.10714285714285714,0.10714285714285714,0.10714285714285714,0.10714285714285714,0.10714285714285715,0.10714285714285715,all_holdout_years,0.10714285714285714,0.10714285714285714,0.10714285714285714,0.10714285714285715
0.1,2018,2018-2020,2021-2021,丹东,84,1,1,0.23809523809523808,0.7333333333333333,0.2666666666666667,15,0.8,0.4,5,0.21333333333333337,0.10666666666666669,0.10714285714285714,0.10714285714285714,0.3333333333333333,0.08,18,150,0.10714285714285714,0.10714285714285714,0.10714285714285714,0.10714285714285714,0.05079365079365081,0.025396825396825404,0.23809523809523808,0.10714285714285714,0.10714285714285714,0.10714285714285714,0.10714285714285714,0.10714285714285715,0.10714285714285715,majority_holdout_years,0.10714285714285714,0.10714285714285714,0.10714285714285714,0.10714285714285715
0.1,2018,2018-2020,2021-2021,保定,39,1,1,0.20512820512820512,0.6666666666666666,0.33333333333333337,6,1.0,1.0,2,0.33333333333333337,0.33333333333333337,0.10256410256410256,0.10256410256410256,0.5,0.05714285714285714,8,70,0.10256410256410256,0.10256410256410256,0.10256410256410256,0.10256410256410256,0.06837606837606838,0.06837606837606838,0.20512820512820512,0.10256410256410256,0.10256410256410256,0.10256410256410256,0.10256410256410256,0.10256410256410256,0.10256410256410256,all_holdout_years,0.10256410256410256,0.10256410256410256,0.10256410256410256,0.10256410256410256
0.1,2018,2018-2020,2021-2021,保定,39,1,1,0.20512820512820512,0.6666666666666666,0.33333333333333337,6,1.0,1.0,2,0.33333333333333337,0.33333333333333337,0.10256410256410256,0.10256410256410256,0.5,0.05714285714285714,8,70,0.10256410256410256,0.10256410256410256,0.10256410256410256,0.10256410256410256,0.06837606837606838,0.06837606837606838,0.20512820512820512,0.10256410256410256,0.10256410256410256,0.10256410256410256,0.10256410256410256,0.10256410256410256,0.10256410256410256,majority_holdout_years,0.10256410256410256,0.10256410256410256,0.10256410256410256,0.10256410256410256
0.1,2018,2018-2020,2021-2021,北京,4834,1,1,0.12163839470417874,0.18397085610200364,0.8160291438979963,549,0.9508547008547008,0.8461538461538461,468,0.7759251475098469,0.6904861986829199,0.10012412081092263,0.10012412081092263,0.871900826446281,0.014252873563218391,968,8700,0.10012412081092263,0.10012412081092263,0.10012412081092263,0.10012412081092263,0.09438228935370087,0.083989632773181,0.12163839470417874,0.10012412081092263,0.10012412081092263,0.10012412081092263,0.10012412081092263,0.10012412081092263,0.10012412081092263,all_holdout_years,0.10012412081092263,0.10012412081092263,0.10012412081092263,0.10012412081092263
0.1,2018,2018-2020,2021-2021,北京,4834,1,1,0.12163839470417874,0.18397085610200364,0.8160291438979963,549,0.9508547008547008,0.8461538461538461,468,0.7759251475098469,0.6904861986829199,0.10012412081092263,0.10012412081092263,0.871900826446281,0.014252873563218391,968,8700,0.10012412081092263,0.10012412081092263,0.10012412081092263,0.10012412081092263,0.09438228935370087,0.083989632773181,0.12163839470417874,0.10012412081092263,0.10012412081092263,0.10012412081092263,0.10012412081092263,0.10012412081092263,0.10012412081092263,majority_holdout_years,0.10012412081092263,0.10012412081092263,0.10012412081092263,0.10012412081092263
0.1,2018,2018-2020,2021-2021,南京,1737,1,1,0.12089810017271158,0.14358974358974358,0.8564102564102565,195,0.9190751445086706,0.8034682080924855,173,0.787105380168964,0.6880984141099749,0.1001727115716753,0.1001727115716753,0.8793103448275862,0.013435700575815739,348,3126,0.1001727115716753,0.1001727115716753,0.1001727115716753,0.1001727115716753,0.09515954509814764,0.0831897909977517,0.12089810017271158,0.1001727115716753,0.1001727115716753,0.1001727115716753,0.1001727115716753,0.1001727115716753,0.1001727115716753,all_holdout_years,0.1001727115716753,0.1001727115716753,0.1001727115716753,0.1001727115716753
0.1,2018,2018-2020,2021-2021,南京,1737,1,1,0.12089810017271158,0.14358974358974358,0.8564102564102565,195,0.9190751445086706,0.8034682080924855,173,0.787105380168964,0.6880984141099749,0.1001727115716753,0.1001727115716753,0.8793103448275862,0.013435700575815739,348,3126,0.1001727115716753,0.1001727115716753,0.1001727115716753,0.1001727115716753,0.09515954509814764,0.0831897909977517,0.12089810017271158,0.1001727115716753,0.1001727115716753,0.1001727115716753,0.1001727115716753,0.1001727115716753,0.1001727115716753,majority_holdout_years,0.1001727115716753,0.1001727115716753,0.1001727115716753,0.1001727115716753
0.1,2018,2018-2020,2021-2021,吉林,178,1,1,0.21910112359550563,0.6296296296296297,0.37037037037037035,27,0.6,0.5,10,0.2222222222222222,0.18518518518518517,0.10112359550561797,0.10112359550561797,0.4166666666666667,0.065625,36,320,0.10112359550561797,0.10112359550561797,0.10112359550561797,0.10112359550561797,0.04868913857677903,0.04057428214731586,0.21910112359550563,0.10112359550561797,0.10112359550561797,0.10112359550561797,0.10112359550561797,0.10112359550561797,0.10112359550561797,all_holdout_years,0.10112359550561797,0.10112359550561797,0.10112359550561797,0.10112359550561797
0.1,2018,2018-2020,2021-2021,吉林,178,1,1,0.21910112359550563,0.6296296296296297,0.37037037037037035,27,0.6,0.5,10,0.2222222222222222,0.18518518518518517,0.10112359550561797,0.10112359550561797,0.4166666666666667,0.065625,36,320,0.10112359550561797,0.10112359550561797,0.10112359550561797,0.10112359550561797,0.04868913857677903,0.04057428214731586,0.21910112359550563,0.10112359550561797,0.10112359550561797,0.10112359550561797,0.10112359550561797,0.10112359550561797,0.10112359550561797,majority_holdout_years,0.10112359550561797,0.10112359550561797,0.10112359550561797,0.10112359550561797
0.1,2018,2018-2020,2021-2021,呼和浩特,149,1,1,0.12751677852348994,0.2631578947368421,0.736842105263158,19,1.0,0.7333333333333333,15,0.736842105263158,0.5403508771929825,0.10067114093959731,0.10067114093959731,0.8333333333333334,0.018656716417910446,30,268,0.10067114093959731,0.10067114093959731,0.10067114093959731,0.10067114093959731,0.09395973154362418,0.06890380313199106,0.12751677852348994,0.10067114093959731,0.10067114093959731,0.10067114093959731,0.10067114093959731,0.10067114093959732,0.10067114093959732,all_holdout_years,0.10067114093959731,0.10067114093959731,0.10067114093959731,0.10067114093959732
0.1,2018,2018-2020,2021-2021,呼和浩特,149,1,1,0.12751677852348994,0.2631578947368421,0.736842105263158,19,1.0,0.7333333333333333,15,0.736842105263158,0.5403508771929825,0.10067114093959731,0.10067114093959731,0.8333333333333334,0.018656716417910446,30,268,0.10067114093959731,0.10067114093959731,0.10067114093959731,0.10067114093959731,0.09395973154362418,0.06890380313199106,0.12751677852348994,0.10067114093959731,0.10067114093959731,0.10067114093959731,0.10067114093959731,0.10067114093959732,0.10067114093959732,majority_holdout_years,0.10067114093959731,0.10067114093959731,0.10067114093959731,0.10067114093959732
0.1,2018,2018-2020,2021-2021,哈尔滨,514,1,1,0.20622568093385213,0.6705882352941176,0.3294117647058824,85,0.8611111111111112,0.3888888888888889,36,0.2836601307189543,0.1281045751633987,0.10116731517509728,0.10116731517509728,0.40384615384615385,0.0670995670995671,104,924,0.10116731517509728,0.10116731517509728,0.10116731517509728,0.10116731517509728,0.058498003611301856,0.02641845324381374,0.20622568093385213,0.10116731517509728,0.10116731517509728,0.10116731517509728,0.10116731517509728,0.10116731517509728,0.10116731517509728,all_holdout_years,0.10116731517509728,0.10116731517509728,0.10116731517509728,0.10116731517509728
0.1,2018,2018-2020,2021-2021,哈尔滨,514,1,1,0.20622568093385213,0.6705882352941176,0.3294117647058824,85,0.8611111111111112,0.3888888888888889,36,0.2836601307189543,0.1281045751633987,0.10116731517509728,0.10116731517509728,0.40384615384615385,0.0670995670995671,104,924,0.10116731517509728,0.10116731517509728,0.10116731517509728,0.10116731517509728,0.058498003611301856,0.02641845324381374,0.20622568093385213,0.10116731517509728,0.10116731517509728,0.10116731517509728,0.10116731517509728,0.10116731517509728,0.10116731517509728,majority_holdout_years,0.10116731517509728,0.10116731517509728,0.10116731517509728,0.10116731517509728
0.1,2018,2018-2020,2021-2021,唐山,89,1,1,0.20224719101123595,0.6,0.4,15,0.8571428571428571,0.2857142857142857,7,0.34285714285714286,0.11428571428571428,0.10112359550561797,0.10112359550561797,0.4444444444444444,0.0625,18,160,0.10112359550561797,0.10112359550561797,0.10112359550561797,0.10112359550561797,0.06934189406099518,0.023113964686998396,0.20224719101123595,0.10112359550561797,0.10112359550561797,0.10112359550561797,0.10112359550561797,0.10112359550561797,0.10112359550561797,all_holdout_years,0.10112359550561797,0.10112359550561797,0.10112359550561797,0.10112359550561797
0.1,2018,2018-2020,2021-2021,唐山,89,1,1,0.20224719101123595,0.6,0.4,15,0.8571428571428571,0.2857142857142857,7,0.34285714285714286,0.11428571428571428,0.10112359550561797,0.10112359550561797,0.4444444444444444,0.0625,18,160,0.10112359550561797,0.10112359550561797,0.10112359550561797,0.10112359550561797,0.06934189406099518,0.023113964686998396,0.20224719101123595,0.10112359550561797,0.10112359550561797,0.10112359550561797,0.10112359550561797,0.10112359550561797,0.10112359550561797,majority_holdout_years,0.10112359550561797,0.10112359550561797,0.10112359550561797,0.10112359550561797
0.1,2018,2018-2020,2021-2021,大连,1589,1,1,0.1252359974826935,0.1774193548387097,0.8225806451612903,186,0.9125,0.7375,160,0.7506048387096773,0.6066532258064516,0.1000629326620516,0.1000629326620516,0.8522012578616353,0.016433566433566433,318,2860,0.1000629326620516,0.1000629326620516,0.1000629326620516,0.1000629326620516,0.09400274569114271,0.07597482185996467,0.1252359974826935,0.1000629326620516,0.1000629326620516,0.1000629326620516,0.1000629326620516,0.1000629326620516,0.1000629326620516,all_holdout_years,0.1000629326620516,0.1000629326620516,0.1000629326620516,0.1000629326620516
0.1,2018,2018-2020,2021-2021,大连,1589,1,1,0.1252359974826935,0.1774193548387097,0.8225806451612903,186,0.9125,0.7375,160,0.7506048387096773,0.6066532258064516,0.1000629326620516,0.1000629326620516,0.8522012578616353,0.016433566433566433,318,2860,0.1000629326620516,0.1000629326620516,0.1000629326620516,0.1000629326620516,0.09400274569114271,0.07597482185996467,0.1252359974826935,0.1000629326620516,0.1000629326620516,0.1000629326620516,0.1000629326620516,0.1000629326620516,0.1000629326620516,majority_holdout_years,0.1000629326620516,0.1000629326620516,0.1000629326620516,0.1000629326620516
0.1,2018,2018-2020,2021-2021,天津,2886,1,1,0.12196812196812197,0.16307692307692306,0.8369230769230769,325,0.9097222222222222,0.7881944444444444,288,0.7613675213675213,0.6596581196581196,0.10013860013860014,0.10013860013860014,0.8633217993079585,0.015209857527916827,578,5194,0.10013860013860014,0.10013860013860014,0.10013860013860014,0.10013860013860014,0.09286256670872055,0.08045726199572353,0.12196812196812197,0.10013860013860014,0.10013860013860014,0.10013860013860014,0.10013860013860014,0.10013860013860014,0.10013860013860014,all_holdout_years,0.10013860013860014,0.10013860013860014,0.10013860013860014,0.10013860013860014
0.1,2018,2018-2020,2021-2021,天津,2886,1,1,0.12196812196812197,0.16307692307692306,0.8369230769230769,325,0.9097222222222222,0.7881944444444444,288,0.7613675213675213,0.6596581196581196,0.10013860013860014,0.10013860013860014,0.8633217993079585,0.015209857527916827,578,5194,0.10013860013860014,0.10013860013860014,0.10013860013860014,0.10013860013860014,0.09286256670872055,0.08045726199572353,0.12196812196812197,0.10013860013860014,0.10013860013860014,0.10013860013860014,0.10013860013860014,0.10013860013860014,0.10013860013860014,majority_holdout_years,0.10013860013860014,0.10013860013860014,0.10013860013860014,0.10013860013860014
0.1,2018,2018-2020,2021-2021,太原,109,1,1,0.1834862385321101,0.4444444444444444,0.5555555555555556,18,0.9,0.3,10,0.5,0.16666666666666666,0.10091743119266056,0.10091743119266056,0.5909090909090909,0.04591836734693878,22,196,0.10091743119266056,0.10091743119266056,0.10091743119266056,0.10091743119266056,0.09174311926605505,0.03058103975535168,0.1834862385321101,0.10091743119266056,0.10091743119266056,0.10091743119266056,0.10091743119266056,0.10091743119266056,0.10091743119266056,all_holdout_years,0.10091743119266056,0.10091743119266056,0.10091743119266056,0.10091743119266056
0.1,2018,2018-2020,2021-2021,太原,109,1,1,0.1834862385321101,0.4444444444444444,0.5555555555555556,18,0.9,0.3,10,0.5,0.16666666666666666,0.10091743119266056,0.10091743119266056,0.5909090909090909,0.04591836734693878,22,196,0.10091743119266056,0.10091743119266056,0.10091743119266056,0.10091743119266056,0.09174311926605505,0.03058103975535168,0.1834862385321101,0.10091743119266056,0.10091743119266056,0.10091743119266056,0.10091743119266056,0.10091743119266056,0.10091743119266056,majority_holdout_years,0.10091743119266056,0.10091743119266056,0.10091743119266056,0.10091743119266056
0.1,2018,2018-2020,2021-2021,常州,92,1,1,0.17391304347826086,0.42857142857142855,0.5714285714285714,14,0.7272727272727273,0.2727272727272727,11,0.41558441558441556,0.1558441558441558,0.10869565217391304,0.10869565217391304,0.55,0.054878048780487805,20,164,0.10869565217391304,0.10869565217391304,0.10869565217391304,0.10869565217391304,0.0722755505364201,0.027103331451157533,0.17391304347826086,0.10869565217391304,0.10869565217391304,0.10869565217391304,0.10869565217391304,0.10869565217391304,0.10869565217391304,all_holdout_years,0.10869565217391304,0.10869565217391304,0.10869565217391304,0.10869565217391304
0.1,2018,2018-2020,2021-2021,常州,92,1,1,0.17391304347826086,0.42857142857142855,0.5714285714285714,14,0.7272727272727273,0.2727272727272727,11,0.41558441558441556,0.1558441558441558,0.10869565217391304,0.10869565217391304,0.55,0.054878048780487805,20,164,0.10869565217391304,0.10869565217391304,0.10869565217391304,0.10869565217391304,0.0722755505364201,0.027103331451157533,0.17391304347826086,0.10869565217391304,0.10869565217391304,0.10869565217391304,0.10869565217391304,0.10869565217391304,0.10869565217391304,majority_holdout_years,0.10869565217391304,0.10869565217391304,0.10869565217391304,0.10869565217391304
0.1,2018,2018-2020,2021-2021,廊坊,241,1,1,0.15352697095435686,0.3125,0.6875,32,0.7692307692307693,0.46153846153846156,26,0.5288461538461539,0.31730769230769235,0.1037344398340249,0.1037344398340249,0.68,0.037037037037037035,50,432,0.1037344398340249,0.1037344398340249,0.1037344398340249,0.1037344398340249,0.08119214810086181,0.048715288860517084,0.15352697095435686,0.1037344398340249,0.1037344398340249,0.1037344398340249,0.1037344398340249,0.10373443983402492,0.10373443983402492,all_holdout_years,0.1037344398340249,0.1037344398340249,0.1037344398340249,0.10373443983402492
0.1,2018,2018-2020,2021-2021,廊坊,241,1,1,0.15352697095435686,0.3125,0.6875,32,0.7692307692307693,0.46153846153846156,26,0.5288461538461539,0.31730769230769235,0.1037344398340249,0.1037344398340249,0.68,0.037037037037037035,50,432,0.1037344398340249,0.1037344398340249,0.1037344398340249,0.1037344398340249,0.08119214810086181,0.048715288860517084,0.15352697095435686,0.1037344398340249,0.1037344398340249,0.1037344398340249,0.1037344398340249,0.10373443983402492,0.10373443983402492,majority_holdout_years,0.1037344398340249,0.1037344398340249,0.1037344398340249,0.10373443983402492
0.1,2018,2018-2020,2021-2021,张家口,29,1,1,0.2413793103448276,0.6666666666666666,0.33333333333333337,6,1.0,0.0,2,0.33333333333333337,0.0,0.10344827586206896,0.10344827586206896,0.3333333333333333,0.07692307692307693,6,52,0.10344827586206896,0.10344827586206896,0.10344827586206896,0.10344827586206896,0.08045977011494254,0.0,0.2413793103448276,0.10344827586206896,0.10344827586206896,0.10344827586206896,0.10344827586206896,0.10344827586206896,0.10344827586206896,all_holdout_years,0.10344827586206896,0.10344827586206896,0.10344827586206896,0.10344827586206896
0.1,2018,2018-2020,2021-2021,张家口,29,1,1,0.2413793103448276,0.6666666666666666,0.33333333333333337,6,1.0,0.0,2,0.33333333333333337,0.0,0.10344827586206896,0.10344827586206896,0.3333333333333333,0.07692307692307693,6,52,0.10344827586206896,0.10344827586206896,0.10344827586206896,0.10344827586206896,0.08045977011494254,0.0,0.2413793103448276,0.10344827586206896,0.10344827586206896,0.10344827586206896,0.10344827586206896,0.10344827586206896,0.10344827586206896,majority_holdout_years,0.10344827586206896,0.10344827586206896,0.10344827586206896,0.10344827586206896
0.1,2018,2018-2020,2021-2021,徐州,386,1,1,0.19170984455958548,0.5166666666666667,0.4833333333333333,60,0.8333333333333334,0.43333333333333335,30,0.40277777777777773,0.20944444444444443,0.10103626943005181,0.10103626943005181,0.5384615384615384,0.05187319884726225,78,694,0.10103626943005181,0.10103626943005181,0.10103626943005181,0.10103626943005181,0.07721646516983303,0.040152561888313176,0.19170984455958548,0.10103626943005181,0.10103626943005181,0.10103626943005181,0.10103626943005181,0.10103626943005181,0.10103626943005181,all_holdout_years,0.10103626943005181,0.10103626943005181,0.10103626943005181,0.10103626943005181
0.1,2018,2018-2020,2021-2021,徐州,386,1,1,0.19170984455958548,0.5166666666666667,0.4833333333333333,60,0.8333333333333334,0.43333333333333335,30,0.40277777777777773,0.20944444444444443,0.10103626943005181,0.10103626943005181,0.5384615384615384,0.05187319884726225,78,694,0.10103626943005181,0.10103626943005181,0.10103626943005181,0.10103626943005181,0.07721646516983303,0.040152561888313176,0.19170984455958548,0.10103626943005181,0.10103626943005181,0.10103626943005181,0.10103626943005181,0.10103626943005181,0.10103626943005181,majority_holdout_years,0.10103626943005181,0.10103626943005181,0.10103626943005181,0.10103626943005181
0.1,2018,2018-2020,2021-2021,无锡,354,1,1,0.15254237288135594,0.3877551020408163,0.6122448979591837,49,0.9393939393939394,0.6363636363636364,33,0.575139146567718,0.38961038961038963,0.1016949152542373,0.1016949152542373,0.7083333333333334,0.0330188679245283,72,636,0.1016949152542373,0.1016949152542373,0.1016949152542373,0.1016949152542373,0.08773309015439767,0.05943209333039842,0.15254237288135594,0.1016949152542373,0.1016949152542373,0.1016949152542373,0.1016949152542373,0.1016949152542373,0.1016949152542373,all_holdout_years,0.1016949152542373,0.1016949152542373,0.1016949152542373,0.1016949152542373
0.1,2018,2018-2020,2021-2021,无锡,354,1,1,0.15254237288135594,0.3877551020408163,0.6122448979591837,49,0.9393939393939394,0.6363636363636364,33,0.575139146567718,0.38961038961038963,0.1016949152542373,0.1016949152542373,0.7083333333333334,0.0330188679245283,72,636,0.1016949152542373,0.1016949152542373,0.1016949152542373,0.1016949152542373,0.08773309015439767,0.05943209333039842,0.15254237288135594,0.1016949152542373,0.1016949152542373,0.1016949152542373,0.1016949152542373,0.1016949152542373,0.1016949152542373,majority_holdout_years,0.1016949152542373,0.1016949152542373,0.1016949152542373,0.1016949152542373
0.1,2018,2018-2020,2021-2021,沈阳,752,1,1,0.16622340425531915,0.42452830188679247,0.5754716981132075,106,0.8142857142857143,0.4714285714285714,70,0.46859838274932614,0.27129380053908353,0.10106382978723404,0.10106382978723404,0.618421052631579,0.042899408284023666,152,1352,0.10106382978723404,0.10106382978723404,0.10106382978723404,0.10106382978723404,0.07789201840913001,0.04509537907897,0.16622340425531915,0.10106382978723404,0.10106382978723404,0.10106382978723404,0.10106382978723404,0.10106382978723405,0.10106382978723405,all_holdout_years,0.10106382978723404,0.10106382978723404,0.10106382978723404,0.10106382978723405
0.1,2018,2018-2020,2021-2021,沈阳,752,1,1,0.16622340425531915,0.42452830188679247,0.5754716981132075,106,0.8142857142857143,0.4714285714285714,70,0.46859838274932614,0.27129380053908353,0.10106382978723404,0.10106382978723404,0.618421052631579,0.042899408284023666,152,1352,0.10106382978723404,0.10106382978723404,0.10106382978723404,0.10106382978723404,0.07789201840913001,0.04509537907897,0.16622340425531915,0.10106382978723404,0.10106382978723404,0.10106382978723404,0.10106382978723404,0.10106382978723405,0.10106382978723405,majority_holdout_years,0.10106382978723404,0.10106382978723404,0.10106382978723404,0.10106382978723405
0.1,2018,2018-2020,2021-2021,石家庄,607,1,1,0.13179571663920922,0.2535211267605634,0.7464788732394366,71,0.9629629629629629,0.9074074074074074,54,0.7188315075639019,0.6773604590505999,0.10049423393739704,0.10049423393739704,0.8360655737704918,0.018315018315018316,122,1092,0.10049423393739704,0.10049423393739704,0.10049423393739704,0.10049423393739704,0.09473891368222759,0.08927320712363755,0.13179571663920922,0.10049423393739704,0.10049423393739704,0.10049423393739704,0.10049423393739704,0.10049423393739704,0.10049423393739704,all_holdout_years,0.10049423393739704,0.10049423393739704,0.10049423393739704,0.10049423393739704
0.1,2018,2018-2020,2021-2021,石家庄,607,1,1,0.13179571663920922,0.2535211267605634,0.7464788732394366,71,0.9629629629629629,0.9074074074074074,54,0.7188315075639019,0.6773604590505999,0.10049423393739704,0.10049423393739704,0.8360655737704918,0.018315018315018316,122,1092,0.10049423393739704,0.10049423393739704,0.10049423393739704,0.10049423393739704,0.09473891368222759,0.08927320712363755,0.13179571663920922,0.10049423393739704,0.10049423393739704,0.10049423393739704,0.10049423393739704,0.10049423393739704,0.10049423393739704,majority_holdout_years,0.10049423393739704,0.10049423393739704,0.10049423393739704,0.10049423393739704
0.1,2018,2018-2020,2021-2021,长春,617,1,1,0.19286871961102106,0.5670103092783505,0.4329896907216495,97,0.7692307692307693,0.28846153846153844,52,0.33306899286280733,0.12490087232355274,0.10048622366288493,0.10048622366288493,0.4596774193548387,0.06036036036036036,124,1110,0.10048622366288493,0.10048622366288493,0.10048622366288493,0.10048622366288493,0.06423859019558197,0.024089471323343232,0.19286871961102106,0.10048622366288493,0.10048622366288493,0.10048622366288493,0.10048622366288493,0.10048622366288493,0.10048622366288493,all_holdout_years,0.10048622366288493,0.10048622366288493,0.10048622366288493,0.10048622366288493
0.1,2018,2018-2020,2021-2021,长春,617,1,1,0.19286871961102106,0.5670103092783505,0.4329896907216495,97,0.7692307692307693,0.28846153846153844,52,0.33306899286280733,0.12490087232355274,0.10048622366288493,0.10048622366288493,0.4596774193548387,0.06036036036036036,124,1110,0.10048622366288493,0.10048622366288493,0.10048622366288493,0.10048622366288493,0.06423859019558197,0.024089471323343232,0.19286871961102106,0.10048622366288493,0.10048622366288493,0.10048622366288493,0.10048622366288493,0.10048622366288493,0.10048622366288493,majority_holdout_years,0.10048622366288493,0.10048622366288493,0.10048622366288493,0.10048622366288493
0.1,2019,2019-2021,2022-2022,上海,3763,1,1,0.11799096465585969,0.13253012048192772,0.8674698795180723,415,0.925531914893617,0.8271276595744681,376,0.8028710587028967,0.717508331197129,0.1001860217911241,0.1001860217911241,0.889920424403183,0.0122563496751329,754,6772,0.1001860217911241,0.1001860217911241,0.1001860217911241,0.1001860217911241,0.09473153071062614,0.08465950014656531,0.11799096465585969,0.1001860217911241,0.1001860217911241,0.1001860217911241,0.1001860217911241,0.1001860217911241,0.1001860217911241,all_holdout_years,0.1001860217911241,0.1001860217911241,0.1001860217911241,0.1001860217911241
0.1,2019,2019-2021,2022-2022,上海,3763,1,1,0.11799096465585969,0.13253012048192772,0.8674698795180723,415,0.925531914893617,0.8271276595744681,376,0.8028710587028967,0.717508331197129,0.1001860217911241,0.1001860217911241,0.889920424403183,0.0122563496751329,754,6772,0.1001860217911241,0.1001860217911241,0.1001860217911241,0.1001860217911241,0.09473153071062614,0.08465950014656531,0.11799096465585969,0.1001860217911241,0.1001860217911241,0.1001860217911241,0.1001860217911241,0.1001860217911241,0.1001860217911241,majority_holdout_years,0.1001860217911241,0.1001860217911241,0.1001860217911241,0.1001860217911241
0.1,2019,2019-2021,2022-2022,丹东,99,1,1,0.20202020202020202,0.6666666666666666,0.33333333333333337,18,0.8,0.0,10,0.2666666666666667,0.0,0.10101010101010101,0.10101010101010101,0.3,0.07865168539325842,20,178,0.10101010101010101,0.10101010101010101,0.10101010101010101,0.10101010101010101,0.053872053872053884,0.0,0.20202020202020202,0.10101010101010101,0.10101010101010101,0.10101010101010101,0.10101010101010101,0.10101010101010101,0.10101010101010101,all_holdout_years,0.10101010101010101,0.10101010101010101,0.10101010101010101,0.10101010101010101
0.1,2019,2019-2021,2022-2022,丹东,99,1,1,0.20202020202020202,0.6666666666666666,0.33333333333333337,18,0.8,0.0,10,0.2666666666666667,0.0,0.10101010101010101,0.10101010101010101,0.3,0.07865168539325842,20,178,0.10101010101010101,0.10101010101010101,0.10101010101010101,0.10101010101010101,0.053872053872053884,0.0,0.20202020202020202,0.10101010101010101,0.10101010101010101,0.10101010101010101,0.10101010101010101,0.10101010101010101,0.10101010101010101,majority_holdout_years,0.10101010101010101,0.10101010101010101,0.10101010101010101,0.10101010101010101
0.1,2019,2019-2021,2022-2022,保定,39,1,1,0.1794871794871795,0.6666666666666666,0.33333333333333337,6,1.0,0.6666666666666666,3,0.33333333333333337,0.22222222222222224,0.10256410256410256,0.10256410256410256,0.5,0.05714285714285714,8,70,0.10256410256410256,0.10256410256410256,0.10256410256410256,0.10256410256410256,0.05982905982905984,0.03988603988603989,0.1794871794871795,0.10256410256410256,0.10256410256410256,0.10256410256410256,0.10256410256410256,0.10256410256410256,0.10256410256410256,all_holdout_years,0.10256410256410256,0.10256410256410256,0.10256410256410256,0.10256410256410256
0.1,2019,2019-2021,2022-2022,保定,39,1,1,0.1794871794871795,0.6666666666666666,0.33333333333333337,6,1.0,0.6666666666666666,3,0.33333333333333337,0.22222222222222224,0.10256410256410256,0.10256410256410256,0.5,0.05714285714285714,8,70,0.10256410256410256,0.10256410256410256,0.10256410256410256,0.10256410256410256,0.05982905982905984,0.03988603988603989,0.1794871794871795,0.10256410256410256,0.10256410256410256,0.10256410256410256,0.10256410256410256,0.10256410256410256,0.10256410256410256,majority_holdout_years,0.10256410256410256,0.10256410256410256,0.10256410256410256,0.10256410256410256
0.1,2019,2019-2021,2022-2022,包头,240,1,1,0.1375,0.23333333333333334,0.7666666666666666,30,0.84,0.56,25,0.6439999999999999,0.42933333333333334,0.1,0.1,0.7708333333333334,0.02546296296296296,48,432,0.1,0.1,0.1,0.1,0.08855,0.05903333333333334,0.1375,0.1,0.1,0.1,0.1,0.1,0.1,all_holdout_years,0.1,0.1,0.1,0.1
0.1,2019,2019-2021,2022-2022,包头,240,1,1,0.1375,0.23333333333333334,0.7666666666666666,30,0.84,0.56,25,0.6439999999999999,0.42933333333333334,0.1,0.1,0.7708333333333334,0.02546296296296296,48,432,0.1,0.1,0.1,0.1,0.08855,0.05903333333333334,0.1375,0.1,0.1,0.1,0.1,0.1,0.1,majority_holdout_years,0.1,0.1,0.1,0.1
0.1,2019,2019-2021,2022-2022,北京,4738,1,1,0.1194596876319122,0.15413533834586465,0.8458646616541353,532,0.9243697478991597,0.7983193277310925,476,0.781891704050041,0.6752701080432173,0.10004221190375685,0.10004221190375685,0.8755274261603375,0.013836772983114446,948,8528,0.10004221190375685,0.10004221190375685,0.10004221190375685,0.10004221190375685,0.09340453872780144,0.08066755617401034,0.1194596876319122,0.10004221190375685,0.10004221190375685,0.10004221190375685,0.10004221190375685,0.10004221190375684,0.10004221190375684,all_holdout_years,0.10004221190375685,0.10004221190375685,0.10004221190375685,0.10004221190375684
0.1,2019,2019-2021,2022-2022,北京,4738,1,1,0.1194596876319122,0.15413533834586465,0.8458646616541353,532,0.9243697478991597,0.7983193277310925,476,0.781891704050041,0.6752701080432173,0.10004221190375685,0.10004221190375685,0.8755274261603375,0.013836772983114446,948,8528,0.10004221190375685,0.10004221190375685,0.10004221190375685,0.10004221190375685,0.09340453872780144,0.08066755617401034,0.1194596876319122,0.10004221190375685,0.10004221190375685,0.10004221190375685,0.10004221190375685,0.10004221190375684,0.10004221190375684,majority_holdout_years,0.10004221190375685,0.10004221190375685,0.10004221190375685,0.10004221190375684
0.1,2019,2019-2021,2022-2022,南京,634,1,1,0.12145110410094637,0.18055555555555555,0.8194444444444444,72,0.9833333333333333,0.9166666666666666,60,0.805787037037037,0.7511574074074073,0.10094637223974763,0.10094637223974763,0.890625,0.012280701754385965,128,1140,0.10094637223974763,0.10094637223974763,0.10094637223974763,0.10094637223974763,0.0978637253183783,0.09122889648323401,0.12145110410094637,0.10094637223974763,0.10094637223974763,0.10094637223974763,0.10094637223974763,0.10094637223974763,0.10094637223974763,all_holdout_years,0.10094637223974763,0.10094637223974763,0.10094637223974763,0.10094637223974763
0.1,2019,2019-2021,2022-2022,南京,634,1,1,0.12145110410094637,0.18055555555555555,0.8194444444444444,72,0.9833333333333333,0.9166666666666666,60,0.805787037037037,0.7511574074074073,0.10094637223974763,0.10094637223974763,0.890625,0.012280701754385965,128,1140,0.10094637223974763,0.10094637223974763,0.10094637223974763,0.10094637223974763,0.0978637253183783,0.09122889648323401,0.12145110410094637,0.10094637223974763,0.10094637223974763,0.10094637223974763,0.10094637223974763,0.10094637223974763,0.10094637223974763,majority_holdout_years,0.10094637223974763,0.10094637223974763,0.10094637223974763,0.10094637223974763
0.1,2019,2019-2021,2022-2022,吉林,203,1,1,0.22167487684729065,0.6944444444444444,0.3055555555555556,36,0.75,0.125,16,0.22916666666666669,0.03819444444444445,0.10344827586206896,0.10344827586206896,0.30952380952380953,0.07967032967032966,42,364,0.10344827586206896,0.10344827586206896,0.10344827586206896,0.10344827586206896,0.05080049261083745,0.008466748768472908,0.22167487684729065,0.10344827586206896,0.10344827586206896,0.10344827586206896,0.10344827586206896,0.10344827586206896,0.10344827586206896,all_holdout_years,0.10344827586206896,0.10344827586206896,0.10344827586206896,0.10344827586206896
0.1,2019,2019-2021,2022-2022,吉林,203,1,1,0.22167487684729065,0.6944444444444444,0.3055555555555556,36,0.75,0.125,16,0.22916666666666669,0.03819444444444445,0.10344827586206896,0.10344827586206896,0.30952380952380953,0.07967032967032966,42,364,0.10344827586206896,0.10344827586206896,0.10344827586206896,0.10344827586206896,0.05080049261083745,0.008466748768472908,0.22167487684729065,0.10344827586206896,0.10344827586206896,0.10344827586206896,0.10344827586206896,0.10344827586206896,0.10344827586206896,majority_holdout_years,0.10344827586206896,0.10344827586206896,0.10344827586206896,0.10344827586206896
0.1,2019,2019-2021,2022-2022,呼和浩特,340,1,1,0.12941176470588237,0.23076923076923078,0.7692307692307692,39,0.90625,0.8125,32,0.6971153846153846,0.625,0.1,0.1,0.8235294117647058,0.0196078431372549,68,612,0.1,0.1,0.1,0.1,0.09021493212669685,0.08088235294117647,0.12941176470588237,0.1,0.1,0.1,0.1,0.1,0.1,all_holdout_years,0.1,0.1,0.1,0.1
0.1,2019,2019-2021,2022-2022,呼和浩特,340,1,1,0.12941176470588237,0.23076923076923078,0.7692307692307692,39,0.90625,0.8125,32,0.6971153846153846,0.625,0.1,0.1,0.8235294117647058,0.0196078431372549,68,612,0.1,0.1,0.1,0.1,0.09021493212669685,0.08088235294117647,0.12941176470588237,0.1,0.1,0.1,0.1,0.1,0.1,majority_holdout_years,0.1,0.1,0.1,0.1
0.1,2019,2019-2021,2022-2022,哈尔滨,601,1,1,0.19800332778702162,0.6236559139784946,0.3763440860215054,93,0.8536585365853658,0.5609756097560976,41,0.32126934172567534,0.21111985313401524,0.10149750415973377,0.10149750415973377,0.47540983606557374,0.05925925925925926,122,1080,0.10149750415973377,0.10149750415973377,0.10149750415973377,0.10149750415973377,0.06361239877762954,0.04180243348244228,0.19800332778702162,0.10149750415973377,0.10149750415973377,0.10149750415973377,0.10149750415973377,0.10149750415973377,0.10149750415973377,all_holdout_years,0.10149750415973377,0.10149750415973377,0.10149750415973377,0.10149750415973377
0.1,2019,2019-2021,2022-2022,哈尔滨,601,1,1,0.19800332778702162,0.6236559139784946,0.3763440860215054,93,0.8536585365853658,0.5609756097560976,41,0.32126934172567534,0.21111985313401524,0.10149750415973377,0.10149750415973377,0.47540983606557374,0.05925925925925926,122,1080,0.10149750415973377,0.10149750415973377,0.10149750415973377,0.10149750415973377,0.06361239877762954,0.04180243348244228,0.19800332778702162,0.10149750415973377,0.10149750415973377,0.10149750415973377,0.10149750415973377,0.10149750415973377,0.10149750415973377,majority_holdout_years,0.10149750415973377,0.10149750415973377,0.10149750415973377,0.10149750415973377
0.1,2019,2019-2021,2022-2022,唐山,279,1,1,0.14336917562724014,0.3235294117647059,0.6764705882352942,34,0.88,0.76,25,0.5952941176470589,0.5141176470588236,0.1003584229390681,0.1003584229390681,0.75,0.027888446215139442,56,502,0.1003584229390681,0.1003584229390681,0.1003584229390681,0.1003584229390681,0.08534682690280412,0.07370862323423993,0.14336917562724014,0.1003584229390681,0.1003584229390681,0.1003584229390681,0.1003584229390681,0.1003584229390681,0.1003584229390681,all_holdout_years,0.1003584229390681,0.1003584229390681,0.1003584229390681,0.1003584229390681
0.1,2019,2019-2021,2022-2022,唐山,279,1,1,0.14336917562724014,0.3235294117647059,0.6764705882352942,34,0.88,0.76,25,0.5952941176470589,0.5141176470588236,0.1003584229390681,0.1003584229390681,0.75,0.027888446215139442,56,502,0.1003584229390681,0.1003584229390681,0.1003584229390681,0.1003584229390681,0.08534682690280412,0.07370862323423993,0.14336917562724014,0.1003584229390681,0.1003584229390681,0.1003584229390681,0.1003584229390681,0.1003584229390681,0.1003584229390681,majority_holdout_years,0.1003584229390681,0.1003584229390681,0.1003584229390681,0.1003584229390681
0.1,2019,2019-2021,2022-2022,大连,1515,1,1,0.12475247524752475,0.18497109826589594,0.815028901734104,173,0.9315068493150684,0.8287671232876712,146,0.7592050043550558,0.6754691582864835,0.10033003300330033,0.10033003300330033,0.8618421052631579,0.015407190022010272,304,2726,0.10033003300330033,0.10033003300330033,0.10033003300330033,0.10033003300330033,0.09471270351360102,0.0842664494496009,0.12475247524752475,0.10033003300330033,0.10033003300330033,0.10033003300330033,0.10033003300330033,0.10033003300330033,0.10033003300330033,all_holdout_years,0.10033003300330033,0.10033003300330033,0.10033003300330033,0.10033003300330033
0.1,2019,2019-2021,2022-2022,大连,1515,1,1,0.12475247524752475,0.18497109826589594,0.815028901734104,173,0.9315068493150684,0.8287671232876712,146,0.7592050043550558,0.6754691582864835,0.10033003300330033,0.10033003300330033,0.8618421052631579,0.015407190022010272,304,2726,0.10033003300330033,0.10033003300330033,0.10033003300330033,0.10033003300330033,0.09471270351360102,0.0842664494496009,0.12475247524752475,0.10033003300330033,0.10033003300330033,0.10033003300330033,0.10033003300330033,0.10033003300330033,0.10033003300330033,majority_holdout_years,0.10033003300330033,0.10033003300330033,0.10033003300330033,0.10033003300330033
0.1,2019,2019-2021,2022-2022,天津,3153,1,1,0.12591183000317158,0.1863013698630137,0.8136986301369863,365,0.9102564102564102,0.7660256410256411,312,0.7406743940990516,0.6233140147523709,0.1002220107833809,0.1002220107833809,0.8481012658227848,0.01691928093056045,632,5674,0.1002220107833809,0.1002220107833809,0.1002220107833809,0.1002220107833809,0.0932596683975019,0.07848260826409491,0.12591183000317158,0.1002220107833809,0.1002220107833809,0.1002220107833809,0.1002220107833809,0.1002220107833809,0.1002220107833809,all_holdout_years,0.1002220107833809,0.1002220107833809,0.1002220107833809,0.1002220107833809
0.1,2019,2019-2021,2022-2022,天津,3153,1,1,0.12591183000317158,0.1863013698630137,0.8136986301369863,365,0.9102564102564102,0.7660256410256411,312,0.7406743940990516,0.6233140147523709,0.1002220107833809,0.1002220107833809,0.8481012658227848,0.01691928093056045,632,5674,0.1002220107833809,0.1002220107833809,0.1002220107833809,0.1002220107833809,0.0932596683975019,0.07848260826409491,0.12591183000317158,0.1002220107833809,0.1002220107833809,0.1002220107833809,0.1002220107833809,0.1002220107833809,0.1002220107833809,majority_holdout_years,0.1002220107833809,0.1002220107833809,0.1002220107833809,0.1002220107833809
0.1,2019,2019-2021,2022-2022,太原,480,1,1,0.20208333333333334,0.5540540540540541,0.44594594594594594,74,0.7142857142857143,0.34285714285714286,35,0.31853281853281856,0.15289575289575288,0.1,0.1,0.46875,0.059027777777777776,96,864,0.1,0.1,0.1,0.1,0.06437017374517374,0.0308976833976834,0.20208333333333334,0.1,0.1,0.1,0.1,0.1,0.1,all_holdout_years,0.1,0.1,0.1,0.1
0.1,2019,2019-2021,2022-2022,太原,480,1,1,0.20208333333333334,0.5540540540540541,0.44594594594594594,74,0.7142857142857143,0.34285714285714286,35,0.31853281853281856,0.15289575289575288,0.1,0.1,0.46875,0.059027777777777776,96,864,0.1,0.1,0.1,0.1,0.06437017374517374,0.0308976833976834,0.20208333333333334,0.1,0.1,0.1,0.1,0.1,0.1,majority_holdout_years,0.1,0.1,0.1,0.1
0.1,2019,2019-2021,2022-2022,常州,220,1,1,0.17272727272727273,0.4838709677419355,0.5161290322580645,31,0.8333333333333334,0.5555555555555556,18,0.43010752688172044,0.2867383512544803,0.1,0.1,0.5909090909090909,0.045454545454545456,44,396,0.1,0.1,0.1,0.1,0.07429130009775171,0.04952753339850114,0.17272727272727273,0.1,0.1,0.1,0.1,0.1,0.1,all_holdout_years,0.1,0.1,0.1,0.1
0.1,2019,2019-2021,2022-2022,常州,220,1,1,0.17272727272727273,0.4838709677419355,0.5161290322580645,31,0.8333333333333334,0.5555555555555556,18,0.43010752688172044,0.2867383512544803,0.1,0.1,0.5909090909090909,0.045454545454545456,44,396,0.1,0.1,0.1,0.1,0.07429130009775171,0.04952753339850114,0.17272727272727273,0.1,0.1,0.1,0.1,0.1,0.1,majority_holdout_years,0.1,0.1,0.1,0.1
0.1,2019,2019-2021,2022-2022,廊坊,419,1,1,0.1718377088305489,0.5245901639344263,0.47540983606557374,61,0.8378378378378378,0.4594594594594595,37,0.39831634913602126,0.21843154630039877,0.10023866348448687,0.10023866348448687,0.5476190476190477,0.050397877984084884,84,754,0.10023866348448687,0.10023866348448687,0.10023866348448687,0.10023866348448687,0.06844576882528287,0.037534776452574484,0.1718377088305489,0.10023866348448687,0.10023866348448687,0.10023866348448687,0.10023866348448687,0.10023866348448687,0.10023866348448687,all_holdout_years,0.10023866348448687,0.10023866348448687,0.10023866348448687,0.10023866348448687
0.1,2019,2019-2021,2022-2022,廊坊,419,1,1,0.1718377088305489,0.5245901639344263,0.47540983606557374,61,0.8378378378378378,0.4594594594594595,37,0.39831634913602126,0.21843154630039877,0.10023866348448687,0.10023866348448687,0.5476190476190477,0.050397877984084884,84,754,0.10023866348448687,0.10023866348448687,0.10023866348448687,0.10023866348448687,0.06844576882528287,0.037534776452574484,0.1718377088305489,0.10023866348448687,0.10023866348448687,0.10023866348448687,0.10023866348448687,0.10023866348448687,0.10023866348448687,majority_holdout_years,0.10023866348448687,0.10023866348448687,0.10023866348448687,0.10023866348448687
0.1,2019,2019-2021,2022-2022,张家口,129,1,1,0.13953488372093023,0.3125,0.6875,16,0.9166666666666666,0.75,12,0.6302083333333333,0.515625,0.10077519379844961,0.10077519379844961,0.7692307692307693,0.02586206896551724,26,232,0.10077519379844961,0.10077519379844961,0.10077519379844961,0.10077519379844961,0.08793604651162791,0.07194767441860465,0.13953488372093023,0.10077519379844961,0.10077519379844961,0.10077519379844961,0.10077519379844961,0.10077519379844961,0.10077519379844961,all_holdout_years,0.10077519379844961,0.10077519379844961,0.10077519379844961,0.10077519379844961
0.1,2019,2019-2021,2022-2022,张家口,129,1,1,0.13953488372093023,0.3125,0.6875,16,0.9166666666666666,0.75,12,0.6302083333333333,0.515625,0.10077519379844961,0.10077519379844961,0.7692307692307693,0.02586206896551724,26,232,0.10077519379844961,0.10077519379844961,0.10077519379844961,0.10077519379844961,0.08793604651162791,0.07194767441860465,0.13953488372093023,0.10077519379844961,0.10077519379844961,0.10077519379844961,0.10077519379844961,0.10077519379844961,0.10077519379844961,majority_holdout_years,0.10077519379844961,0.10077519379844961,0.10077519379844961,0.10077519379844961
0.1,2019,2019-2021,2022-2022,徐州,468,1,1,0.16452991452991453,0.5,0.5,64,0.918918918918919,0.7297297297297297,37,0.4594594594594595,0.36486486486486486,0.10042735042735043,0.10042735042735043,0.6276595744680851,0.04156769596199525,94,842,0.10042735042735043,0.10042735042735043,0.10042735042735043,0.10042735042735043,0.0755948255948256,0.06003118503118503,0.16452991452991453,0.10042735042735043,0.10042735042735043,0.10042735042735043,0.10042735042735043,0.10042735042735043,0.10042735042735043,all_holdout_years,0.10042735042735043,0.10042735042735043,0.10042735042735043,0.10042735042735043
0.1,2019,2019-2021,2022-2022,徐州,468,1,1,0.16452991452991453,0.5,0.5,64,0.918918918918919,0.7297297297297297,37,0.4594594594594595,0.36486486486486486,0.10042735042735043,0.10042735042735043,0.6276595744680851,0.04156769596199525,94,842,0.10042735042735043,0.10042735042735043,0.10042735042735043,0.10042735042735043,0.0755948255948256,0.06003118503118503,0.16452991452991453,0.10042735042735043,0.10042735042735043,0.10042735042735043,0.10042735042735043,0.10042735042735043,0.10042735042735043,majority_holdout_years,0.10042735042735043,0.10042735042735043,0.10042735042735043,0.10042735042735043
0.1,2019,2019-2021,2022-2022,无锡,632,1,1,0.1629746835443038,0.3333333333333333,0.6666666666666667,84,0.7758620689655172,0.5344827586206896,58,0.5172413793103449,0.3563218390804598,0.10126582278481013,0.10126582278481013,0.6796875,0.03609154929577465,128,1136,0.10126582278481013,0.10126582278481013,0.10126582278481013,0.10126582278481013,0.08429725010912267,0.05807143896406228,0.1629746835443038,0.10126582278481013,0.10126582278481013,0.10126582278481013,0.10126582278481013,0.10126582278481011,0.10126582278481011,all_holdout_years,0.10126582278481013,0.10126582278481013,0.10126582278481013,0.10126582278481011
0.1,2019,2019-2021,2022-2022,无锡,632,1,1,0.1629746835443038,0.3333333333333333,0.6666666666666667,84,0.7758620689655172,0.5344827586206896,58,0.5172413793103449,0.3563218390804598,0.10126582278481013,0.10126582278481013,0.6796875,0.03609154929577465,128,1136,0.10126582278481013,0.10126582278481013,0.10126582278481013,0.10126582278481013,0.08429725010912267,0.05807143896406228,0.1629746835443038,0.10126582278481013,0.10126582278481013,0.10126582278481013,0.10126582278481013,0.10126582278481011,0.10126582278481011,majority_holdout_years,0.10126582278481013,0.10126582278481013,0.10126582278481013,0.10126582278481011
0.1,2019,2019-2021,2022-2022,沈阳,1142,1,1,0.1637478108581436,0.4064516129032258,0.5935483870967742,155,0.7830188679245284,0.49056603773584906,106,0.4647595861229458,0.29117468046256845,0.10070052539404553,0.10070052539404553,0.6260869565217392,0.04186952288218111,230,2054,0.10070052539404553,0.10070052539404553,0.10070052539404553,0.10070052539404553,0.07610336480296924,0.047679216503065065,0.1637478108581436,0.10070052539404553,0.10070052539404553,0.10070052539404553,0.10070052539404553,0.10070052539404553,0.10070052539404553,all_holdout_years,0.10070052539404553,0.10070052539404553,0.10070052539404553,0.10070052539404553
0.1,2019,2019-2021,2022-2022,沈阳,1142,1,1,0.1637478108581436,0.4064516129032258,0.5935483870967742,155,0.7830188679245284,0.49056603773584906,106,0.4647595861229458,0.29117468046256845,0.10070052539404553,0.10070052539404553,0.6260869565217392,0.04186952288218111,230,2054,0.10070052539404553,0.10070052539404553,0.10070052539404553,0.10070052539404553,0.07610336480296924,0.047679216503065065,0.1637478108581436,0.10070052539404553,0.10070052539404553,0.10070052539404553,0.10070052539404553,0.10070052539404553,0.10070052539404553,majority_holdout_years,0.10070052539404553,0.10070052539404553,0.10070052539404553,0.10070052539404553
0.1,2019,2019-2021,2022-2022,石家庄,773,1,1,0.12289780077619664,0.11764705882352941,0.8823529411764706,85,0.9066666666666666,0.8533333333333334,75,0.7999999999999999,0.7529411764705882,0.10090556274256145,0.10090556274256145,0.8910256410256411,0.01223021582733813,156,1390,0.10090556274256145,0.10090556274256145,0.10090556274256145,0.10090556274256145,0.0983182406209573,0.09253481470207747,0.12289780077619664,0.10090556274256145,0.10090556274256145,0.10090556274256145,0.10090556274256145,0.10090556274256145,0.10090556274256145,all_holdout_years,0.10090556274256145,0.10090556274256145,0.10090556274256145,0.10090556274256145
0.1,2019,2019-2021,2022-2022,石家庄,773,1,1,0.12289780077619664,0.11764705882352941,0.8823529411764706,85,0.9066666666666666,0.8533333333333334,75,0.7999999999999999,0.7529411764705882,0.10090556274256145,0.10090556274256145,0.8910256410256411,0.01223021582733813,156,1390,0.10090556274256145,0.10090556274256145,0.10090556274256145,0.10090556274256145,0.0983182406209573,0.09253481470207747,0.12289780077619664,0.10090556274256145,0.10090556274256145,0.10090556274256145,0.10090556274256145,0.10090556274256145,0.10090556274256145,majority_holdout_years,0.10090556274256145,0.10090556274256145,0.10090556274256145,0.10090556274256145
0.1,2019,2019-2021,2022-2022,长春,580,1,1,0.1879310344827586,0.5465116279069767,0.4534883720930233,86,0.7142857142857143,0.32653061224489793,49,0.3239202657807309,0.14807783578547698,0.1,0.1,0.47413793103448276,0.05842911877394636,116,1044,0.1,0.1,0.1,0.1,0.060874670638102875,0.027828420863132742,0.1879310344827586,0.1,0.1,0.1,0.1,0.1,0.1,all_holdout_years,0.1,0.1,0.1,0.1
0.1,2019,2019-2021,2022-2022,长春,580,1,1,0.1879310344827586,0.5465116279069767,0.4534883720930233,86,0.7142857142857143,0.32653061224489793,49,0.3239202657807309,0.14807783578547698,0.1,0.1,0.47413793103448276,0.05842911877394636,116,1044,0.1,0.1,0.1,0.1,0.060874670638102875,0.027828420863132742,0.1879310344827586,0.1,0.1,0.1,0.1,0.1,0.1,majority_holdout_years,0.1,0.1,0.1,0.1
0.1,2011,2011-2013,2014-2015,北京,2236,2,2,0.1440071556350626,0.3263888888888889,0.6736111111111112,288,0.9134615384615384,0.6826923076923077,208,0.6153178418803419,0.459869123931624,0.1001788908765653,0.1001788908765653,0.75,0.027833001988071572,448,4024,0.08407871198568873,0.08407871198568873,0.11627906976744186,0.1001788908765653,0.08861017222069326,0.06622444450178128,0.1440071556350626,0.010035810177258778,0.010035810177258778,0.07513416815742398,0.07513416815742398,0.07513416815742398,0.07513416815742398,all_holdout_years,0.08407871198568873,0.010035810177258778,0.07513416815742398,0.07513416815742398
0.1,2011,2011-2013,2014-2015,北京,2236,2,2,0.1440071556350626,0.3263888888888889,0.6736111111111112,288,0.9134615384615384,0.6826923076923077,208,0.6153178418803419,0.459869123931624,0.1001788908765653,0.1001788908765653,0.75,0.027833001988071572,448,4024,0.08407871198568873,0.08407871198568873,0.11627906976744186,0.1001788908765653,0.08861017222069326,0.06622444450178128,0.1440071556350626,0.010035810177258778,0.010035810177258778,0.07513416815742398,0.07513416815742398,0.07513416815742398,0.07513416815742398,majority_holdout_years,0.08407871198568873,0.010035810177258778,0.07513416815742398,0.07513416815742398
0.1,2012,2012-2014,2015-2016,上海,55,2,2,0.23636363636363636,0.7,0.30000000000000004,10,1.0,0.6666666666666666,3,0.30000000000000004,0.2,0.10909090909090909,0.10909090909090909,0.4166666666666667,0.07142857142857142,12,98,0.07272727272727272,0.07272727272727272,0.14545454545454545,0.10909090909090909,0.07090909090909092,0.04727272727272728,0.23636363636363636,0.011900826446280991,0.011900826446280991,0.045454545454545456,0.045454545454545456,0.045454545454545456,0.045454545454545456,all_holdout_years,0.07272727272727272,0.011900826446280991,0.045454545454545456,0.045454545454545456
0.1,2012,2012-2014,2015-2016,上海,55,2,2,0.23636363636363636,0.7,0.30000000000000004,10,1.0,0.6666666666666666,3,0.30000000000000004,0.2,0.10909090909090909,0.10909090909090909,0.4166666666666667,0.07142857142857142,12,98,0.07272727272727272,0.07272727272727272,0.14545454545454545,0.10909090909090909,0.07090909090909092,0.04727272727272728,0.23636363636363636,0.011900826446280991,0.011900826446280991,0.045454545454545456,0.045454545454545456,0.045454545454545456,0.045454545454545456,majority_holdout_years,0.07272727272727272,0.011900826446280991,0.045454545454545456,0.045454545454545456
0.1,2012,2012-2014,2015-2016,北京,3764,2,2,0.13257173219978746,0.2782608695652174,0.7217391304347827,460,0.931129476584022,0.7410468319559229,363,0.6720325787519463,0.5348424961073183,0.10015940488841658,0.10015940488841658,0.7970822281167109,0.022586359610274578,754,6774,0.06987247608926674,0.06987247608926674,0.13044633368756642,0.10015940488841658,0.08909252305983562,0.07090499616300527,0.13257173219978746,0.010031906387601769,0.010031906387601769,0.07983528161530287,0.07983528161530287,0.07983528161530287,0.07983528161530287,all_holdout_years,0.06987247608926674,0.010031906387601769,0.07983528161530287,0.07983528161530287
0.1,2012,2012-2014,2015-2016,北京,3764,2,2,0.13257173219978746,0.2782608695652174,0.7217391304347827,460,0.931129476584022,0.7410468319559229,363,0.6720325787519463,0.5348424961073183,0.10015940488841658,0.10015940488841658,0.7970822281167109,0.022586359610274578,754,6774,0.06987247608926674,0.06987247608926674,0.13044633368756642,0.10015940488841658,0.08909252305983562,0.07090499616300527,0.13257173219978746,0.010031906387601769,0.010031906387601769,0.07983528161530287,0.07983528161530287,0.07983528161530287,0.07983528161530287,majority_holdout_years,0.06987247608926674,0.010031906387601769,0.07983528161530287,0.07983528161530287
0.1,2012,2012-2014,2015-2016,南京,240,2,2,0.2,0.6153846153846154,0.3846153846153846,39,0.7894736842105263,0.2631578947368421,19,0.30364372469635625,0.10121457489878541,0.1,0.1,0.4166666666666667,0.06481481481481481,48,432,0.058333333333333334,0.058333333333333334,0.14166666666666666,0.1,0.06072874493927126,0.020242914979757085,0.2,0.010000000000000002,0.010000000000000002,0.04166666666666667,0.04166666666666667,0.04166666666666667,0.04166666666666667,all_holdout_years,0.058333333333333334,0.010000000000000002,0.04166666666666667,0.04166666666666667
0.1,2012,2012-2014,2015-2016,南京,240,2,2,0.2,0.6153846153846154,0.3846153846153846,39,0.7894736842105263,0.2631578947368421,19,0.30364372469635625,0.10121457489878541,0.1,0.1,0.4166666666666667,0.06481481481481481,48,432,0.058333333333333334,0.058333333333333334,0.14166666666666666,0.1,0.06072874493927126,0.020242914979757085,0.2,0.010000000000000002,0.010000000000000002,0.04166666666666667,0.04166666666666667,0.04166666666666667,0.04166666666666667,majority_holdout_years,0.058333333333333334,0.010000000000000002,0.04166666666666667,0.04166666666666667
0.1,2012,2012-2014,2015-2016,天津,23,2,2,0.21739130434782608,0.6,0.4,5,1.0,0.3333333333333333,3,0.4,0.13333333333333333,0.13043478260869565,0.13043478260869565,0.5,0.075,6,40,0.13043478260869565,0.13043478260869565,0.13043478260869565,0.13043478260869565,0.08695652173913043,0.02898550724637681,0.21739130434782608,0.017013232514177693,0.017013232514177693,0.06521739130434782,0.06521739130434782,0.06521739130434782,0.06521739130434782,all_holdout_years,0.13043478260869565,0.017013232514177693,0.06521739130434782,0.06521739130434782
0.1,2012,2012-2014,2015-2016,天津,23,2,2,0.21739130434782608,0.6,0.4,5,1.0,0.3333333333333333,3,0.4,0.13333333333333333,0.13043478260869565,0.13043478260869565,0.5,0.075,6,40,0.13043478260869565,0.13043478260869565,0.13043478260869565,0.13043478260869565,0.08695652173913043,0.02898550724637681,0.21739130434782608,0.017013232514177693,0.017013232514177693,0.06521739130434782,0.06521739130434782,0.06521739130434782,0.06521739130434782,majority_holdout_years,0.13043478260869565,0.017013232514177693,0.06521739130434782,0.06521739130434782
0.1,2013,2013-2015,2016-2017,上海,89,2,2,0.20224719101123595,0.6,0.4,15,1.0,0.5,6,0.4,0.2,0.10112359550561797,0.10112359550561797,0.5,0.05625,18,160,0.0449438202247191,0.0449438202247191,0.15730337078651685,0.10112359550561797,0.08089887640449439,0.040449438202247195,0.20224719101123595,0.010225981567983839,0.010225981567983839,0.05056179775280899,0.05056179775280899,0.05056179775280899,0.05056179775280899,all_holdout_years,0.0449438202247191,0.010225981567983839,0.05056179775280899,0.05056179775280899
0.1,2013,2013-2015,2016-2017,上海,89,2,2,0.20224719101123595,0.6,0.4,15,1.0,0.5,6,0.4,0.2,0.10112359550561797,0.10112359550561797,0.5,0.05625,18,160,0.0449438202247191,0.0449438202247191,0.15730337078651685,0.10112359550561797,0.08089887640449439,0.040449438202247195,0.20224719101123595,0.010225981567983839,0.010225981567983839,0.05056179775280899,0.05056179775280899,0.05056179775280899,0.05056179775280899,majority_holdout_years,0.0449438202247191,0.010225981567983839,0.05056179775280899,0.05056179775280899
0.1,2013,2013-2015,2016-2017,北京,4057,2,2,0.13063840276066058,0.25357873210633947,0.7464212678936606,489,0.9217171717171717,0.7373737373737373,396,0.6879892999524901,0.5503914399619921,0.10007394626571359,0.10007394626571359,0.8091133004926109,0.021227061079156395,812,7302,0.07616465368498891,0.07616465368498891,0.12398323884643825,0.10007394626571359,0.08987782326221833,0.07190225860977466,0.13063840276066058,0.01001479472119293,0.01001479472119293,0.08097116095637172,0.08097116095637172,0.08097116095637172,0.08097116095637172,all_holdout_years,0.07616465368498891,0.01001479472119293,0.08097116095637172,0.08097116095637172
0.1,2013,2013-2015,2016-2017,北京,4057,2,2,0.13063840276066058,0.25357873210633947,0.7464212678936606,489,0.9217171717171717,0.7373737373737373,396,0.6879892999524901,0.5503914399619921,0.10007394626571359,0.10007394626571359,0.8091133004926109,0.021227061079156395,812,7302,0.07616465368498891,0.07616465368498891,0.12398323884643825,0.10007394626571359,0.08987782326221833,0.07190225860977466,0.13063840276066058,0.01001479472119293,0.01001479472119293,0.08097116095637172,0.08097116095637172,0.08097116095637172,0.08097116095637172,majority_holdout_years,0.07616465368498891,0.01001479472119293,0.08097116095637172,0.08097116095637172
0.1,2013,2013-2015,2016-2017,南京,429,2,2,0.1888111888111888,0.5522388059701493,0.4477611940298507,67,0.8529411764705882,0.4117647058823529,34,0.3819139596136962,0.18437225636523263,0.10023310023310024,0.10023310023310024,0.5116279069767442,0.054404145077720206,86,772,0.04428904428904429,0.04428904428904429,0.1561771561771562,0.10023310023310024,0.07210962873825032,0.03481154490812084,0.1888111888111888,0.01004667438233872,0.01004667438233872,0.05128205128205129,0.05128205128205129,0.05128205128205128,0.05128205128205128,all_holdout_years,0.04428904428904429,0.01004667438233872,0.05128205128205129,0.05128205128205128
0.1,2013,2013-2015,2016-2017,南京,429,2,2,0.1888111888111888,0.5522388059701493,0.4477611940298507,67,0.8529411764705882,0.4117647058823529,34,0.3819139596136962,0.18437225636523263,0.10023310023310024,0.10023310023310024,0.5116279069767442,0.054404145077720206,86,772,0.04428904428904429,0.04428904428904429,0.1561771561771562,0.10023310023310024,0.07210962873825032,0.03481154490812084,0.1888111888111888,0.01004667438233872,0.01004667438233872,0.05128205128205129,0.05128205128205129,0.05128205128205128,0.05128205128205128,majority_holdout_years,0.04428904428904429,0.01004667438233872,0.05128205128205129,0.05128205128205128
0.1,2013,2013-2015,2016-2017,大连,28,2,2,0.14285714285714285,0.25,0.75,4,0.75,0.25,4,0.5625,0.1875,0.10714285714285714,0.10714285714285714,0.6666666666666666,0.04,6,50,0.10714285714285714,0.10714285714285714,0.10714285714285714,0.10714285714285714,0.08035714285714285,0.026785714285714284,0.14285714285714285,0.011479591836734693,0.011479591836734693,0.07142857142857142,0.07142857142857142,0.07142857142857142,0.07142857142857142,all_holdout_years,0.10714285714285714,0.011479591836734693,0.07142857142857142,0.07142857142857142
0.1,2013,2013-2015,2016-2017,大连,28,2,2,0.14285714285714285,0.25,0.75,4,0.75,0.25,4,0.5625,0.1875,0.10714285714285714,0.10714285714285714,0.6666666666666666,0.04,6,50,0.10714285714285714,0.10714285714285714,0.10714285714285714,0.10714285714285714,0.08035714285714285,0.026785714285714284,0.14285714285714285,0.011479591836734693,0.011479591836734693,0.07142857142857142,0.07142857142857142,0.07142857142857142,0.07142857142857142,majority_holdout_years,0.10714285714285714,0.011479591836734693,0.07142857142857142,0.07142857142857142
0.1,2013,2013-2015,2016-2017,天津,256,2,2,0.15234375,0.3333333333333333,0.6666666666666667,33,0.9090909090909091,0.7727272727272727,22,0.6060606060606061,0.5151515151515152,0.1015625,0.1015625,0.75,0.02826086956521739,52,460,0.0625,0.0625,0.140625,0.1015625,0.09232954545454547,0.07848011363636365,0.15234375,0.01031494140625,0.01031494140625,0.076171875,0.076171875,0.076171875,0.076171875,all_holdout_years,0.0625,0.01031494140625,0.076171875,0.076171875
0.1,2013,2013-2015,2016-2017,天津,256,2,2,0.15234375,0.3333333333333333,0.6666666666666667,33,0.9090909090909091,0.7727272727272727,22,0.6060606060606061,0.5151515151515152,0.1015625,0.1015625,0.75,0.02826086956521739,52,460,0.0625,0.0625,0.140625,0.1015625,0.09232954545454547,0.07848011363636365,0.15234375,0.01031494140625,0.01031494140625,0.076171875,0.076171875,0.076171875,0.076171875,majority_holdout_years,0.0625,0.01031494140625,0.076171875,0.076171875
0.1,2014,2014-2016,2017-2018,上海,206,2,2,0.16990291262135923,0.41379310344827586,0.5862068965517242,29,0.75,0.4,20,0.43965517241379315,0.23448275862068968,0.10194174757281553,0.10194174757281553,0.5952380952380952,0.04594594594594595,42,370,0.06796116504854369,0.06796116504854369,0.13592233009708737,0.10194174757281553,0.07469869434214932,0.03983930364914631,0.16990291262135923,0.010392119898199641,0.010392119898199641,0.06067961165048543,0.06067961165048543,0.06067961165048543,0.06067961165048543,all_holdout_years,0.06796116504854369,0.010392119898199641,0.06067961165048543,0.06067961165048543
0.1,2014,2014-2016,2017-2018,上海,206,2,2,0.16990291262135923,0.41379310344827586,0.5862068965517242,29,0.75,0.4,20,0.43965517241379315,0.23448275862068968,0.10194174757281553,0.10194174757281553,0.5952380952380952,0.04594594594594595,42,370,0.06796116504854369,0.06796116504854369,0.13592233009708737,0.10194174757281553,0.07469869434214932,0.03983930364914631,0.16990291262135923,0.010392119898199641,0.010392119898199641,0.06067961165048543,0.06067961165048543,0.06067961165048543,0.06067961165048543,majority_holdout_years,0.06796116504854369,0.010392119898199641,0.06067961165048543,0.06067961165048543
0.1,2014,2014-2016,2017-2018,北京,4285,2,2,0.14282380396732788,0.1976284584980237,0.8023715415019763,506,0.76,0.5882352941176471,425,0.609802371541502,0.4719832597070449,0.1001166861143524,0.1001166861143524,0.7645687645687645,0.026192946058091287,858,7712,0.08564760793465577,0.08564760793465577,0.11458576429404901,0.1001166861143524,0.08709429437185512,0.06741044456025938,0.14282380396732788,0.010023350838519763,0.010023350838519763,0.0765460910151692,0.0765460910151692,0.0765460910151692,0.0765460910151692,all_holdout_years,0.08564760793465577,0.010023350838519763,0.0765460910151692,0.0765460910151692
0.1,2014,2014-2016,2017-2018,北京,4285,2,2,0.14282380396732788,0.1976284584980237,0.8023715415019763,506,0.76,0.5882352941176471,425,0.609802371541502,0.4719832597070449,0.1001166861143524,0.1001166861143524,0.7645687645687645,0.026192946058091287,858,7712,0.08564760793465577,0.08564760793465577,0.11458576429404901,0.1001166861143524,0.08709429437185512,0.06741044456025938,0.14282380396732788,0.010023350838519763,0.010023350838519763,0.0765460910151692,0.0765460910151692,0.0765460910151692,0.0765460910151692,majority_holdout_years,0.08564760793465577,0.010023350838519763,0.0765460910151692,0.0765460910151692
0.1,2014,2014-2016,2017-2018,南京,553,2,2,0.1844484629294756,0.5121951219512195,0.4878048780487805,82,0.72,0.32,50,0.35121951219512193,0.15609756097560976,0.10126582278481013,0.10126582278481013,0.5,0.056338028169014086,112,994,0.054249547920433995,0.054249547920433995,0.14828209764918626,0.10126582278481013,0.06478189917523045,0.02879195518899131,0.1844484629294756,0.01025476686428457,0.01025476686428457,0.05063291139240506,0.05063291139240506,0.05063291139240506,0.05063291139240506,all_holdout_years,0.054249547920433995,0.01025476686428457,0.05063291139240506,0.05063291139240506
0.1,2014,2014-2016,2017-2018,南京,553,2,2,0.1844484629294756,0.5121951219512195,0.4878048780487805,82,0.72,0.32,50,0.35121951219512193,0.15609756097560976,0.10126582278481013,0.10126582278481013,0.5,0.056338028169014086,112,994,0.054249547920433995,0.054249547920433995,0.14828209764918626,0.10126582278481013,0.06478189917523045,0.02879195518899131,0.1844484629294756,0.01025476686428457,0.01025476686428457,0.05063291139240506,0.05063291139240506,0.05063291139240506,0.05063291139240506,majority_holdout_years,0.054249547920433995,0.01025476686428457,0.05063291139240506,0.05063291139240506
0.1,2014,2014-2016,2017-2018,大连,126,2,2,0.15079365079365079,0.3888888888888889,0.6111111111111112,18,1.0,0.6666666666666666,12,0.6111111111111112,0.40740740740740744,0.10317460317460317,0.10317460317460317,0.7307692307692307,0.030973451327433628,26,226,0.07936507936507936,0.07936507936507936,0.12698412698412698,0.10317460317460317,0.09215167548500883,0.06143445032333922,0.15079365079365079,0.010644998740236835,0.010644998740236835,0.07539682539682539,0.07539682539682539,0.07539682539682539,0.07539682539682539,all_holdout_years,0.07936507936507936,0.010644998740236835,0.07539682539682539,0.07539682539682539
0.1,2014,2014-2016,2017-2018,大连,126,2,2,0.15079365079365079,0.3888888888888889,0.6111111111111112,18,1.0,0.6666666666666666,12,0.6111111111111112,0.40740740740740744,0.10317460317460317,0.10317460317460317,0.7307692307692307,0.030973451327433628,26,226,0.07936507936507936,0.07936507936507936,0.12698412698412698,0.10317460317460317,0.09215167548500883,0.06143445032333922,0.15079365079365079,0.010644998740236835,0.010644998740236835,0.07539682539682539,0.07539682539682539,0.07539682539682539,0.07539682539682539,majority_holdout_years,0.07936507936507936,0.010644998740236835,0.07539682539682539,0.07539682539682539
0.1,2014,2014-2016,2017-2018,天津,746,2,2,0.15013404825737264,0.3368421052631579,0.6631578947368422,95,0.8285714285714286,0.6142857142857143,70,0.5494736842105264,0.40736842105263166,0.10053619302949061,0.10053619302949061,0.7066666666666667,0.03278688524590164,150,1342,0.06702412868632708,0.06702412868632708,0.13404825737265416,0.10053619302949061,0.08249470862141951,0.0611598701848455,0.15013404825737264,0.010107526108862997,0.010107526108862997,0.0710455764075067,0.0710455764075067,0.0710455764075067,0.0710455764075067,all_holdout_years,0.06702412868632708,0.010107526108862997,0.0710455764075067,0.0710455764075067
0.1,2014,2014-2016,2017-2018,天津,746,2,2,0.15013404825737264,0.3368421052631579,0.6631578947368422,95,0.8285714285714286,0.6142857142857143,70,0.5494736842105264,0.40736842105263166,0.10053619302949061,0.10053619302949061,0.7066666666666667,0.03278688524590164,150,1342,0.06702412868632708,0.06702412868632708,0.13404825737265416,0.10053619302949061,0.08249470862141951,0.0611598701848455,0.15013404825737264,0.010107526108862997,0.010107526108862997,0.0710455764075067,0.0710455764075067,0.0710455764075067,0.0710455764075067,majority_holdout_years,0.06702412868632708,0.010107526108862997,0.0710455764075067,0.0710455764075067
0.1,2014,2014-2016,2017-2018,廊坊,46,2,2,0.17391304347826086,0.16666666666666666,0.8333333333333334,6,0.5,0.16666666666666666,6,0.4166666666666667,0.1388888888888889,0.10869565217391304,0.10869565217391304,0.6,0.04878048780487805,10,82,0.043478260869565216,0.043478260869565216,0.17391304347826086,0.10869565217391304,0.07246376811594203,0.024154589371980676,0.17391304347826086,0.011814744801512287,0.011814744801512287,0.06521739130434782,0.06521739130434782,0.06521739130434782,0.06521739130434782,all_holdout_years,0.043478260869565216,0.011814744801512287,0.06521739130434782,0.06521739130434782
0.1,2014,2014-2016,2017-2018,廊坊,46,2,2,0.17391304347826086,0.16666666666666666,0.8333333333333334,6,0.5,0.16666666666666666,6,0.4166666666666667,0.1388888888888889,0.10869565217391304,0.10869565217391304,0.6,0.04878048780487805,10,82,0.043478260869565216,0.043478260869565216,0.17391304347826086,0.10869565217391304,0.07246376811594203,0.024154589371980676,0.17391304347826086,0.011814744801512287,0.011814744801512287,0.06521739130434782,0.06521739130434782,0.06521739130434782,0.06521739130434782,majority_holdout_years,0.043478260869565216,0.011814744801512287,0.06521739130434782,0.06521739130434782
0.1,2015,2015-2017,2018-2019,上海,687,2,2,0.16593886462882096,0.4536082474226804,0.5463917525773196,97,0.8524590163934426,0.5245901639344263,61,0.4657765759675511,0.2866317390569546,0.10043668122270742,0.10043668122270742,0.6159420289855072,0.04288025889967637,138,1236,0.08151382823871907,0.08151382823871907,0.11935953420669577,0.10043668122270742,0.07729043618675521,0.04756334534569552,0.16593886462882096,0.01008752693503175,0.01008752693503175,0.061863173216885003,0.061863173216885003,0.061863173216885,0.061863173216885,all_holdout_years,0.08151382823871907,0.01008752693503175,0.061863173216885003,0.061863173216885
0.1,2015,2015-2017,2018-2019,上海,687,2,2,0.16593886462882096,0.4536082474226804,0.5463917525773196,97,0.8524590163934426,0.5245901639344263,61,0.4657765759675511,0.2866317390569546,0.10043668122270742,0.10043668122270742,0.6159420289855072,0.04288025889967637,138,1236,0.08151382823871907,0.08151382823871907,0.11935953420669577,0.10043668122270742,0.07729043618675521,0.04756334534569552,0.16593886462882096,0.01008752693503175,0.01008752693503175,0.061863173216885003,0.061863173216885003,0.061863173216885,0.061863173216885,majority_holdout_years,0.08151382823871907,0.01008752693503175,0.061863173216885003,0.061863173216885
0.1,2015,2015-2017,2018-2019,北京,4865,2,2,0.13484069886947586,0.2928452579034942,0.7071547420965059,601,0.9310344827586207,0.7349137931034483,464,0.6583854495381262,0.5196977738252339,0.1001027749229188,0.1001027749229188,0.7864476386036962,0.02375513933302878,974,8756,0.08776978417266187,0.08776978417266187,0.11243576567317574,0.1001027749229188,0.08877715414121495,0.07007641102350533,0.13484069886947586,0.010020565547268542,0.010020565547268542,0.07872559095580678,0.07872559095580678,0.07872559095580678,0.07872559095580678,all_holdout_years,0.08776978417266187,0.010020565547268542,0.07872559095580678,0.07872559095580678
0.1,2015,2015-2017,2018-2019,北京,4865,2,2,0.13484069886947586,0.2928452579034942,0.7071547420965059,601,0.9310344827586207,0.7349137931034483,464,0.6583854495381262,0.5196977738252339,0.1001027749229188,0.1001027749229188,0.7864476386036962,0.02375513933302878,974,8756,0.08776978417266187,0.08776978417266187,0.11243576567317574,0.1001027749229188,0.08877715414121495,0.07007641102350533,0.13484069886947586,0.010020565547268542,0.010020565547268542,0.07872559095580678,0.07872559095580678,0.07872559095580678,0.07872559095580678,majority_holdout_years,0.08776978417266187,0.010020565547268542,0.07872559095580678,0.07872559095580678
0.1,2015,2015-2017,2018-2019,南京,1003,2,2,0.16550348953140578,0.49640287769784175,0.5035971223021583,139,0.8505747126436781,0.5747126436781609,87,0.42834697759034146,0.28942363350698747,0.10069790628115653,0.10069790628115653,0.594059405940594,0.045454545454545456,202,1804,0.08574277168494517,0.08574277168494517,0.1156530408773679,0.10069790628115653,0.07089291952143238,0.047900621298265125,0.16550348953140578,0.010140068329408584,0.010140068329408584,0.05982053838484546,0.05982053838484546,0.05982053838484546,0.05982053838484546,all_holdout_years,0.08574277168494517,0.010140068329408584,0.05982053838484546,0.05982053838484546
0.1,2015,2015-2017,2018-2019,南京,1003,2,2,0.16550348953140578,0.49640287769784175,0.5035971223021583,139,0.8505747126436781,0.5747126436781609,87,0.42834697759034146,0.28942363350698747,0.10069790628115653,0.10069790628115653,0.594059405940594,0.045454545454545456,202,1804,0.08574277168494517,0.08574277168494517,0.1156530408773679,0.10069790628115653,0.07089291952143238,0.047900621298265125,0.16550348953140578,0.010140068329408584,0.010140068329408584,0.05982053838484546,0.05982053838484546,0.05982053838484546,0.05982053838484546,majority_holdout_years,0.08574277168494517,0.010140068329408584,0.05982053838484546,0.05982053838484546
0.1,2015,2015-2017,2018-2019,大连,766,2,2,0.13185378590078328,0.23655913978494625,0.7634408602150538,93,0.9078947368421053,0.7105263157894737,76,0.6931239388794568,0.5424448217317487,0.10052219321148825,0.10052219321148825,0.8116883116883117,0.02104499274310595,154,1378,0.09138381201044386,0.09138381201044386,0.10966057441253264,0.10052219321148825,0.09139101543971949,0.07152340338760656,0.13185378590078328,0.010104711328047775,0.010104711328047775,0.08159268929503917,0.08159268929503917,0.08159268929503917,0.08159268929503917,all_holdout_years,0.09138381201044386,0.010104711328047775,0.08159268929503917,0.08159268929503917
0.1,2015,2015-2017,2018-2019,大连,766,2,2,0.13185378590078328,0.23655913978494625,0.7634408602150538,93,0.9078947368421053,0.7105263157894737,76,0.6931239388794568,0.5424448217317487,0.10052219321148825,0.10052219321148825,0.8116883116883117,0.02104499274310595,154,1378,0.09138381201044386,0.09138381201044386,0.10966057441253264,0.10052219321148825,0.09139101543971949,0.07152340338760656,0.13185378590078328,0.010104711328047775,0.010104711328047775,0.08159268929503917,0.08159268929503917,0.08159268929503917,0.08159268929503917,majority_holdout_years,0.09138381201044386,0.010104711328047775,0.08159268929503917,0.08159268929503917
0.1,2015,2015-2017,2018-2019,天津,1359,2,2,0.15011037527593818,0.37777777777777777,0.6222222222222222,180,0.896,0.632,125,0.5575111111111112,0.39324444444444445,0.10007358351729213,0.10007358351729213,0.7022058823529411,0.03311529026982829,272,2446,0.08314937454010302,0.08314937454010302,0.11699779249448124,0.10007358351729213,0.08368820210939416,0.05903007113073338,0.15011037527593818,0.010014722117992444,0.010014722117992444,0.07027225901398086,0.07027225901398086,0.07027225901398086,0.07027225901398086,all_holdout_years,0.08314937454010302,0.010014722117992444,0.07027225901398086,0.07027225901398086
0.1,2015,2015-2017,2018-2019,天津,1359,2,2,0.15011037527593818,0.37777777777777777,0.6222222222222222,180,0.896,0.632,125,0.5575111111111112,0.39324444444444445,0.10007358351729213,0.10007358351729213,0.7022058823529411,0.03311529026982829,272,2446,0.08314937454010302,0.08314937454010302,0.11699779249448124,0.10007358351729213,0.08368820210939416,0.05903007113073338,0.15011037527593818,0.010014722117992444,0.010014722117992444,0.07027225901398086,0.07027225901398086,0.07027225901398086,0.07027225901398086,majority_holdout_years,0.08314937454010302,0.010014722117992444,0.07027225901398086,0.07027225901398086
0.1,2015,2015-2017,2018-2019,廊坊,64,2,2,0.203125,0.5,0.5,10,0.6666666666666666,0.3333333333333333,6,0.3333333333333333,0.16666666666666666,0.109375,0.109375,0.5,0.06140350877192982,14,114,0.078125,0.078125,0.140625,0.109375,0.06770833333333333,0.033854166666666664,0.203125,0.011962890625,0.011962890625,0.0546875,0.0546875,0.0546875,0.0546875,all_holdout_years,0.078125,0.011962890625,0.0546875,0.0546875
0.1,2015,2015-2017,2018-2019,廊坊,64,2,2,0.203125,0.5,0.5,10,0.6666666666666666,0.3333333333333333,6,0.3333333333333333,0.16666666666666666,0.109375,0.109375,0.5,0.06140350877192982,14,114,0.078125,0.078125,0.140625,0.109375,0.06770833333333333,0.033854166666666664,0.203125,0.011962890625,0.011962890625,0.0546875,0.0546875,0.0546875,0.0546875,majority_holdout_years,0.078125,0.011962890625,0.0546875,0.0546875
0.1,2016,2016-2018,2019-2020,上海,838,2,2,0.1575178997613365,0.43089430894308944,0.5691056910569106,123,0.9868421052631579,0.5789473684210527,76,0.5616174582798459,0.329482242190843,0.10023866348448687,0.10023866348448687,0.6785714285714286,0.03580901856763926,168,1508,0.09069212410501193,0.09069212410501193,0.10978520286396182,0.10023866348448687,0.08846480249754136,0.051899350798557606,0.1575178997613365,0.010047789657156202,0.010047789657156202,0.06801909307875895,0.06801909307875895,0.06801909307875895,0.06801909307875895,all_holdout_years,0.09069212410501193,0.010047789657156202,0.06801909307875895,0.06801909307875895
0.1,2016,2016-2018,2019-2020,上海,838,2,2,0.1575178997613365,0.43089430894308944,0.5691056910569106,123,0.9868421052631579,0.5789473684210527,76,0.5616174582798459,0.329482242190843,0.10023866348448687,0.10023866348448687,0.6785714285714286,0.03580901856763926,168,1508,0.09069212410501193,0.09069212410501193,0.10978520286396182,0.10023866348448687,0.08846480249754136,0.051899350798557606,0.1575178997613365,0.010047789657156202,0.010047789657156202,0.06801909307875895,0.06801909307875895,0.06801909307875895,0.06801909307875895,majority_holdout_years,0.09069212410501193,0.010047789657156202,0.06801909307875895,0.06801909307875895
0.1,2016,2016-2018,2019-2020,北京,4914,2,2,0.1288156288156288,0.2558139534883721,0.7441860465116279,602,0.944672131147541,0.7274590163934426,488,0.7030118185284026,0.5413648494090735,0.10012210012210013,0.10012210012210013,0.8160569105691057,0.020465852555404795,984,8844,0.08791208791208792,0.08791208791208792,0.11233211233211234,0.10012210012210013,0.0905589094685549,0.069736253495308,0.1288156288156288,0.010024434932859842,0.010024434932859842,0.0817053317053317,0.0817053317053317,0.0817053317053317,0.0817053317053317,all_holdout_years,0.08791208791208792,0.010024434932859842,0.0817053317053317,0.0817053317053317
0.1,2016,2016-2018,2019-2020,北京,4914,2,2,0.1288156288156288,0.2558139534883721,0.7441860465116279,602,0.944672131147541,0.7274590163934426,488,0.7030118185284026,0.5413648494090735,0.10012210012210013,0.10012210012210013,0.8160569105691057,0.020465852555404795,984,8844,0.08791208791208792,0.08791208791208792,0.11233211233211234,0.10012210012210013,0.0905589094685549,0.069736253495308,0.1288156288156288,0.010024434932859842,0.010024434932859842,0.0817053317053317,0.0817053317053317,0.0817053317053317,0.0817053317053317,majority_holdout_years,0.08791208791208792,0.010024434932859842,0.0817053317053317,0.0817053317053317
0.1,2016,2016-2018,2019-2020,南京,1278,2,2,0.1643192488262911,0.4497354497354497,0.5502645502645502,189,0.9304347826086956,0.5130434782608696,115,0.5119852772026685,0.28230963883137794,0.10015649452269171,0.10015649452269171,0.63671875,0.04043478260869565,256,2300,0.08763693270735524,0.08763693270735524,0.11267605633802817,0.10015649452269171,0.0841290361600629,0.046388907789193565,0.1643192488262911,0.010031323395073974,0.010031323395073974,0.06377151799687011,0.06377151799687011,0.06377151799687011,0.06377151799687011,all_holdout_years,0.08763693270735524,0.010031323395073974,0.06377151799687011,0.06377151799687011
0.1,2016,2016-2018,2019-2020,南京,1278,2,2,0.1643192488262911,0.4497354497354497,0.5502645502645502,189,0.9304347826086956,0.5130434782608696,115,0.5119852772026685,0.28230963883137794,0.10015649452269171,0.10015649452269171,0.63671875,0.04043478260869565,256,2300,0.08763693270735524,0.08763693270735524,0.11267605633802817,0.10015649452269171,0.0841290361600629,0.046388907789193565,0.1643192488262911,0.010031323395073974,0.010031323395073974,0.06377151799687011,0.06377151799687011,0.06377151799687011,0.06377151799687011,majority_holdout_years,0.08763693270735524,0.010031323395073974,0.06377151799687011,0.06377151799687011
0.1,2016,2016-2018,2019-2020,大连,1320,2,2,0.1318181818181818,0.21656050955414013,0.7834394904458599,157,0.8455882352941176,0.6323529411764706,136,0.6624672161858375,0.4954102660172349,0.1,0.1,0.7916666666666666,0.023148148148148147,264,2376,0.08863636363636364,0.08863636363636364,0.11136363636363636,0.1,0.08732522395176946,0.06530408052045368,0.1318181818181818,0.010000000000000002,0.010000000000000002,0.07916666666666666,0.07916666666666666,0.07916666666666666,0.07916666666666666,all_holdout_years,0.08863636363636364,0.010000000000000002,0.07916666666666666,0.07916666666666666
0.1,2016,2016-2018,2019-2020,大连,1320,2,2,0.1318181818181818,0.21656050955414013,0.7834394904458599,157,0.8455882352941176,0.6323529411764706,136,0.6624672161858375,0.4954102660172349,0.1,0.1,0.7916666666666666,0.023148148148148147,264,2376,0.08863636363636364,0.08863636363636364,0.11136363636363636,0.1,0.08732522395176946,0.06530408052045368,0.1318181818181818,0.010000000000000002,0.010000000000000002,0.07916666666666666,0.07916666666666666,0.07916666666666666,0.07916666666666666,majority_holdout_years,0.08863636363636364,0.010000000000000002,0.07916666666666666,0.07916666666666666
0.1,2016,2016-2018,2019-2020,天津,1943,2,2,0.1451363870303654,0.34765625,0.65234375,256,0.8894736842105263,0.5947368421052631,190,0.5802425986842105,0.3879728618421052,0.10036026762738035,0.10036026762738035,0.717948717948718,0.031464530892448515,390,3496,0.08183221821924859,0.08183221821924859,0.1188883170355121,0.10036026762738035,0.08421431437413658,0.05630897943359428,0.1451363870303654,0.010072183318239407,0.010072183318239407,0.07205352547606794,0.07205352547606794,0.07205352547606794,0.07205352547606794,all_holdout_years,0.08183221821924859,0.010072183318239407,0.07205352547606794,0.07205352547606794
0.1,2016,2016-2018,2019-2020,天津,1943,2,2,0.1451363870303654,0.34765625,0.65234375,256,0.8894736842105263,0.5947368421052631,190,0.5802425986842105,0.3879728618421052,0.10036026762738035,0.10036026762738035,0.717948717948718,0.031464530892448515,390,3496,0.08183221821924859,0.08183221821924859,0.1188883170355121,0.10036026762738035,0.08421431437413658,0.05630897943359428,0.1451363870303654,0.010072183318239407,0.010072183318239407,0.07205352547606794,0.07205352547606794,0.07205352547606794,0.07205352547606794,majority_holdout_years,0.08183221821924859,0.010072183318239407,0.07205352547606794,0.07205352547606794
0.1,2016,2016-2018,2019-2020,廊坊,71,2,2,0.18309859154929578,0.6153846153846154,0.3846153846153846,13,1.0,0.375,8,0.3846153846153846,0.14423076923076922,0.11267605633802817,0.11267605633802817,0.5,0.06349206349206349,16,126,0.07042253521126761,0.07042253521126761,0.15492957746478872,0.11267605633802817,0.0704225352112676,0.026408450704225348,0.18309859154929578,0.012695893671890498,0.012695893671890498,0.056338028169014086,0.056338028169014086,0.056338028169014086,0.056338028169014086,all_holdout_years,0.07042253521126761,0.012695893671890498,0.056338028169014086,0.056338028169014086
0.1,2016,2016-2018,2019-2020,廊坊,71,2,2,0.18309859154929578,0.6153846153846154,0.3846153846153846,13,1.0,0.375,8,0.3846153846153846,0.14423076923076922,0.11267605633802817,0.11267605633802817,0.5,0.06349206349206349,16,126,0.07042253521126761,0.07042253521126761,0.15492957746478872,0.11267605633802817,0.0704225352112676,0.026408450704225348,0.18309859154929578,0.012695893671890498,0.012695893671890498,0.056338028169014086,0.056338028169014086,0.056338028169014086,0.056338028169014086,majority_holdout_years,0.07042253521126761,0.012695893671890498,0.056338028169014086,0.056338028169014086
0.1,2016,2016-2018,2019-2020,沈阳,145,2,2,0.1793103448275862,0.45454545454545453,0.5454545454545454,22,0.9166666666666666,0.5833333333333334,12,0.49999999999999994,0.3181818181818182,0.10344827586206896,0.10344827586206896,0.6333333333333333,0.04230769230769231,30,260,0.08275862068965517,0.08275862068965517,0.12413793103448276,0.10344827586206896,0.08965517241379309,0.057053291536050155,0.1793103448275862,0.01070154577883472,0.01070154577883472,0.06551724137931034,0.06551724137931034,0.06551724137931034,0.06551724137931034,all_holdout_years,0.08275862068965517,0.01070154577883472,0.06551724137931034,0.06551724137931034
0.1,2016,2016-2018,2019-2020,沈阳,145,2,2,0.1793103448275862,0.45454545454545453,0.5454545454545454,22,0.9166666666666666,0.5833333333333334,12,0.49999999999999994,0.3181818181818182,0.10344827586206896,0.10344827586206896,0.6333333333333333,0.04230769230769231,30,260,0.08275862068965517,0.08275862068965517,0.12413793103448276,0.10344827586206896,0.08965517241379309,0.057053291536050155,0.1793103448275862,0.01070154577883472,0.01070154577883472,0.06551724137931034,0.06551724137931034,0.06551724137931034,0.06551724137931034,majority_holdout_years,0.08275862068965517,0.01070154577883472,0.06551724137931034,0.06551724137931034
0.1,2017,2017-2019,2020-2021,上海,2945,2,2,0.12427843803056027,0.187683284457478,0.8123167155425219,341,0.9278350515463918,0.7835051546391752,291,0.7536959216373915,0.6364543338271306,0.100169779286927,0.100169779286927,0.8559322033898306,0.016037735849056604,590,5300,0.08930390492359933,0.08930390492359933,0.11103565365025467,0.100169779286927,0.09366815189109857,0.07909755048581657,0.12427843803056027,0.010033984682391668,0.010033984682391668,0.08573853989813243,0.08573853989813243,0.08573853989813243,0.08573853989813243,all_holdout_years,0.08930390492359933,0.010033984682391668,0.08573853989813243,0.08573853989813243
0.1,2017,2017-2019,2020-2021,上海,2945,2,2,0.12427843803056027,0.187683284457478,0.8123167155425219,341,0.9278350515463918,0.7835051546391752,291,0.7536959216373915,0.6364543338271306,0.100169779286927,0.100169779286927,0.8559322033898306,0.016037735849056604,590,5300,0.08930390492359933,0.08930390492359933,0.11103565365025467,0.100169779286927,0.09366815189109857,0.07909755048581657,0.12427843803056027,0.010033984682391668,0.010033984682391668,0.08573853989813243,0.08573853989813243,0.08573853989813243,0.08573853989813243,majority_holdout_years,0.08930390492359933,0.010033984682391668,0.08573853989813243,0.08573853989813243
0.1,2017,2017-2019,2020-2021,北京,4522,2,2,0.12361786819991154,0.1786407766990291,0.8213592233009709,515,0.9253393665158371,0.8099547511312217,442,0.7600360233712604,0.6652638052980715,0.10017691287041132,0.10017691287041132,0.8620309050772627,0.015360039321700663,906,8138,0.08690844758956214,0.08690844758956214,0.1134453781512605,0.10017691287041132,0.09395403296429336,0.08223849340150861,0.12361786819991154,0.01003541387224598,0.01003541387224598,0.08635559486952675,0.08635559486952675,0.08635559486952675,0.08635559486952675,all_holdout_years,0.08690844758956214,0.01003541387224598,0.08635559486952675,0.08635559486952675
0.1,2017,2017-2019,2020-2021,北京,4522,2,2,0.12361786819991154,0.1786407766990291,0.8213592233009709,515,0.9253393665158371,0.8099547511312217,442,0.7600360233712604,0.6652638052980715,0.10017691287041132,0.10017691287041132,0.8620309050772627,0.015360039321700663,906,8138,0.08690844758956214,0.08690844758956214,0.1134453781512605,0.10017691287041132,0.09395403296429336,0.08223849340150861,0.12361786819991154,0.01003541387224598,0.01003541387224598,0.08635559486952675,0.08635559486952675,0.08635559486952675,0.08635559486952675,majority_holdout_years,0.08690844758956214,0.01003541387224598,0.08635559486952675,0.08635559486952675
0.1,2017,2017-2019,2020-2021,南京,1327,2,2,0.14318010550113036,0.2874251497005988,0.7125748502994012,167,0.8943089430894309,0.6991869918699187,123,0.6372620612433668,0.49822306606299593,0.10022607385079126,0.10022607385079126,0.7706766917293233,0.02554438860971524,266,2388,0.08063300678221552,0.08063300678221552,0.11981914091936699,0.10022607385079126,0.09124324916069307,0.0713356311619964,0.14318010550113036,0.010045265879544263,0.010045265879544263,0.07724189902034664,0.07724189902034664,0.07724189902034664,0.07724189902034664,all_holdout_years,0.08063300678221552,0.010045265879544263,0.07724189902034664,0.07724189902034664
0.1,2017,2017-2019,2020-2021,南京,1327,2,2,0.14318010550113036,0.2874251497005988,0.7125748502994012,167,0.8943089430894309,0.6991869918699187,123,0.6372620612433668,0.49822306606299593,0.10022607385079126,0.10022607385079126,0.7706766917293233,0.02554438860971524,266,2388,0.08063300678221552,0.08063300678221552,0.11981914091936699,0.10022607385079126,0.09124324916069307,0.0713356311619964,0.14318010550113036,0.010045265879544263,0.010045265879544263,0.07724189902034664,0.07724189902034664,0.07724189902034664,0.07724189902034664,majority_holdout_years,0.08063300678221552,0.010045265879544263,0.07724189902034664,0.07724189902034664
0.1,2017,2017-2019,2020-2021,大连,1420,2,2,0.13028169014084506,0.2471264367816092,0.7528735632183908,174,0.9097222222222222,0.6736111111111112,144,0.6849058109833972,0.5071439974457216,0.1,0.1,0.8028169014084507,0.02190923317683881,284,2556,0.08028169014084507,0.08028169014084507,0.11971830985915492,0.1,0.08923068664220316,0.06607157713201303,0.13028169014084506,0.010000000000000002,0.010000000000000002,0.08028169014084507,0.08028169014084507,0.08028169014084507,0.08028169014084507,all_holdout_years,0.08028169014084507,0.010000000000000002,0.08028169014084507,0.08028169014084507
0.1,2017,2017-2019,2020-2021,大连,1420,2,2,0.13028169014084506,0.2471264367816092,0.7528735632183908,174,0.9097222222222222,0.6736111111111112,144,0.6849058109833972,0.5071439974457216,0.1,0.1,0.8028169014084507,0.02190923317683881,284,2556,0.08028169014084507,0.08028169014084507,0.11971830985915492,0.1,0.08923068664220316,0.06607157713201303,0.13028169014084506,0.010000000000000002,0.010000000000000002,0.08028169014084507,0.08028169014084507,0.08028169014084507,0.08028169014084507,majority_holdout_years,0.08028169014084507,0.010000000000000002,0.08028169014084507,0.08028169014084507
0.1,2017,2017-2019,2020-2021,天津,2077,2,2,0.13818006740491093,0.29844961240310075,0.7015503875968992,258,0.9226804123711341,0.7371134020618557,194,0.647306800927036,0.5171221929193639,0.10014443909484834,0.10014443909484834,0.7788461538461539,0.024612092027822365,416,3738,0.08136735676456427,0.08136735676456427,0.1189215214251324,0.10014443909484834,0.08944489738375509,0.07145597947417306,0.13818006740491093,0.010028908681621788,0.010028908681621788,0.07799711121810303,0.07799711121810303,0.07799711121810303,0.07799711121810303,all_holdout_years,0.08136735676456427,0.010028908681621788,0.07799711121810303,0.07799711121810303
0.1,2017,2017-2019,2020-2021,天津,2077,2,2,0.13818006740491093,0.29844961240310075,0.7015503875968992,258,0.9226804123711341,0.7371134020618557,194,0.647306800927036,0.5171221929193639,0.10014443909484834,0.10014443909484834,0.7788461538461539,0.024612092027822365,416,3738,0.08136735676456427,0.08136735676456427,0.1189215214251324,0.10014443909484834,0.08944489738375509,0.07145597947417306,0.13818006740491093,0.010028908681621788,0.010028908681621788,0.07799711121810303,0.07799711121810303,0.07799711121810303,0.07799711121810303,majority_holdout_years,0.08136735676456427,0.010028908681621788,0.07799711121810303,0.07799711121810303
0.1,2017,2017-2019,2020-2021,廊坊,83,2,2,0.1927710843373494,0.5714285714285714,0.4285714285714286,14,1.0,0.5714285714285714,7,0.4285714285714286,0.24489795918367346,0.10843373493975904,0.10843373493975904,0.5555555555555556,0.05405405405405406,18,148,0.07228915662650602,0.07228915662650602,0.14457831325301204,0.10843373493975904,0.08261617900172118,0.04720924514384067,0.1927710843373494,0.01175787487298592,0.01175787487298592,0.06024096385542169,0.06024096385542169,0.0602409638554217,0.0602409638554217,all_holdout_years,0.07228915662650602,0.01175787487298592,0.06024096385542169,0.0602409638554217
0.1,2017,2017-2019,2020-2021,廊坊,83,2,2,0.1927710843373494,0.5714285714285714,0.4285714285714286,14,1.0,0.5714285714285714,7,0.4285714285714286,0.24489795918367346,0.10843373493975904,0.10843373493975904,0.5555555555555556,0.05405405405405406,18,148,0.07228915662650602,0.07228915662650602,0.14457831325301204,0.10843373493975904,0.08261617900172118,0.04720924514384067,0.1927710843373494,0.01175787487298592,0.01175787487298592,0.06024096385542169,0.06024096385542169,0.0602409638554217,0.0602409638554217,majority_holdout_years,0.07228915662650602,0.01175787487298592,0.06024096385542169,0.0602409638554217
0.1,2017,2017-2019,2020-2021,无锡,52,2,2,0.21153846153846154,0.4444444444444444,0.5555555555555556,9,0.6666666666666666,0.16666666666666666,6,0.37037037037037035,0.09259259259259259,0.11538461538461539,0.11538461538461539,0.5,0.06521739130434782,12,92,0.09615384615384616,0.09615384615384616,0.1346153846153846,0.11538461538461539,0.07834757834757834,0.019586894586894586,0.21153846153846154,0.013313609467455623,0.013313609467455623,0.057692307692307696,0.057692307692307696,0.057692307692307696,0.057692307692307696,all_holdout_years,0.09615384615384616,0.013313609467455623,0.057692307692307696,0.057692307692307696
0.1,2017,2017-2019,2020-2021,无锡,52,2,2,0.21153846153846154,0.4444444444444444,0.5555555555555556,9,0.6666666666666666,0.16666666666666666,6,0.37037037037037035,0.09259259259259259,0.11538461538461539,0.11538461538461539,0.5,0.06521739130434782,12,92,0.09615384615384616,0.09615384615384616,0.1346153846153846,0.11538461538461539,0.07834757834757834,0.019586894586894586,0.21153846153846154,0.013313609467455623,0.013313609467455623,0.057692307692307696,0.057692307692307696,0.057692307692307696,0.057692307692307696,majority_holdout_years,0.09615384615384616,0.013313609467455623,0.057692307692307696,0.057692307692307696
0.1,2017,2017-2019,2020-2021,沈阳,333,2,2,0.16216216216216217,0.375,0.625,48,0.875,0.5,32,0.546875,0.3125,0.1021021021021021,0.1021021021021021,0.6764705882352942,0.03678929765886288,68,598,0.06606606606606606,0.06606606606606606,0.13813813813813813,0.1021021021021021,0.08868243243243244,0.05067567567567568,0.16216216216216217,0.010424839253668083,0.010424839253668083,0.06906906906906908,0.06906906906906908,0.06906906906906908,0.06906906906906908,all_holdout_years,0.06606606606606606,0.010424839253668083,0.06906906906906908,0.06906906906906908
0.1,2017,2017-2019,2020-2021,沈阳,333,2,2,0.16216216216216217,0.375,0.625,48,0.875,0.5,32,0.546875,0.3125,0.1021021021021021,0.1021021021021021,0.6764705882352942,0.03678929765886288,68,598,0.06606606606606606,0.06606606606606606,0.13813813813813813,0.1021021021021021,0.08868243243243244,0.05067567567567568,0.16216216216216217,0.010424839253668083,0.010424839253668083,0.06906906906906908,0.06906906906906908,0.06906906906906908,0.06906906906906908,majority_holdout_years,0.06606606606606606,0.010424839253668083,0.06906906906906908,0.06906906906906908
0.1,2017,2017-2019,2020-2021,石家庄,151,2,2,0.18543046357615894,0.45454545454545453,0.5454545454545454,22,0.7692307692307693,0.5384615384615384,13,0.4195804195804196,0.2937062937062937,0.10596026490066225,0.10596026490066225,0.59375,0.04814814814814815,32,270,0.07947019867549669,0.07947019867549669,0.13245033112582782,0.10596026490066225,0.07780299171027648,0.05446209419719353,0.18543046357615894,0.011227577737818517,0.011227577737818517,0.06291390728476821,0.06291390728476821,0.06291390728476821,0.06291390728476821,all_holdout_years,0.07947019867549669,0.011227577737818517,0.06291390728476821,0.06291390728476821
0.1,2017,2017-2019,2020-2021,石家庄,151,2,2,0.18543046357615894,0.45454545454545453,0.5454545454545454,22,0.7692307692307693,0.5384615384615384,13,0.4195804195804196,0.2937062937062937,0.10596026490066225,0.10596026490066225,0.59375,0.04814814814814815,32,270,0.07947019867549669,0.07947019867549669,0.13245033112582782,0.10596026490066225,0.07780299171027648,0.05446209419719353,0.18543046357615894,0.011227577737818517,0.011227577737818517,0.06291390728476821,0.06291390728476821,0.06291390728476821,0.06291390728476821,majority_holdout_years,0.07947019867549669,0.011227577737818517,0.06291390728476821,0.06291390728476821
0.1,2018,2018-2020,2021-2022,上海,3292,2,2,0.11786148238153099,0.14594594594594595,0.854054054054054,370,0.9541284403669725,0.8409785932721713,327,0.8148772625836845,0.7182411769567733,0.10024301336573511,0.10024301336573511,0.8954545454545455,0.011647535449020932,660,5924,0.0911300121506683,0.0911300121506683,0.10935601458080195,0.10024301336573511,0.09604264212711715,0.08465296982358082,0.11786148238153099,0.010048661728642948,0.010048661728642948,0.08976306196840826,0.08976306196840826,0.08976306196840826,0.08976306196840826,all_holdout_years,0.0911300121506683,0.010048661728642948,0.08976306196840826,0.08976306196840826
0.1,2018,2018-2020,2021-2022,上海,3292,2,2,0.11786148238153099,0.14594594594594595,0.854054054054054,370,0.9541284403669725,0.8409785932721713,327,0.8148772625836845,0.7182411769567733,0.10024301336573511,0.10024301336573511,0.8954545454545455,0.011647535449020932,660,5924,0.0911300121506683,0.0911300121506683,0.10935601458080195,0.10024301336573511,0.09604264212711715,0.08465296982358082,0.11786148238153099,0.010048661728642948,0.010048661728642948,0.08976306196840826,0.08976306196840826,0.08976306196840826,0.08976306196840826,majority_holdout_years,0.0911300121506683,0.010048661728642948,0.08976306196840826,0.08976306196840826
0.1,2018,2018-2020,2021-2022,丹东,57,2,2,0.24561403508771928,0.7,0.30000000000000004,10,0.6666666666666666,0.3333333333333333,3,0.2,0.1,0.10526315789473684,0.10526315789473684,0.3333333333333333,0.0784313725490196,12,102,0.017543859649122806,0.017543859649122806,0.19298245614035087,0.10526315789473684,0.04912280701754386,0.02456140350877193,0.24561403508771928,0.011080332409972297,0.011080332409972297,0.03508771929824561,0.03508771929824561,0.03508771929824561,0.03508771929824561,all_holdout_years,0.017543859649122806,0.011080332409972297,0.03508771929824561,0.03508771929824561
0.1,2018,2018-2020,2021-2022,丹东,57,2,2,0.24561403508771928,0.7,0.30000000000000004,10,0.6666666666666666,0.3333333333333333,3,0.2,0.1,0.10526315789473684,0.10526315789473684,0.3333333333333333,0.0784313725490196,12,102,0.017543859649122806,0.017543859649122806,0.19298245614035087,0.10526315789473684,0.04912280701754386,0.02456140350877193,0.24561403508771928,0.011080332409972297,0.011080332409972297,0.03508771929824561,0.03508771929824561,0.03508771929824561,0.03508771929824561,majority_holdout_years,0.017543859649122806,0.011080332409972297,0.03508771929824561,0.03508771929824561
0.1,2018,2018-2020,2021-2022,保定,30,2,2,0.16666666666666666,0.5,0.5,4,1.0,1.0,2,0.5,0.5,0.1,0.1,0.6666666666666666,0.037037037037037035,6,54,0.0,0.0,0.2,0.1,0.08333333333333333,0.08333333333333333,0.16666666666666666,0.010000000000000002,0.010000000000000002,0.06666666666666667,0.06666666666666667,0.06666666666666667,0.06666666666666667,all_holdout_years,0.0,0.010000000000000002,0.06666666666666667,0.06666666666666667
0.1,2018,2018-2020,2021-2022,保定,30,2,2,0.16666666666666666,0.5,0.5,4,1.0,1.0,2,0.5,0.5,0.1,0.1,0.6666666666666666,0.037037037037037035,6,54,0.0,0.0,0.2,0.1,0.08333333333333333,0.08333333333333333,0.16666666666666666,0.010000000000000002,0.010000000000000002,0.06666666666666667,0.06666666666666667,0.06666666666666667,0.06666666666666667,majority_holdout_years,0.0,0.010000000000000002,0.06666666666666667,0.06666666666666667
0.1,2018,2018-2020,2021-2022,北京,4426,2,2,0.12178038861274289,0.18503937007874016,0.8149606299212598,508,0.9471264367816092,0.8160919540229885,435,0.7718707575346185,0.6650828129242465,0.10009037505648441,0.10009037505648441,0.8679458239277652,0.014687421541551594,886,7966,0.08653411658382286,0.08653411658382286,0.11364663352914596,0.10009037505648441,0.0939987208113781,0.08099404341757092,0.12178038861274289,0.010018083178947717,0.010018083178947717,0.0868730230456394,0.0868730230456394,0.0868730230456394,0.0868730230456394,all_holdout_years,0.08653411658382286,0.010018083178947717,0.0868730230456394,0.0868730230456394
0.1,2018,2018-2020,2021-2022,北京,4426,2,2,0.12178038861274289,0.18503937007874016,0.8149606299212598,508,0.9471264367816092,0.8160919540229885,435,0.7718707575346185,0.6650828129242465,0.10009037505648441,0.10009037505648441,0.8679458239277652,0.014687421541551594,886,7966,0.08653411658382286,0.08653411658382286,0.11364663352914596,0.10009037505648441,0.0939987208113781,0.08099404341757092,0.12178038861274289,0.010018083178947717,0.010018083178947717,0.0868730230456394,0.0868730230456394,0.0868730230456394,0.0868730230456394,majority_holdout_years,0.08653411658382286,0.010018083178947717,0.0868730230456394,0.0868730230456394
0.1,2018,2018-2020,2021-2022,南京,497,2,2,0.13279678068410464,0.22807017543859648,0.7719298245614035,57,0.8913043478260869,0.8260869565217391,46,0.6880244088482074,0.6376811594202898,0.1006036217303823,0.1006036217303823,0.82,0.020134228187919462,100,894,0.08249496981891348,0.08249496981891348,0.11871227364185111,0.1006036217303823,0.09136742652712614,0.08468200507392179,0.13279678068410464,0.01012108870526985,0.01012108870526985,0.08249496981891348,0.08249496981891348,0.08249496981891347,0.08249496981891347,all_holdout_years,0.08249496981891348,0.01012108870526985,0.08249496981891348,0.08249496981891347
0.1,2018,2018-2020,2021-2022,南京,497,2,2,0.13279678068410464,0.22807017543859648,0.7719298245614035,57,0.8913043478260869,0.8260869565217391,46,0.6880244088482074,0.6376811594202898,0.1006036217303823,0.1006036217303823,0.82,0.020134228187919462,100,894,0.08249496981891348,0.08249496981891348,0.11871227364185111,0.1006036217303823,0.09136742652712614,0.08468200507392179,0.13279678068410464,0.01012108870526985,0.01012108870526985,0.08249496981891348,0.08249496981891348,0.08249496981891347,0.08249496981891347,majority_holdout_years,0.08249496981891348,0.01012108870526985,0.08249496981891348,0.08249496981891347
0.1,2018,2018-2020,2021-2022,吉林,150,2,2,0.21333333333333335,0.6086956521739131,0.3913043478260869,23,0.6,0.3,10,0.23478260869565215,0.11739130434782608,0.1,0.1,0.4,0.06666666666666667,30,270,0.04,0.04,0.16,0.1,0.050086956521739126,0.025043478260869563,0.21333333333333335,0.010000000000000002,0.010000000000000002,0.04000000000000001,0.04000000000000001,0.04000000000000001,0.04000000000000001,all_holdout_years,0.04,0.010000000000000002,0.04000000000000001,0.04000000000000001
0.1,2018,2018-2020,2021-2022,吉林,150,2,2,0.21333333333333335,0.6086956521739131,0.3913043478260869,23,0.6,0.3,10,0.23478260869565215,0.11739130434782608,0.1,0.1,0.4,0.06666666666666667,30,270,0.04,0.04,0.16,0.1,0.050086956521739126,0.025043478260869563,0.21333333333333335,0.010000000000000002,0.010000000000000002,0.04000000000000001,0.04000000000000001,0.04000000000000001,0.04000000000000001,majority_holdout_years,0.04,0.010000000000000002,0.04000000000000001,0.04000000000000001
0.1,2018,2018-2020,2021-2022,呼和浩特,109,2,2,0.11926605504587157,0.23076923076923078,0.7692307692307692,13,1.0,0.8181818181818182,11,0.7692307692307692,0.6293706293706294,0.10091743119266056,0.10091743119266056,0.8636363636363636,0.015306122448979591,22,196,0.08256880733944955,0.08256880733944955,0.11926605504587157,0.10091743119266056,0.09174311926605504,0.0750625521267723,0.11926605504587157,0.010184327918525377,0.010184327918525377,0.0871559633027523,0.0871559633027523,0.0871559633027523,0.0871559633027523,all_holdout_years,0.08256880733944955,0.010184327918525377,0.0871559633027523,0.0871559633027523
0.1,2018,2018-2020,2021-2022,呼和浩特,109,2,2,0.11926605504587157,0.23076923076923078,0.7692307692307692,13,1.0,0.8181818181818182,11,0.7692307692307692,0.6293706293706294,0.10091743119266056,0.10091743119266056,0.8636363636363636,0.015306122448979591,22,196,0.08256880733944955,0.08256880733944955,0.11926605504587157,0.10091743119266056,0.09174311926605504,0.0750625521267723,0.11926605504587157,0.010184327918525377,0.010184327918525377,0.0871559633027523,0.0871559633027523,0.0871559633027523,0.0871559633027523,majority_holdout_years,0.08256880733944955,0.010184327918525377,0.0871559633027523,0.0871559633027523
0.1,2018,2018-2020,2021-2022,哈尔滨,358,2,2,0.20670391061452514,0.6440677966101694,0.35593220338983056,59,0.875,0.4166666666666667,24,0.31144067796610175,0.14830508474576273,0.1005586592178771,0.1005586592178771,0.4305555555555556,0.06366459627329192,72,644,0.030726256983240222,0.030726256983240222,0.17039106145251395,0.1005586592178771,0.0643760060600322,0.030655240980967717,0.20670391061452514,0.010112043943697139,0.010112043943697139,0.04329608938547486,0.04329608938547486,0.04329608938547486,0.04329608938547486,all_holdout_years,0.030726256983240222,0.010112043943697139,0.04329608938547486,0.04329608938547486
0.1,2018,2018-2020,2021-2022,哈尔滨,358,2,2,0.20670391061452514,0.6440677966101694,0.35593220338983056,59,0.875,0.4166666666666667,24,0.31144067796610175,0.14830508474576273,0.1005586592178771,0.1005586592178771,0.4305555555555556,0.06366459627329192,72,644,0.030726256983240222,0.030726256983240222,0.17039106145251395,0.1005586592178771,0.0643760060600322,0.030655240980967717,0.20670391061452514,0.010112043943697139,0.010112043943697139,0.04329608938547486,0.04329608938547486,0.04329608938547486,0.04329608938547486,majority_holdout_years,0.030726256983240222,0.010112043943697139,0.04329608938547486,0.04329608938547486
0.1,2018,2018-2020,2021-2022,唐山,75,2,2,0.21333333333333335,0.5,0.5,12,0.6666666666666666,0.3333333333333333,6,0.3333333333333333,0.16666666666666666,0.10666666666666667,0.10666666666666667,0.5,0.05970149253731343,16,134,0.05333333333333334,0.05333333333333334,0.16,0.10666666666666667,0.07111111111111111,0.035555555555555556,0.21333333333333335,0.01137777777777778,0.01137777777777778,0.05333333333333334,0.05333333333333334,0.05333333333333333,0.05333333333333333,all_holdout_years,0.05333333333333334,0.01137777777777778,0.05333333333333334,0.05333333333333333
0.1,2018,2018-2020,2021-2022,唐山,75,2,2,0.21333333333333335,0.5,0.5,12,0.6666666666666666,0.3333333333333333,6,0.3333333333333333,0.16666666666666666,0.10666666666666667,0.10666666666666667,0.5,0.05970149253731343,16,134,0.05333333333333334,0.05333333333333334,0.16,0.10666666666666667,0.07111111111111111,0.035555555555555556,0.21333333333333335,0.01137777777777778,0.01137777777777778,0.05333333333333334,0.05333333333333334,0.05333333333333333,0.05333333333333333,majority_holdout_years,0.05333333333333334,0.01137777777777778,0.05333333333333334,0.05333333333333333
0.1,2018,2018-2020,2021-2022,大连,1318,2,2,0.1267071320182094,0.19480519480519481,0.8051948051948052,154,0.9153846153846154,0.7615384615384615,130,0.7370629370629371,0.6131868131868132,0.10015174506828528,0.10015174506828528,0.8446969696969697,0.017284991568296795,264,2372,0.07738998482549317,0.07738998482549317,0.12291350531107739,0.10015174506828528,0.09339113087216273,0.07769514249028665,0.1267071320182094,0.010030372040222805,0.010030372040222805,0.08459787556904401,0.08459787556904401,0.08459787556904401,0.08459787556904401,all_holdout_years,0.07738998482549317,0.010030372040222805,0.08459787556904401,0.08459787556904401
0.1,2018,2018-2020,2021-2022,大连,1318,2,2,0.1267071320182094,0.19480519480519481,0.8051948051948052,154,0.9153846153846154,0.7615384615384615,130,0.7370629370629371,0.6131868131868132,0.10015174506828528,0.10015174506828528,0.8446969696969697,0.017284991568296795,264,2372,0.07738998482549317,0.07738998482549317,0.12291350531107739,0.10015174506828528,0.09339113087216273,0.07769514249028665,0.1267071320182094,0.010030372040222805,0.010030372040222805,0.08459787556904401,0.08459787556904401,0.08459787556904401,0.08459787556904401,majority_holdout_years,0.07738998482549317,0.010030372040222805,0.08459787556904401,0.08459787556904401
0.1,2018,2018-2020,2021-2022,天津,2635,2,2,0.12144212523719165,0.174496644295302,0.825503355704698,298,0.9453125,0.84375,256,0.7803586409395974,0.696518456375839,0.10018975332068311,0.10018975332068311,0.875,0.013918177983973008,528,4742,0.08311195445920304,0.08311195445920304,0.11726755218216318,0.10018975332068311,0.09476841180291125,0.08458668160921004,0.12144212523719165,0.010037986670459333,0.010037986670459333,0.08766603415559772,0.08766603415559772,0.08766603415559772,0.08766603415559772,all_holdout_years,0.08311195445920304,0.010037986670459333,0.08766603415559772,0.08766603415559772
0.1,2018,2018-2020,2021-2022,天津,2635,2,2,0.12144212523719165,0.174496644295302,0.825503355704698,298,0.9453125,0.84375,256,0.7803586409395974,0.696518456375839,0.10018975332068311,0.10018975332068311,0.875,0.013918177983973008,528,4742,0.08311195445920304,0.08311195445920304,0.11726755218216318,0.10018975332068311,0.09476841180291125,0.08458668160921004,0.12144212523719165,0.010037986670459333,0.010037986670459333,0.08766603415559772,0.08766603415559772,0.08766603415559772,0.08766603415559772,majority_holdout_years,0.08311195445920304,0.010037986670459333,0.08766603415559772,0.08766603415559772
0.1,2018,2018-2020,2021-2022,太原,92,2,2,0.20652173913043478,0.5294117647058824,0.47058823529411764,17,1.0,0.375,8,0.47058823529411764,0.1764705882352941,0.10869565217391304,0.10869565217391304,0.55,0.054878048780487805,20,164,0.08695652173913043,0.08695652173913043,0.13043478260869565,0.10869565217391304,0.09718670076726342,0.03644501278772378,0.20652173913043478,0.011814744801512287,0.011814744801512287,0.059782608695652176,0.059782608695652176,0.059782608695652176,0.059782608695652176,all_holdout_years,0.08695652173913043,0.011814744801512287,0.059782608695652176,0.059782608695652176
0.1,2018,2018-2020,2021-2022,太原,92,2,2,0.20652173913043478,0.5294117647058824,0.47058823529411764,17,1.0,0.375,8,0.47058823529411764,0.1764705882352941,0.10869565217391304,0.10869565217391304,0.55,0.054878048780487805,20,164,0.08695652173913043,0.08695652173913043,0.13043478260869565,0.10869565217391304,0.09718670076726342,0.03644501278772378,0.20652173913043478,0.011814744801512287,0.011814744801512287,0.059782608695652176,0.059782608695652176,0.059782608695652176,0.059782608695652176,majority_holdout_years,0.08695652173913043,0.011814744801512287,0.059782608695652176,0.059782608695652176
0.1,2018,2018-2020,2021-2022,常州,69,2,2,0.18840579710144928,0.5,0.5,10,0.6666666666666666,0.3333333333333333,6,0.3333333333333333,0.16666666666666666,0.10144927536231885,0.10144927536231885,0.5,0.056451612903225805,14,124,0.057971014492753624,0.057971014492753624,0.14492753623188406,0.10144927536231885,0.06280193236714976,0.03140096618357488,0.18840579710144928,0.010291955471539594,0.010291955471539594,0.050724637681159424,0.050724637681159424,0.050724637681159424,0.050724637681159424,all_holdout_years,0.057971014492753624,0.010291955471539594,0.050724637681159424,0.050724637681159424
0.1,2018,2018-2020,2021-2022,常州,69,2,2,0.18840579710144928,0.5,0.5,10,0.6666666666666666,0.3333333333333333,6,0.3333333333333333,0.16666666666666666,0.10144927536231885,0.10144927536231885,0.5,0.056451612903225805,14,124,0.057971014492753624,0.057971014492753624,0.14492753623188406,0.10144927536231885,0.06280193236714976,0.03140096618357488,0.18840579710144928,0.010291955471539594,0.010291955471539594,0.050724637681159424,0.050724637681159424,0.050724637681159424,0.050724637681159424,majority_holdout_years,0.057971014492753624,0.010291955471539594,0.050724637681159424,0.050724637681159424
0.1,2018,2018-2020,2021-2022,廊坊,226,2,2,0.15486725663716813,0.3333333333333333,0.6666666666666667,30,0.75,0.4166666666666667,24,0.5,0.27777777777777785,0.10176991150442478,0.10176991150442478,0.6521739130434783,0.03940886699507389,46,406,0.06637168141592921,0.06637168141592921,0.13716814159292035,0.10176991150442478,0.07743362831858407,0.04301868239921337,0.15486725663716813,0.010357114887618452,0.010357114887618452,0.06637168141592921,0.06637168141592921,0.06637168141592921,0.06637168141592921,all_holdout_years,0.06637168141592921,0.010357114887618452,0.06637168141592921,0.06637168141592921
0.1,2018,2018-2020,2021-2022,廊坊,226,2,2,0.15486725663716813,0.3333333333333333,0.6666666666666667,30,0.75,0.4166666666666667,24,0.5,0.27777777777777785,0.10176991150442478,0.10176991150442478,0.6521739130434783,0.03940886699507389,46,406,0.06637168141592921,0.06637168141592921,0.13716814159292035,0.10176991150442478,0.07743362831858407,0.04301868239921337,0.15486725663716813,0.010357114887618452,0.010357114887618452,0.06637168141592921,0.06637168141592921,0.06637168141592921,0.06637168141592921,majority_holdout_years,0.06637168141592921,0.010357114887618452,0.06637168141592921,0.06637168141592921
0.1,2018,2018-2020,2021-2022,张家口,27,2,2,0.25925925925925924,0.6666666666666666,0.33333333333333337,6,1.0,0.0,2,0.33333333333333337,0.0,0.1111111111111111,0.1111111111111111,0.3333333333333333,0.08333333333333333,6,48,0.037037037037037035,0.037037037037037035,0.18518518518518517,0.1111111111111111,0.08641975308641976,0.0,0.25925925925925924,0.012345679012345678,0.012345679012345678,0.037037037037037035,0.037037037037037035,0.037037037037037035,0.037037037037037035,all_holdout_years,0.037037037037037035,0.012345679012345678,0.037037037037037035,0.037037037037037035
0.1,2018,2018-2020,2021-2022,张家口,27,2,2,0.25925925925925924,0.6666666666666666,0.33333333333333337,6,1.0,0.0,2,0.33333333333333337,0.0,0.1111111111111111,0.1111111111111111,0.3333333333333333,0.08333333333333333,6,48,0.037037037037037035,0.037037037037037035,0.18518518518518517,0.1111111111111111,0.08641975308641976,0.0,0.25925925925925924,0.012345679012345678,0.012345679012345678,0.037037037037037035,0.037037037037037035,0.037037037037037035,0.037037037037037035,majority_holdout_years,0.037037037037037035,0.012345679012345678,0.037037037037037035,0.037037037037037035
0.1,2018,2018-2020,2021-2022,徐州,317,2,2,0.1892744479495268,0.54,0.45999999999999996,50,0.88,0.44,25,0.4048,0.2024,0.10094637223974763,0.10094637223974763,0.53125,0.05263157894736842,64,570,0.0473186119873817,0.0473186119873817,0.15457413249211358,0.10094637223974763,0.07661829652996845,0.03830914826498422,0.1892744479495268,0.010190170068365692,0.010190170068365692,0.05362776025236593,0.05362776025236593,0.05362776025236593,0.05362776025236593,all_holdout_years,0.0473186119873817,0.010190170068365692,0.05362776025236593,0.05362776025236593
0.1,2018,2018-2020,2021-2022,徐州,317,2,2,0.1892744479495268,0.54,0.45999999999999996,50,0.88,0.44,25,0.4048,0.2024,0.10094637223974763,0.10094637223974763,0.53125,0.05263157894736842,64,570,0.0473186119873817,0.0473186119873817,0.15457413249211358,0.10094637223974763,0.07661829652996845,0.03830914826498422,0.1892744479495268,0.010190170068365692,0.010190170068365692,0.05362776025236593,0.05362776025236593,0.05362776025236593,0.05362776025236593,majority_holdout_years,0.0473186119873817,0.010190170068365692,0.05362776025236593,0.05362776025236593
0.1,2018,2018-2020,2021-2022,无锡,312,2,2,0.15705128205128205,0.4222222222222222,0.5777777777777777,45,1.0,0.6785714285714286,28,0.5777777777777777,0.39206349206349206,0.10256410256410256,0.10256410256410256,0.703125,0.033928571428571426,64,560,0.057692307692307696,0.057692307692307696,0.14743589743589744,0.10256410256410256,0.09074074074074073,0.06157407407407407,0.15705128205128205,0.010519395134779749,0.010519395134779749,0.07211538461538461,0.07211538461538461,0.07211538461538461,0.07211538461538461,all_holdout_years,0.057692307692307696,0.010519395134779749,0.07211538461538461,0.07211538461538461
0.1,2018,2018-2020,2021-2022,无锡,312,2,2,0.15705128205128205,0.4222222222222222,0.5777777777777777,45,1.0,0.6785714285714286,28,0.5777777777777777,0.39206349206349206,0.10256410256410256,0.10256410256410256,0.703125,0.033928571428571426,64,560,0.057692307692307696,0.057692307692307696,0.14743589743589744,0.10256410256410256,0.09074074074074073,0.06157407407407407,0.15705128205128205,0.010519395134779749,0.010519395134779749,0.07211538461538461,0.07211538461538461,0.07211538461538461,0.07211538461538461,majority_holdout_years,0.057692307692307696,0.010519395134779749,0.07211538461538461,0.07211538461538461
0.1,2018,2018-2020,2021-2022,沈阳,652,2,2,0.15337423312883436,0.37777777777777777,0.6222222222222222,90,0.8888888888888888,0.5555555555555556,63,0.5530864197530864,0.34567901234567905,0.10122699386503067,0.10122699386503067,0.6893939393939394,0.03498293515358362,132,1172,0.06134969325153374,0.06134969325153374,0.1411042944785276,0.10122699386503067,0.0848292054836022,0.05301825342725139,0.15337423312883436,0.010246904286950957,0.010246904286950957,0.06978527607361963,0.06978527607361963,0.06978527607361963,0.06978527607361963,all_holdout_years,0.06134969325153374,0.010246904286950957,0.06978527607361963,0.06978527607361963
0.1,2018,2018-2020,2021-2022,沈阳,652,2,2,0.15337423312883436,0.37777777777777777,0.6222222222222222,90,0.8888888888888888,0.5555555555555556,63,0.5530864197530864,0.34567901234567905,0.10122699386503067,0.10122699386503067,0.6893939393939394,0.03498293515358362,132,1172,0.06134969325153374,0.06134969325153374,0.1411042944785276,0.10122699386503067,0.0848292054836022,0.05301825342725139,0.15337423312883436,0.010246904286950957,0.010246904286950957,0.06978527607361963,0.06978527607361963,0.06978527607361963,0.06978527607361963,majority_holdout_years,0.06134969325153374,0.010246904286950957,0.06978527607361963,0.06978527607361963
0.1,2018,2018-2020,2021-2022,石家庄,524,2,2,0.13740458015267176,0.2857142857142857,0.7142857142857143,63,0.9565217391304348,0.8913043478260869,46,0.6832298136645963,0.6366459627329193,0.10114503816793893,0.10114503816793893,0.8113207547169812,0.021231422505307854,106,942,0.08396946564885496,0.08396946564885496,0.1183206106870229,0.10114503816793893,0.09387890569437202,0.08747807121521028,0.13740458015267176,0.010230318745993824,0.010230318745993824,0.08206106870229009,0.08206106870229009,0.08206106870229009,0.08206106870229009,all_holdout_years,0.08396946564885496,0.010230318745993824,0.08206106870229009,0.08206106870229009
0.1,2018,2018-2020,2021-2022,石家庄,524,2,2,0.13740458015267176,0.2857142857142857,0.7142857142857143,63,0.9565217391304348,0.8913043478260869,46,0.6832298136645963,0.6366459627329193,0.10114503816793893,0.10114503816793893,0.8113207547169812,0.021231422505307854,106,942,0.08396946564885496,0.08396946564885496,0.1183206106870229,0.10114503816793893,0.09387890569437202,0.08747807121521028,0.13740458015267176,0.010230318745993824,0.010230318745993824,0.08206106870229009,0.08206106870229009,0.08206106870229009,0.08206106870229009,majority_holdout_years,0.08396946564885496,0.010230318745993824,0.08206106870229009,0.08206106870229009
0.1,2018,2018-2020,2021-2022,长春,442,2,2,0.18778280542986425,0.5,0.5,66,0.717948717948718,0.3333333333333333,39,0.358974358974359,0.16666666666666666,0.10180995475113122,0.10180995475113122,0.5111111111111111,0.055415617128463476,90,794,0.04751131221719457,0.04751131221719457,0.15610859728506787,0.10180995475113122,0.06740921220559229,0.03129713423831071,0.18778280542986425,0.010365266886427386,0.010365266886427386,0.05203619909502262,0.05203619909502262,0.05203619909502262,0.05203619909502262,all_holdout_years,0.04751131221719457,0.010365266886427386,0.05203619909502262,0.05203619909502262
0.1,2018,2018-2020,2021-2022,长春,442,2,2,0.18778280542986425,0.5,0.5,66,0.717948717948718,0.3333333333333333,39,0.358974358974359,0.16666666666666666,0.10180995475113122,0.10180995475113122,0.5111111111111111,0.055415617128463476,90,794,0.04751131221719457,0.04751131221719457,0.15610859728506787,0.10180995475113122,0.06740921220559229,0.03129713423831071,0.18778280542986425,0.010365266886427386,0.010365266886427386,0.05203619909502262,0.05203619909502262,0.05203619909502262,0.05203619909502262,majority_holdout_years,0.04751131221719457,0.010365266886427386,0.05203619909502262,0.05203619909502262
0.1,2011,2011-2013,2014-2016,北京,2233,3,2,0.14464845499328258,0.3298611111111111,0.6701388888888888,288,0.9086538461538461,0.6778846153846154,208,0.6089242788461537,0.45427684294871795,0.10031347962382445,0.10031347962382445,0.7455357142857143,0.028372324539571926,448,4018,0.057769816390506046,0.10031347962382445,0.14285714285714285,0.10031347962382445,0.08807995614299494,0.06571044347175813,0.14464845499328258,0.0010094339003625774,0.02816951478199317,0.05575658946964365,0.09454221147023793,0.05575658946964365,0.09454221147023793,all_holdout_years,0.057769816390506046,0.0010094339003625774,0.05575658946964365,0.05575658946964365
0.1,2011,2011-2013,2014-2016,北京,2233,3,2,0.14464845499328258,0.3298611111111111,0.6701388888888888,288,0.9086538461538461,0.6778846153846154,208,0.6089242788461537,0.45427684294871795,0.10031347962382445,0.10031347962382445,0.7455357142857143,0.028372324539571926,448,4018,0.057769816390506046,0.10031347962382445,0.14285714285714285,0.10031347962382445,0.08807995614299494,0.06571044347175813,0.14464845499328258,0.0010094339003625774,0.02816951478199317,0.05575658946964365,0.09454221147023793,0.05575658946964365,0.09454221147023793,majority_holdout_years,0.10031347962382445,0.02816951478199317,0.09454221147023793,0.09454221147023793
0.1,2012,2012-2014,2015-2017,上海,46,3,2,0.2608695652173913,0.7777777777777778,0.2222222222222222,9,1.0,0.5,2,0.2222222222222222,0.1111111111111111,0.10869565217391304,0.10869565217391304,0.3,0.08536585365853659,10,82,0.021739130434782608,0.08695652173913043,0.21739130434782608,0.10869565217391304,0.05797101449275362,0.02898550724637681,0.2608695652173913,0.0012842113914687267,0.0328758116215994,0.009782608695652173,0.06193001060445387,0.009782608695652173,0.06193001060445387,all_holdout_years,0.021739130434782608,0.0012842113914687267,0.009782608695652173,0.009782608695652173
0.1,2012,2012-2014,2015-2017,上海,46,3,2,0.2608695652173913,0.7777777777777778,0.2222222222222222,9,1.0,0.5,2,0.2222222222222222,0.1111111111111111,0.10869565217391304,0.10869565217391304,0.3,0.08536585365853659,10,82,0.021739130434782608,0.08695652173913043,0.21739130434782608,0.10869565217391304,0.05797101449275362,0.02898550724637681,0.2608695652173913,0.0012842113914687267,0.0328758116215994,0.009782608695652173,0.06193001060445387,0.009782608695652173,0.06193001060445387,majority_holdout_years,0.08695652173913043,0.0328758116215994,0.06193001060445387,0.06193001060445387
0.1,2012,2012-2014,2015-2017,北京,3695,3,2,0.13234100135317997,0.2733333333333333,0.7266666666666667,450,0.927170868347339,0.7394957983193278,357,0.6737441643323997,0.5373669467787116,0.10013531799729364,0.10013531799729364,0.7986486486486486,0.022406015037593985,740,6650,0.06549391069012178,0.09201623815967523,0.1428958051420839,0.10013531799729364,0.08916397736361122,0.07111567983079566,0.13234100135317997,0.001004065035684729,0.028073115659887897,0.0638702775847566,0.09652735384157646,0.0638702775847566,0.09652735384157646,all_holdout_years,0.06549391069012178,0.001004065035684729,0.0638702775847566,0.0638702775847566
0.1,2012,2012-2014,2015-2017,北京,3695,3,2,0.13234100135317997,0.2733333333333333,0.7266666666666667,450,0.927170868347339,0.7394957983193278,357,0.6737441643323997,0.5373669467787116,0.10013531799729364,0.10013531799729364,0.7986486486486486,0.022406015037593985,740,6650,0.06549391069012178,0.09201623815967523,0.1428958051420839,0.10013531799729364,0.08916397736361122,0.07111567983079566,0.13234100135317997,0.001004065035684729,0.028073115659887897,0.0638702775847566,0.09652735384157646,0.0638702775847566,0.09652735384157646,majority_holdout_years,0.09201623815967523,0.028073115659887897,0.09652735384157646,0.09652735384157646
0.1,2012,2012-2014,2015-2017,南京,222,3,2,0.1981981981981982,0.5945945945945946,0.4054054054054054,37,0.8,0.25,20,0.32432432432432434,0.10135135135135134,0.1036036036036036,0.1036036036036036,0.43478260869565216,0.06532663316582915,46,398,0.02702702702702703,0.1036036036036036,0.18018018018018017,0.1036036036036036,0.06428049671292914,0.020087655222790355,0.1981981981981982,0.0011120506920360828,0.02997701865488571,0.019584802193497845,0.07433072137026692,0.019584802193497845,0.07433072137026692,all_holdout_years,0.02702702702702703,0.0011120506920360828,0.019584802193497845,0.019584802193497845
0.1,2012,2012-2014,2015-2017,南京,222,3,2,0.1981981981981982,0.5945945945945946,0.4054054054054054,37,0.8,0.25,20,0.32432432432432434,0.10135135135135134,0.1036036036036036,0.1036036036036036,0.43478260869565216,0.06532663316582915,46,398,0.02702702702702703,0.1036036036036036,0.18018018018018017,0.1036036036036036,0.06428049671292914,0.020087655222790355,0.1981981981981982,0.0011120506920360828,0.02997701865488571,0.019584802193497845,0.07433072137026692,0.019584802193497845,0.07433072137026692,majority_holdout_years,0.1036036036036036,0.02997701865488571,0.07433072137026692,0.07433072137026692
0.1,2012,2012-2014,2015-2017,天津,23,3,2,0.21739130434782608,0.6,0.4,5,1.0,0.3333333333333333,3,0.4,0.13333333333333333,0.13043478260869565,0.13043478260869565,0.5,0.075,6,40,0.08695652173913043,0.13043478260869565,0.17391304347826086,0.13043478260869565,0.08695652173913043,0.02898550724637681,0.21739130434782608,0.00221911728445796,0.046601462973617155,0.03260869565217391,0.10271739130434782,0.03260869565217391,0.10271739130434782,all_holdout_years,0.08695652173913043,0.00221911728445796,0.03260869565217391,0.03260869565217391
0.1,2012,2012-2014,2015-2017,天津,23,3,2,0.21739130434782608,0.6,0.4,5,1.0,0.3333333333333333,3,0.4,0.13333333333333333,0.13043478260869565,0.13043478260869565,0.5,0.075,6,40,0.08695652173913043,0.13043478260869565,0.17391304347826086,0.13043478260869565,0.08695652173913043,0.02898550724637681,0.21739130434782608,0.00221911728445796,0.046601462973617155,0.03260869565217391,0.10271739130434782,0.03260869565217391,0.10271739130434782,majority_holdout_years,0.13043478260869565,0.046601462973617155,0.10271739130434782,0.10271739130434782
0.1,2013,2013-2015,2016-2018,上海,88,3,2,0.20454545454545456,0.6,0.4,15,1.0,0.5,6,0.4,0.2,0.10227272727272728,0.10227272727272728,0.5,0.056962025316455694,18,158,0.045454545454545456,0.07954545454545454,0.18181818181818182,0.10227272727272728,0.08181818181818183,0.040909090909090916,0.20454545454545456,0.001069743144252442,0.029239645942900076,0.02556818181818182,0.07961737629459148,0.025568181818181816,0.07961737629459148,all_holdout_years,0.045454545454545456,0.001069743144252442,0.02556818181818182,0.025568181818181816
0.1,2013,2013-2015,2016-2018,上海,88,3,2,0.20454545454545456,0.6,0.4,15,1.0,0.5,6,0.4,0.2,0.10227272727272728,0.10227272727272728,0.5,0.056962025316455694,18,158,0.045454545454545456,0.07954545454545454,0.18181818181818182,0.10227272727272728,0.08181818181818183,0.040909090909090916,0.20454545454545456,0.001069743144252442,0.029239645942900076,0.02556818181818182,0.07961737629459148,0.025568181818181816,0.07961737629459148,majority_holdout_years,0.07954545454545454,0.029239645942900076,0.07961737629459148,0.07961737629459148
0.1,2013,2013-2015,2016-2018,北京,4012,3,2,0.13060817547357925,0.2505175983436853,0.7494824016563146,483,0.9232736572890026,0.7442455242966752,391,0.6919773580509708,0.5577989229718352,0.10019940179461616,0.10019940179461616,0.8121890547263682,0.020914127423822714,804,7220,0.0707876370887338,0.09695912263210368,0.13285144566301096,0.10019940179461616,0.09037790020406498,0.07285309961047898,0.13060817547357925,0.0010059939900896235,0.028107772379817538,0.06609664166703869,0.09705864662321521,0.06609664166703869,0.09705864662321521,all_holdout_years,0.0707876370887338,0.0010059939900896235,0.06609664166703869,0.06609664166703869
0.1,2013,2013-2015,2016-2018,北京,4012,3,2,0.13060817547357925,0.2505175983436853,0.7494824016563146,483,0.9232736572890026,0.7442455242966752,391,0.6919773580509708,0.5577989229718352,0.10019940179461616,0.10019940179461616,0.8121890547263682,0.020914127423822714,804,7220,0.0707876370887338,0.09695912263210368,0.13285144566301096,0.10019940179461616,0.09037790020406498,0.07285309961047898,0.13060817547357925,0.0010059939900896235,0.028107772379817538,0.06609664166703869,0.09705864662321521,0.06609664166703869,0.09705864662321521,majority_holdout_years,0.09695912263210368,0.028107772379817538,0.09705864662321521,0.09705864662321521
0.1,2013,2013-2015,2016-2018,南京,404,3,2,0.18811881188118812,0.5396825396825397,0.46031746031746035,63,0.8484848484848485,0.42424242424242425,33,0.3905723905723906,0.1952861952861953,0.10148514851485149,0.10148514851485149,0.524390243902439,0.05371900826446281,82,726,0.034653465346534656,0.07920792079207921,0.1905940594059406,0.10148514851485149,0.07347401406807348,0.03673700703403674,0.18811881188118812,0.0010452194310206437,0.028807267245203105,0.027906906544312972,0.08112160994369948,0.027906906544312972,0.08112160994369948,all_holdout_years,0.034653465346534656,0.0010452194310206437,0.027906906544312972,0.027906906544312972
0.1,2013,2013-2015,2016-2018,南京,404,3,2,0.18811881188118812,0.5396825396825397,0.46031746031746035,63,0.8484848484848485,0.42424242424242425,33,0.3905723905723906,0.1952861952861953,0.10148514851485149,0.10148514851485149,0.524390243902439,0.05371900826446281,82,726,0.034653465346534656,0.07920792079207921,0.1905940594059406,0.10148514851485149,0.07347401406807348,0.03673700703403674,0.18811881188118812,0.0010452194310206437,0.028807267245203105,0.027906906544312972,0.08112160994369948,0.027906906544312972,0.08112160994369948,majority_holdout_years,0.07920792079207921,0.028807267245203105,0.08112160994369948,0.08112160994369948
0.1,2013,2013-2015,2016-2018,大连,28,3,2,0.14285714285714285,0.25,0.75,4,0.75,0.25,4,0.5625,0.1875,0.10714285714285714,0.10714285714285714,0.6666666666666666,0.04,6,50,0.07142857142857142,0.10714285714285714,0.14285714285714285,0.10714285714285714,0.08035714285714285,0.026785714285714284,0.14285714285714285,0.0012299562682215742,0.03197886297376093,0.047619047619047616,0.09666666666666666,0.047619047619047616,0.09666666666666666,all_holdout_years,0.07142857142857142,0.0012299562682215742,0.047619047619047616,0.047619047619047616
0.1,2013,2013-2015,2016-2018,大连,28,3,2,0.14285714285714285,0.25,0.75,4,0.75,0.25,4,0.5625,0.1875,0.10714285714285714,0.10714285714285714,0.6666666666666666,0.04,6,50,0.07142857142857142,0.10714285714285714,0.14285714285714285,0.10714285714285714,0.08035714285714285,0.026785714285714284,0.14285714285714285,0.0012299562682215742,0.03197886297376093,0.047619047619047616,0.09666666666666666,0.047619047619047616,0.09666666666666666,majority_holdout_years,0.10714285714285714,0.03197886297376093,0.09666666666666666,0.09666666666666666
0.1,2013,2013-2015,2016-2018,天津,250,3,2,0.148,0.3125,0.6875,32,0.9090909090909091,0.7272727272727273,22,0.625,0.5,0.1,0.1,0.76,0.02666666666666667,50,450,0.048,0.096,0.156,0.1,0.09249999999999999,0.074,0.148,0.0010000000000000002,0.028000000000000008,0.05776000000000001,0.09488000000000002,0.05776000000000001,0.09488000000000002,all_holdout_years,0.048,0.0010000000000000002,0.05776000000000001,0.05776000000000001
0.1,2013,2013-2015,2016-2018,天津,250,3,2,0.148,0.3125,0.6875,32,0.9090909090909091,0.7272727272727273,22,0.625,0.5,0.1,0.1,0.76,0.02666666666666667,50,450,0.048,0.096,0.156,0.1,0.09249999999999999,0.074,0.148,0.0010000000000000002,0.028000000000000008,0.05776000000000001,0.09488000000000002,0.05776000000000001,0.09488000000000002,majority_holdout_years,0.096,0.028000000000000008,0.09488000000000002,0.09488000000000002
0.1,2014,2014-2016,2017-2019,上海,200,3,2,0.175,0.4642857142857143,0.5357142857142857,28,0.7647058823529411,0.47058823529411764,17,0.4096638655462184,0.25210084033613445,0.1,0.1,0.575,0.04722222222222222,40,360,0.065,0.1,0.135,0.1,0.07169117647058822,0.044117647058823525,0.175,0.0010000000000000002,0.028000000000000008,0.033062499999999995,0.08394444444444443,0.033062499999999995,0.08394444444444443,all_holdout_years,0.065,0.0010000000000000002,0.033062499999999995,0.033062499999999995
0.1,2014,2014-2016,2017-2019,上海,200,3,2,0.175,0.4642857142857143,0.5357142857142857,28,0.7647058823529411,0.47058823529411764,17,0.4096638655462184,0.25210084033613445,0.1,0.1,0.575,0.04722222222222222,40,360,0.065,0.1,0.135,0.1,0.07169117647058822,0.044117647058823525,0.175,0.0010000000000000002,0.028000000000000008,0.033062499999999995,0.08394444444444443,0.033062499999999995,0.08394444444444443,majority_holdout_years,0.1,0.028000000000000008,0.08394444444444443,0.08394444444444443
0.1,2014,2014-2016,2017-2019,北京,4209,3,2,0.14231408885721075,0.1919191919191919,0.8080808080808081,495,0.7601918465227818,0.592326139088729,417,0.6142964416345712,0.4786473851222052,0.10002375861249703,0.10002375861249703,0.7684085510688836,0.025739176346356918,842,7576,0.07769066286528867,0.0974103112378237,0.12497030173437872,0.10002375861249703,0.08742303837945074,0.06811826649755309,0.14231408885721075,0.0010007129277298224,0.028012831005453577,0.059059198448748844,0.09525526334592208,0.059059198448748844,0.09525526334592208,all_holdout_years,0.07769066286528867,0.0010007129277298224,0.059059198448748844,0.059059198448748844
0.1,2014,2014-2016,2017-2019,北京,4209,3,2,0.14231408885721075,0.1919191919191919,0.8080808080808081,495,0.7601918465227818,0.592326139088729,417,0.6142964416345712,0.4786473851222052,0.10002375861249703,0.10002375861249703,0.7684085510688836,0.025739176346356918,842,7576,0.07769066286528867,0.0974103112378237,0.12497030173437872,0.10002375861249703,0.08742303837945074,0.06811826649755309,0.14231408885721075,0.0010007129277298224,0.028012831005453577,0.059059198448748844,0.09525526334592208,0.059059198448748844,0.09525526334592208,majority_holdout_years,0.0974103112378237,0.028012831005453577,0.09525526334592208,0.09525526334592208
0.1,2014,2014-2016,2017-2019,南京,541,3,2,0.18114602587800369,0.4810126582278481,0.5189873417721519,79,0.72,0.34,50,0.37367088607594934,0.17645569620253165,0.10166358595194085,0.10166358595194085,0.5272727272727272,0.053497942386831275,110,972,0.04436229205175601,0.08687615526802218,0.17375231053604437,0.10166358595194085,0.06768899599897049,0.031964248110624954,0.18114602587800369,0.0010507424380285055,0.028904969249765985,0.028264157284489996,0.08151578079694735,0.028264157284489996,0.08151578079694735,all_holdout_years,0.04436229205175601,0.0010507424380285055,0.028264157284489996,0.028264157284489996
0.1,2014,2014-2016,2017-2019,南京,541,3,2,0.18114602587800369,0.4810126582278481,0.5189873417721519,79,0.72,0.34,50,0.37367088607594934,0.17645569620253165,0.10166358595194085,0.10166358595194085,0.5272727272727272,0.053497942386831275,110,972,0.04436229205175601,0.08687615526802218,0.17375231053604437,0.10166358595194085,0.06768899599897049,0.031964248110624954,0.18114602587800369,0.0010507424380285055,0.028904969249765985,0.028264157284489996,0.08151578079694735,0.028264157284489996,0.08151578079694735,majority_holdout_years,0.08687615526802218,0.028904969249765985,0.08151578079694735,0.08151578079694735
0.1,2014,2014-2016,2017-2019,大连,126,3,2,0.15079365079365079,0.3888888888888889,0.6111111111111112,18,1.0,0.6666666666666666,12,0.6111111111111112,0.40740740740740744,0.10317460317460317,0.10317460317460317,0.7307692307692307,0.030973451327433628,26,226,0.07142857142857142,0.10317460317460317,0.1349206349206349,0.10317460317460317,0.09215167548500883,0.06143445032333922,0.15079365079365079,0.0010982935208180861,0.029738409179074336,0.05509768009768009,0.09655634434395496,0.05509768009768009,0.09655634434395496,all_holdout_years,0.07142857142857142,0.0010982935208180861,0.05509768009768009,0.05509768009768009
0.1,2014,2014-2016,2017-2019,大连,126,3,2,0.15079365079365079,0.3888888888888889,0.6111111111111112,18,1.0,0.6666666666666666,12,0.6111111111111112,0.40740740740740744,0.10317460317460317,0.10317460317460317,0.7307692307692307,0.030973451327433628,26,226,0.07142857142857142,0.10317460317460317,0.1349206349206349,0.10317460317460317,0.09215167548500883,0.06143445032333922,0.15079365079365079,0.0010982935208180861,0.029738409179074336,0.05509768009768009,0.09655634434395496,0.05509768009768009,0.09655634434395496,majority_holdout_years,0.10317460317460317,0.029738409179074336,0.09655634434395496,0.09655634434395496
0.1,2014,2014-2016,2017-2019,天津,738,3,2,0.14905149051490515,0.3404255319148936,0.6595744680851063,94,0.8405797101449275,0.6231884057971014,69,0.5544249152019735,0.41103916127042855,0.1002710027100271,0.1002710027100271,0.7094594594594594,0.03237951807228916,148,1328,0.05420054200542006,0.0948509485094851,0.15176151761517614,0.1002710027100271,0.08263785998945403,0.06126599964735385,0.14905149051490515,0.0010081521339445738,0.028146517685533643,0.050469676994067236,0.0927500515134588,0.05046967699406722,0.09275005151345878,all_holdout_years,0.05420054200542006,0.0010081521339445738,0.050469676994067236,0.05046967699406722
0.1,2014,2014-2016,2017-2019,天津,738,3,2,0.14905149051490515,0.3404255319148936,0.6595744680851063,94,0.8405797101449275,0.6231884057971014,69,0.5544249152019735,0.41103916127042855,0.1002710027100271,0.1002710027100271,0.7094594594594594,0.03237951807228916,148,1328,0.05420054200542006,0.0948509485094851,0.15176151761517614,0.1002710027100271,0.08263785998945403,0.06126599964735385,0.14905149051490515,0.0010081521339445738,0.028146517685533643,0.050469676994067236,0.0927500515134588,0.05046967699406722,0.09275005151345878,majority_holdout_years,0.0948509485094851,0.028146517685533643,0.0927500515134588,0.09275005151345878
0.1,2014,2014-2016,2017-2019,廊坊,46,3,2,0.17391304347826086,0.16666666666666666,0.8333333333333334,6,0.5,0.16666666666666666,6,0.4166666666666667,0.1388888888888889,0.10869565217391304,0.10869565217391304,0.6,0.04878048780487805,10,82,0.021739130434782608,0.08695652173913043,0.21739130434782608,0.10869565217391304,0.07246376811594203,0.024154589371980676,0.17391304347826086,0.0012842113914687267,0.0328758116215994,0.03913043478260869,0.09342523860021208,0.03913043478260869,0.09342523860021208,all_holdout_years,0.021739130434782608,0.0012842113914687267,0.03913043478260869,0.03913043478260869
0.1,2014,2014-2016,2017-2019,廊坊,46,3,2,0.17391304347826086,0.16666666666666666,0.8333333333333334,6,0.5,0.16666666666666666,6,0.4166666666666667,0.1388888888888889,0.10869565217391304,0.10869565217391304,0.6,0.04878048780487805,10,82,0.021739130434782608,0.08695652173913043,0.21739130434782608,0.10869565217391304,0.07246376811594203,0.024154589371980676,0.17391304347826086,0.0012842113914687267,0.0328758116215994,0.03913043478260869,0.09342523860021208,0.03913043478260869,0.09342523860021208,majority_holdout_years,0.08695652173913043,0.0328758116215994,0.09342523860021208,0.09342523860021208
0.1,2015,2015-2017,2018-2020,上海,620,3,2,0.16451612903225807,0.45348837209302323,0.5465116279069768,86,0.8363636363636363,0.5272727272727272,55,0.4570824524312897,0.28816067653276956,0.1,0.1,0.6129032258064516,0.043010752688172046,124,1116,0.07419354838709677,0.1032258064516129,0.12258064516129032,0.1,0.07519743572256701,0.0474070790424879,0.16451612903225807,0.0010000000000000002,0.028000000000000008,0.03756503642039542,0.08668054110301769,0.03756503642039542,0.08668054110301769,all_holdout_years,0.07419354838709677,0.0010000000000000002,0.03756503642039542,0.03756503642039542
0.1,2015,2015-2017,2018-2020,上海,620,3,2,0.16451612903225807,0.45348837209302323,0.5465116279069768,86,0.8363636363636363,0.5272727272727272,55,0.4570824524312897,0.28816067653276956,0.1,0.1,0.6129032258064516,0.043010752688172046,124,1116,0.07419354838709677,0.1032258064516129,0.12258064516129032,0.1,0.07519743572256701,0.0474070790424879,0.16451612903225807,0.0010000000000000002,0.028000000000000008,0.03756503642039542,0.08668054110301769,0.03756503642039542,0.08668054110301769,majority_holdout_years,0.1032258064516129,0.028000000000000008,0.08668054110301769,0.08668054110301769
0.1,2015,2015-2017,2018-2020,北京,4673,3,2,0.13567301519366573,0.306368330464716,0.693631669535284,581,0.9346846846846847,0.7342342342342343,444,0.6483268983268983,0.5092881177218527,0.10014979670447251,0.10014979670447251,0.7788461538461539,0.024613555291319856,936,8410,0.0838861545046009,0.09736785790712604,0.11919537770169056,0.10014979670447251,0.08796046512716744,0.06909665453363034,0.13567301519366573,0.0010045006362112727,0.028080944067418973,0.06075100001646118,0.09579672156981137,0.06075100001646118,0.09579672156981137,all_holdout_years,0.0838861545046009,0.0010045006362112727,0.06075100001646118,0.06075100001646118
0.1,2015,2015-2017,2018-2020,北京,4673,3,2,0.13567301519366573,0.306368330464716,0.693631669535284,581,0.9346846846846847,0.7342342342342343,444,0.6483268983268983,0.5092881177218527,0.10014979670447251,0.10014979670447251,0.7788461538461539,0.024613555291319856,936,8410,0.0838861545046009,0.09736785790712604,0.11919537770169056,0.10014979670447251,0.08796046512716744,0.06909665453363034,0.13567301519366573,0.0010045006362112727,0.028080944067418973,0.06075100001646118,0.09579672156981137,0.06075100001646118,0.09579672156981137,majority_holdout_years,0.09736785790712604,0.028080944067418973,0.09579672156981137,0.09579672156981137
0.1,2015,2015-2017,2018-2020,南京,984,3,2,0.16463414634146342,0.48148148148148145,0.5185185185185186,135,0.8470588235294118,0.5882352941176471,85,0.43921568627450985,0.3050108932461874,0.10060975609756098,0.10060975609756098,0.6060606060606061,0.04406779661016949,198,1770,0.08231707317073171,0.09959349593495935,0.11991869918699187,0.10060975609756098,0.07230989956958395,0.0502152080344333,0.16463414634146342,0.0010184044503852238,0.028330160165261676,0.03695491500369549,0.08674289400829294,0.03695491500369549,0.08674289400829294,all_holdout_years,0.08231707317073171,0.0010184044503852238,0.03695491500369549,0.03695491500369549
0.1,2015,2015-2017,2018-2020,南京,984,3,2,0.16463414634146342,0.48148148148148145,0.5185185185185186,135,0.8470588235294118,0.5882352941176471,85,0.43921568627450985,0.3050108932461874,0.10060975609756098,0.10060975609756098,0.6060606060606061,0.04406779661016949,198,1770,0.08231707317073171,0.09959349593495935,0.11991869918699187,0.10060975609756098,0.07230989956958395,0.0502152080344333,0.16463414634146342,0.0010184044503852238,0.028330160165261676,0.03695491500369549,0.08674289400829294,0.03695491500369549,0.08674289400829294,majority_holdout_years,0.09959349593495935,0.028330160165261676,0.08674289400829294,0.08674289400829294
0.1,2015,2015-2017,2018-2020,大连,751,3,2,0.13315579227696406,0.23655913978494625,0.7634408602150538,93,0.9078947368421053,0.6842105263157895,76,0.6931239388794568,0.522354272778721,0.10119840213049268,0.10119840213049268,0.8092105263157895,0.02148148148148148,152,1350,0.07856191744340879,0.0985352862849534,0.12649800266311584,0.10119840213049268,0.09229346722762408,0.069554497041108,0.13315579227696406,0.0010363846353210822,0.028650580510652546,0.06626690728151938,0.09792947285360909,0.06626690728151938,0.09792947285360909,all_holdout_years,0.07856191744340879,0.0010363846353210822,0.06626690728151938,0.06626690728151938
0.1,2015,2015-2017,2018-2020,大连,751,3,2,0.13315579227696406,0.23655913978494625,0.7634408602150538,93,0.9078947368421053,0.6842105263157895,76,0.6931239388794568,0.522354272778721,0.10119840213049268,0.10119840213049268,0.8092105263157895,0.02148148148148148,152,1350,0.07856191744340879,0.0985352862849534,0.12649800266311584,0.10119840213049268,0.09229346722762408,0.069554497041108,0.13315579227696406,0.0010363846353210822,0.028650580510652546,0.06626690728151938,0.09792947285360909,0.06626690728151938,0.09792947285360909,majority_holdout_years,0.0985352862849534,0.028650580510652546,0.09792947285360909,0.09792947285360909
0.1,2015,2015-2017,2018-2020,天津,1344,3,2,0.15029761904761904,0.37640449438202245,0.6235955056179776,178,0.8951612903225806,0.6370967741935484,124,0.5582185574483509,0.39729068503080833,0.10044642857142858,0.10044642857142858,0.7037037037037037,0.033085194375516956,270,2418,0.07589285714285714,0.09449404761904762,0.13095238095238096,0.10044642857142858,0.08389892009268368,0.05971184402992803,0.15029761904761904,0.0010134527356562045,0.028241549566952896,0.04974096119929453,0.09261276482378633,0.04974096119929453,0.09261276482378633,all_holdout_years,0.07589285714285714,0.0010134527356562045,0.04974096119929453,0.04974096119929453
0.1,2015,2015-2017,2018-2020,天津,1344,3,2,0.15029761904761904,0.37640449438202245,0.6235955056179776,178,0.8951612903225806,0.6370967741935484,124,0.5582185574483509,0.39729068503080833,0.10044642857142858,0.10044642857142858,0.7037037037037037,0.033085194375516956,270,2418,0.07589285714285714,0.09449404761904762,0.13095238095238096,0.10044642857142858,0.08389892009268368,0.05971184402992803,0.15029761904761904,0.0010134527356562045,0.028241549566952896,0.04974096119929453,0.09261276482378633,0.04974096119929453,0.09261276482378633,majority_holdout_years,0.09449404761904762,0.028241549566952896,0.09261276482378633,0.09261276482378633
0.1,2015,2015-2017,2018-2020,廊坊,63,3,2,0.19047619047619047,0.3,0.7,10,0.625,0.125,8,0.4375,0.0875,0.1111111111111111,0.1111111111111111,0.5714285714285714,0.05357142857142857,14,112,0.06349206349206349,0.1111111111111111,0.15873015873015872,0.1111111111111111,0.08333333333333331,0.016666666666666663,0.19047619047619047,0.001371742112482853,0.034293552812071325,0.03628117913832199,0.09325396825396824,0.03628117913832199,0.09325396825396824,all_holdout_years,0.06349206349206349,0.001371742112482853,0.03628117913832199,0.03628117913832199
0.1,2015,2015-2017,2018-2020,廊坊,63,3,2,0.19047619047619047,0.3,0.7,10,0.625,0.125,8,0.4375,0.0875,0.1111111111111111,0.1111111111111111,0.5714285714285714,0.05357142857142857,14,112,0.06349206349206349,0.1111111111111111,0.15873015873015872,0.1111111111111111,0.08333333333333331,0.016666666666666663,0.19047619047619047,0.001371742112482853,0.034293552812071325,0.03628117913832199,0.09325396825396824,0.03628117913832199,0.09325396825396824,majority_holdout_years,0.1111111111111111,0.034293552812071325,0.09325396825396824,0.09325396825396824
0.1,2016,2016-2018,2019-2021,上海,802,3,2,0.1596009975062344,0.42857142857142855,0.5714285714285714,119,0.972972972972973,0.5540540540540541,74,0.555984555984556,0.3166023166023166,0.10099750623441396,0.10099750623441396,0.6728395061728395,0.036754507628294034,162,1442,0.08977556109725686,0.09850374064837905,0.11471321695760599,0.10099750623441396,0.08873568973319597,0.05053004554251437,0.1596009975062344,0.0010302246851760716,0.02854103942635932,0.04572288414765555,0.09140179721412722,0.04572288414765555,0.09140179721412722,all_holdout_years,0.08977556109725686,0.0010302246851760716,0.04572288414765555,0.04572288414765555
0.1,2016,2016-2018,2019-2021,上海,802,3,2,0.1596009975062344,0.42857142857142855,0.5714285714285714,119,0.972972972972973,0.5540540540540541,74,0.555984555984556,0.3166023166023166,0.10099750623441396,0.10099750623441396,0.6728395061728395,0.036754507628294034,162,1442,0.08977556109725686,0.09850374064837905,0.11471321695760599,0.10099750623441396,0.08873568973319597,0.05053004554251437,0.1596009975062344,0.0010302246851760716,0.02854103942635932,0.04572288414765555,0.09140179721412722,0.04572288414765555,0.09140179721412722,majority_holdout_years,0.09850374064837905,0.02854103942635932,0.09140179721412722,0.09140179721412722
0.1,2016,2016-2018,2019-2021,北京,4408,3,2,0.12704174228675136,0.24293785310734464,0.7570621468926554,531,0.9471264367816092,0.7540229885057471,435,0.7170335736086759,0.5708422624845769,0.10004537205081669,0.10004537205081669,0.8276643990929705,0.019158053945046636,882,7934,0.08257713248638839,0.09868421052631579,0.11887477313974591,0.10004537205081669,0.09109319446934178,0.0725207955969517,0.12704174228675136,0.0010013617792048032,0.028024505847949393,0.06853391689404134,0.09740437986181699,0.06853391689404134,0.09740437986181699,all_holdout_years,0.08257713248638839,0.0010013617792048032,0.06853391689404134,0.06853391689404134
0.1,2016,2016-2018,2019-2021,北京,4408,3,2,0.12704174228675136,0.24293785310734464,0.7570621468926554,531,0.9471264367816092,0.7540229885057471,435,0.7170335736086759,0.5708422624845769,0.10004537205081669,0.10004537205081669,0.8276643990929705,0.019158053945046636,882,7934,0.08257713248638839,0.09868421052631579,0.11887477313974591,0.10004537205081669,0.09109319446934178,0.0725207955969517,0.12704174228675136,0.0010013617792048032,0.028024505847949393,0.06853391689404134,0.09740437986181699,0.06853391689404134,0.09740437986181699,majority_holdout_years,0.09868421052631579,0.028024505847949393,0.09740437986181699,0.09740437986181699
0.1,2016,2016-2018,2019-2021,南京,1167,3,2,0.16023993144815768,0.4327485380116959,0.5672514619883041,171,0.9351851851851852,0.5185185185185185,108,0.5304851635260992,0.29413038769763916,0.10025706940874037,0.10025706940874037,0.6538461538461539,0.03857142857142857,234,2100,0.0779777206512425,0.09768637532133675,0.12510711225364182,0.10025706940874037,0.08500490623768686,0.04713143316148974,0.16023993144815768,0.0010077319246548338,0.028138976049977282,0.042861380264979244,0.08958261532811662,0.042861380264979244,0.08958261532811662,all_holdout_years,0.0779777206512425,0.0010077319246548338,0.042861380264979244,0.042861380264979244
0.1,2016,2016-2018,2019-2021,南京,1167,3,2,0.16023993144815768,0.4327485380116959,0.5672514619883041,171,0.9351851851851852,0.5185185185185185,108,0.5304851635260992,0.29413038769763916,0.10025706940874037,0.10025706940874037,0.6538461538461539,0.03857142857142857,234,2100,0.0779777206512425,0.09768637532133675,0.12510711225364182,0.10025706940874037,0.08500490623768686,0.04713143316148974,0.16023993144815768,0.0010077319246548338,0.028138976049977282,0.042861380264979244,0.08958261532811662,0.042861380264979244,0.08958261532811662,majority_holdout_years,0.09768637532133675,0.028138976049977282,0.08958261532811662,0.08958261532811662
0.1,2016,2016-2018,2019-2021,大连,1275,3,2,0.1349019607843137,0.24516129032258063,0.7548387096774194,155,0.8671875,0.65625,128,0.6545866935483872,0.49536290322580645,0.1003921568627451,0.1003921568627451,0.78515625,0.023975588491717523,256,2294,0.07529411764705882,0.10196078431372549,0.12392156862745098,0.1003921568627451,0.0883050284629981,0.06682542694497154,0.1349019607843137,0.0010118109022924818,0.02821213367407709,0.06188878676470588,0.0962753925949194,0.06188878676470588,0.0962753925949194,all_holdout_years,0.07529411764705882,0.0010118109022924818,0.06188878676470588,0.06188878676470588
0.1,2016,2016-2018,2019-2021,大连,1275,3,2,0.1349019607843137,0.24516129032258063,0.7548387096774194,155,0.8671875,0.65625,128,0.6545866935483872,0.49536290322580645,0.1003921568627451,0.1003921568627451,0.78515625,0.023975588491717523,256,2294,0.07529411764705882,0.10196078431372549,0.12392156862745098,0.1003921568627451,0.0883050284629981,0.06682542694497154,0.1349019607843137,0.0010118109022924818,0.02821213367407709,0.06188878676470588,0.0962753925949194,0.06188878676470588,0.0962753925949194,majority_holdout_years,0.10196078431372549,0.02821213367407709,0.0962753925949194,0.0962753925949194
0.1,2016,2016-2018,2019-2021,天津,1883,3,2,0.14285714285714285,0.32786885245901637,0.6721311475409837,244,0.8864864864864865,0.6108108108108108,185,0.5958351794417369,0.41054497120070893,0.10037174721189591,0.10037174721189591,0.7328042328042328,0.029811097992916175,378,3388,0.06797663303239511,0.09718534253850239,0.13595326606479022,0.10037174721189591,0.08511931134881956,0.05864928160010128,0.14285714285714285,0.001011193926527717,0.02820107506205077,0.053899833374076604,0.09400535008245142,0.053899833374076604,0.09400535008245142,all_holdout_years,0.06797663303239511,0.001011193926527717,0.053899833374076604,0.053899833374076604
0.1,2016,2016-2018,2019-2021,天津,1883,3,2,0.14285714285714285,0.32786885245901637,0.6721311475409837,244,0.8864864864864865,0.6108108108108108,185,0.5958351794417369,0.41054497120070893,0.10037174721189591,0.10037174721189591,0.7328042328042328,0.029811097992916175,378,3388,0.06797663303239511,0.09718534253850239,0.13595326606479022,0.10037174721189591,0.08511931134881956,0.05864928160010128,0.14285714285714285,0.001011193926527717,0.02820107506205077,0.053899833374076604,0.09400535008245142,0.053899833374076604,0.09400535008245142,majority_holdout_years,0.09718534253850239,0.02820107506205077,0.09400535008245142,0.09400535008245142
0.1,2016,2016-2018,2019-2021,廊坊,71,3,2,0.18309859154929578,0.6153846153846154,0.3846153846153846,13,1.0,0.375,8,0.3846153846153846,0.14423076923076922,0.11267605633802817,0.11267605633802817,0.5,0.06349206349206349,16,126,0.056338028169014086,0.11267605633802817,0.16901408450704225,0.11267605633802817,0.0704225352112676,0.026408450704225348,0.18309859154929578,0.0014305232306355492,0.03522663455440039,0.028169014084507043,0.08808405991504584,0.028169014084507043,0.08808405991504584,all_holdout_years,0.056338028169014086,0.0014305232306355492,0.028169014084507043,0.028169014084507043
0.1,2016,2016-2018,2019-2021,廊坊,71,3,2,0.18309859154929578,0.6153846153846154,0.3846153846153846,13,1.0,0.375,8,0.3846153846153846,0.14423076923076922,0.11267605633802817,0.11267605633802817,0.5,0.06349206349206349,16,126,0.056338028169014086,0.11267605633802817,0.16901408450704225,0.11267605633802817,0.0704225352112676,0.026408450704225348,0.18309859154929578,0.0014305232306355492,0.03522663455440039,0.028169014084507043,0.08808405991504584,0.028169014084507043,0.08808405991504584,majority_holdout_years,0.11267605633802817,0.03522663455440039,0.08808405991504584,0.08808405991504584
0.1,2016,2016-2018,2019-2021,沈阳,139,3,2,0.17985611510791366,0.47619047619047616,0.5238095238095238,21,0.9090909090909091,0.5454545454545454,11,0.4761904761904762,0.2857142857142857,0.10071942446043165,0.10071942446043165,0.6071428571428571,0.044,28,250,0.050359712230215826,0.10071942446043165,0.1510791366906475,0.10071942446043165,0.08564576909900651,0.051387461459403906,0.17985611510791366,0.001021738377632866,0.028389730635656064,0.037127440904419315,0.08691572456320656,0.03712744090441931,0.08691572456320656,all_holdout_years,0.050359712230215826,0.001021738377632866,0.037127440904419315,0.03712744090441931
0.1,2016,2016-2018,2019-2021,沈阳,139,3,2,0.17985611510791366,0.47619047619047616,0.5238095238095238,21,0.9090909090909091,0.5454545454545454,11,0.4761904761904762,0.2857142857142857,0.10071942446043165,0.10071942446043165,0.6071428571428571,0.044,28,250,0.050359712230215826,0.10071942446043165,0.1510791366906475,0.10071942446043165,0.08564576909900651,0.051387461459403906,0.17985611510791366,0.001021738377632866,0.028389730635656064,0.037127440904419315,0.08691572456320656,0.03712744090441931,0.08691572456320656,majority_holdout_years,0.10071942446043165,0.028389730635656064,0.08691572456320656,0.08691572456320656
0.1,2017,2017-2019,2020-2022,上海,2539,3,2,0.12406459235919653,0.1891891891891892,0.8108108108108107,296,0.94,0.788,250,0.762162162162162,0.6389189189189189,0.10003938558487593,0.10003938558487593,0.860236220472441,0.015536105032822756,508,4570,0.08507286333202048,0.09846396218983852,0.1165813312327688,0.10003938558487593,0.0945573379602525,0.07926721522625423,0.12406459235919653,0.0010011820329746627,0.028021271938649124,0.0740297810843751,0.0983024488205738,0.0740297810843751,0.0983024488205738,all_holdout_years,0.08507286333202048,0.0010011820329746627,0.0740297810843751,0.0740297810843751
0.1,2017,2017-2019,2020-2022,上海,2539,3,2,0.12406459235919653,0.1891891891891892,0.8108108108108107,296,0.94,0.788,250,0.762162162162162,0.6389189189189189,0.10003938558487593,0.10003938558487593,0.860236220472441,0.015536105032822756,508,4570,0.08507286333202048,0.09846396218983852,0.1165813312327688,0.10003938558487593,0.0945573379602525,0.07926721522625423,0.12406459235919653,0.0010011820329746627,0.028021271938649124,0.0740297810843751,0.0983024488205738,0.0740297810843751,0.0983024488205738,majority_holdout_years,0.09846396218983852,0.028021271938649124,0.0983024488205738,0.0983024488205738
0.1,2017,2017-2019,2020-2022,北京,4179,3,2,0.12467097391720507,0.1950207468879668,0.8049792531120332,482,0.9358024691358025,0.8098765432098766,405,0.7533015726653348,0.6519338148660417,0.10002392916965781,0.10002392916965781,0.8564593301435407,0.015953203935123637,836,7522,0.07896625987078248,0.10026322086623594,0.12084230677195501,0.10002392916965781,0.0939148407175495,0.08127722362890828,0.12467097391720507,0.0010007180468849844,0.028012923125840198,0.07336981100535715,0.09819209189871257,0.07336981100535715,0.09819209189871257,all_holdout_years,0.07896625987078248,0.0010007180468849844,0.07336981100535715,0.07336981100535715
0.1,2017,2017-2019,2020-2022,北京,4179,3,2,0.12467097391720507,0.1950207468879668,0.8049792531120332,482,0.9358024691358025,0.8098765432098766,405,0.7533015726653348,0.6519338148660417,0.10002392916965781,0.10002392916965781,0.8564593301435407,0.015953203935123637,836,7522,0.07896625987078248,0.10026322086623594,0.12084230677195501,0.10002392916965781,0.0939148407175495,0.08127722362890828,0.12467097391720507,0.0010007180468849844,0.028012923125840198,0.07336981100535715,0.09819209189871257,0.07336981100535715,0.09819209189871257,majority_holdout_years,0.10026322086623594,0.028012923125840198,0.09819209189871257,0.09819209189871257
0.1,2017,2017-2019,2020-2022,南京,392,3,2,0.14540816326530612,0.3,0.7,50,0.8918918918918919,0.7027027027027027,37,0.6243243243243243,0.49189189189189186,0.10204081632653061,0.10204081632653061,0.7625,0.026988636363636364,80,704,0.06887755102040816,0.09183673469387756,0.14540816326530612,0.10204081632653061,0.09078185328185327,0.07152509652509652,0.14540816326530612,0.001062482469039261,0.02911201965167575,0.05932716836734694,0.09693913787105751,0.05932716836734694,0.09693913787105751,all_holdout_years,0.06887755102040816,0.001062482469039261,0.05932716836734694,0.05932716836734694
0.1,2017,2017-2019,2020-2022,南京,392,3,2,0.14540816326530612,0.3,0.7,50,0.8918918918918919,0.7027027027027027,37,0.6243243243243243,0.49189189189189186,0.10204081632653061,0.10204081632653061,0.7625,0.026988636363636364,80,704,0.06887755102040816,0.09183673469387756,0.14540816326530612,0.10204081632653061,0.09078185328185327,0.07152509652509652,0.14540816326530612,0.001062482469039261,0.02911201965167575,0.05932716836734694,0.09693913787105751,0.05932716836734694,0.09693913787105751,majority_holdout_years,0.09183673469387756,0.02911201965167575,0.09693913787105751,0.09693913787105751
0.1,2017,2017-2019,2020-2022,大连,1191,3,2,0.13266162888329136,0.23972602739726026,0.7602739726027398,146,0.9,0.6833333333333333,120,0.6842465753424658,0.5195205479452055,0.10075566750629723,0.10075566750629723,0.8041666666666667,0.021942110177404293,240,2142,0.06213266162888329,0.10243492863140219,0.1376994122586062,0.10075566750629723,0.09077326524274526,0.06892044212875102,0.13266162888329136,0.0010228417667143095,0.02840943007048994,0.06515708088441086,0.09732456444654547,0.06515708088441086,0.09732456444654547,all_holdout_years,0.06213266162888329,0.0010228417667143095,0.06515708088441086,0.06515708088441086
0.1,2017,2017-2019,2020-2022,大连,1191,3,2,0.13266162888329136,0.23972602739726026,0.7602739726027398,146,0.9,0.6833333333333333,120,0.6842465753424658,0.5195205479452055,0.10075566750629723,0.10075566750629723,0.8041666666666667,0.021942110177404293,240,2142,0.06213266162888329,0.10243492863140219,0.1376994122586062,0.10075566750629723,0.09077326524274526,0.06892044212875102,0.13266162888329136,0.0010228417667143095,0.02840943007048994,0.06515708088441086,0.09732456444654547,0.06515708088441086,0.09732456444654547,majority_holdout_years,0.10243492863140219,0.02840943007048994,0.09732456444654547,0.09732456444654547
0.1,2017,2017-2019,2020-2022,天津,1952,3,2,0.13575819672131148,0.2821576763485477,0.7178423236514523,241,0.91005291005291,0.708994708994709,189,0.653274495598147,0.508946409361347,0.10040983606557377,0.10040983606557377,0.7831632653061225,0.024202733485193622,392,3512,0.07120901639344263,0.09733606557377049,0.13268442622950818,0.10040983606557377,0.08868736748642878,0.06909364676268288,0.13575819672131148,0.0010123455404857675,0.028221714455174664,0.06158584079123453,0.09621570437942159,0.06158584079123453,0.09621570437942159,all_holdout_years,0.07120901639344263,0.0010123455404857675,0.06158584079123453,0.06158584079123453
0.1,2017,2017-2019,2020-2022,天津,1952,3,2,0.13575819672131148,0.2821576763485477,0.7178423236514523,241,0.91005291005291,0.708994708994709,189,0.653274495598147,0.508946409361347,0.10040983606557377,0.10040983606557377,0.7831632653061225,0.024202733485193622,392,3512,0.07120901639344263,0.09733606557377049,0.13268442622950818,0.10040983606557377,0.08868736748642878,0.06909364676268288,0.13575819672131148,0.0010123455404857675,0.028221714455174664,0.06158584079123453,0.09621570437942159,0.06158584079123453,0.09621570437942159,majority_holdout_years,0.09733606557377049,0.028221714455174664,0.09621570437942159,0.09621570437942159
0.1,2017,2017-2019,2020-2022,廊坊,80,3,2,0.175,0.5833333333333334,0.41666666666666663,12,1.0,0.6666666666666666,6,0.41666666666666663,0.27777777777777773,0.1,0.1,0.5625,0.04861111111111111,16,144,0.075,0.1,0.125,0.1,0.07291666666666666,0.048611111111111105,0.175,0.0010000000000000002,0.028000000000000008,0.031640625,0.08298611111111111,0.031640625,0.08298611111111111,all_holdout_years,0.075,0.0010000000000000002,0.031640625,0.031640625
0.1,2017,2017-2019,2020-2022,廊坊,80,3,2,0.175,0.5833333333333334,0.41666666666666663,12,1.0,0.6666666666666666,6,0.41666666666666663,0.27777777777777773,0.1,0.1,0.5625,0.04861111111111111,16,144,0.075,0.1,0.125,0.1,0.07291666666666666,0.048611111111111105,0.175,0.0010000000000000002,0.028000000000000008,0.031640625,0.08298611111111111,0.031640625,0.08298611111111111,majority_holdout_years,0.1,0.028000000000000008,0.08298611111111111,0.08298611111111111
0.1,2017,2017-2019,2020-2022,无锡,49,3,2,0.1836734693877551,0.2857142857142857,0.7142857142857143,7,0.6,0.2,5,0.42857142857142855,0.14285714285714288,0.10204081632653061,0.10204081632653061,0.6,0.045454545454545456,10,88,0.08163265306122448,0.08163265306122448,0.14285714285714285,0.10204081632653061,0.07871720116618076,0.02623906705539359,0.1836734693877551,0.001062482469039261,0.02911201965167575,0.03673469387755102,0.087569573283859,0.03673469387755102,0.087569573283859,all_holdout_years,0.08163265306122448,0.001062482469039261,0.03673469387755102,0.03673469387755102
0.1,2017,2017-2019,2020-2022,无锡,49,3,2,0.1836734693877551,0.2857142857142857,0.7142857142857143,7,0.6,0.2,5,0.42857142857142855,0.14285714285714288,0.10204081632653061,0.10204081632653061,0.6,0.045454545454545456,10,88,0.08163265306122448,0.08163265306122448,0.14285714285714285,0.10204081632653061,0.07871720116618076,0.02623906705539359,0.1836734693877551,0.001062482469039261,0.02911201965167575,0.03673469387755102,0.087569573283859,0.03673469387755102,0.087569573283859,majority_holdout_years,0.08163265306122448,0.02911201965167575,0.087569573283859,0.087569573283859
0.1,2017,2017-2019,2020-2022,沈阳,298,3,2,0.1476510067114094,0.34146341463414637,0.6585365853658536,41,0.9310344827586207,0.5862068965517241,29,0.6131202691337257,0.38603868797308655,0.10067114093959731,0.10067114093959731,0.7333333333333333,0.029850746268656716,60,536,0.0436241610738255,0.07718120805369127,0.18120805369127516,0.10067114093959731,0.09052782497276488,0.05699900090877788,0.1476510067114094,0.0010202696595382817,0.028363496535164234,0.0541387024608501,0.09431366656649637,0.0541387024608501,0.09431366656649637,all_holdout_years,0.0436241610738255,0.0010202696595382817,0.0541387024608501,0.0541387024608501
0.1,2017,2017-2019,2020-2022,沈阳,298,3,2,0.1476510067114094,0.34146341463414637,0.6585365853658536,41,0.9310344827586207,0.5862068965517241,29,0.6131202691337257,0.38603868797308655,0.10067114093959731,0.10067114093959731,0.7333333333333333,0.029850746268656716,60,536,0.0436241610738255,0.07718120805369127,0.18120805369127516,0.10067114093959731,0.09052782497276488,0.05699900090877788,0.1476510067114094,0.0010202696595382817,0.028363496535164234,0.0541387024608501,0.09431366656649637,0.0541387024608501,0.09431366656649637,majority_holdout_years,0.07718120805369127,0.028363496535164234,0.09431366656649637,0.09431366656649637
0.1,2017,2017-2019,2020-2022,石家庄,143,3,2,0.18181818181818182,0.42857142857142855,0.5714285714285714,21,0.7692307692307693,0.46153846153846156,13,0.43956043956043955,0.26373626373626374,0.1048951048951049,0.1048951048951049,0.6,0.046875,30,256,0.06293706293706294,0.1048951048951049,0.14685314685314685,0.1048951048951049,0.07992007992007992,0.04795204795204795,0.18181818181818182,0.00115415905919109,0.030700630974482997,0.037762237762237756,0.09007867132867133,0.037762237762237756,0.09007867132867133,all_holdout_years,0.06293706293706294,0.00115415905919109,0.037762237762237756,0.037762237762237756
0.1,2017,2017-2019,2020-2022,石家庄,143,3,2,0.18181818181818182,0.42857142857142855,0.5714285714285714,21,0.7692307692307693,0.46153846153846156,13,0.43956043956043955,0.26373626373626374,0.1048951048951049,0.1048951048951049,0.6,0.046875,30,256,0.06293706293706294,0.1048951048951049,0.14685314685314685,0.1048951048951049,0.07992007992007992,0.04795204795204795,0.18181818181818182,0.00115415905919109,0.030700630974482997,0.037762237762237756,0.09007867132867133,0.037762237762237756,0.09007867132867133,majority_holdout_years,0.1048951048951049,0.030700630974482997,0.09007867132867133,0.09007867132867133
0.1,2011,2011-2013,2014-2017,北京,2215,4,3,0.14446952595936793,0.3321678321678322,0.6678321678321678,286,0.9170731707317074,0.6878048780487804,205,0.6124509636704759,0.45933822275285685,0.10022573363431152,0.10022573363431152,0.7477477477477478,0.02809834420471651,444,3986,0.053724604966139955,0.0781038374717833,0.15440180586907448,0.10022573363431152,0.08848050039483171,0.06636037529612378,0.14446952595936793,0.00010090599648122589,0.0037244312394917336,0.04190294864445313,0.071237198215519,0.04190294864445313,0.071237198215519,all_holdout_years,0.053724604966139955,0.00010090599648122589,0.04190294864445313,0.04190294864445313
0.1,2011,2011-2013,2014-2017,北京,2215,4,3,0.14446952595936793,0.3321678321678322,0.6678321678321678,286,0.9170731707317074,0.6878048780487804,205,0.6124509636704759,0.45933822275285685,0.10022573363431152,0.10022573363431152,0.7477477477477478,0.02809834420471651,444,3986,0.053724604966139955,0.0781038374717833,0.15440180586907448,0.10022573363431152,0.08848050039483171,0.06636037529612378,0.14446952595936793,0.00010090599648122589,0.0037244312394917336,0.04190294864445313,0.071237198215519,0.04190294864445313,0.071237198215519,majority_holdout_years,0.0781038374717833,0.0037244312394917336,0.071237198215519,0.071237198215519
0.1,2012,2012-2014,2015-2018,上海,45,4,3,0.26666666666666666,0.7777777777777778,0.2222222222222222,9,1.0,0.5,2,0.2222222222222222,0.1111111111111111,0.1111111111111111,0.1111111111111111,0.3,0.0875,10,80,0.022222222222222223,0.022222222222222223,0.24444444444444444,0.1111111111111111,0.059259259259259255,0.029629629629629627,0.26666666666666666,0.00015241579027587256,0.005029721079103794,0.003,0.02108333333333333,0.003,0.02108333333333333,all_holdout_years,0.022222222222222223,0.00015241579027587256,0.003,0.003
0.1,2012,2012-2014,2015-2018,上海,45,4,3,0.26666666666666666,0.7777777777777778,0.2222222222222222,9,1.0,0.5,2,0.2222222222222222,0.1111111111111111,0.1111111111111111,0.1111111111111111,0.3,0.0875,10,80,0.022222222222222223,0.022222222222222223,0.24444444444444444,0.1111111111111111,0.059259259259259255,0.029629629629629627,0.26666666666666666,0.00015241579027587256,0.005029721079103794,0.003,0.02108333333333333,0.003,0.02108333333333333,majority_holdout_years,0.022222222222222223,0.005029721079103794,0.02108333333333333,0.02108333333333333
0.1,2012,2012-2014,2015-2018,北京,3662,4,3,0.13216821409066085,0.273542600896861,0.726457399103139,446,0.9293785310734464,0.7429378531073446,354,0.6751539104659117,0.5397127004636315,0.1002184598580011,0.1002184598580011,0.7997275204359673,0.022306525037936266,734,6590,0.061714909885308575,0.0835608956854178,0.14773347897323866,0.1002184598580011,0.08923388658260549,0.07133286374232596,0.13216821409066085,0.00010087670708722882,0.0037236423730536475,0.05125943893710291,0.0776489194363974,0.05125943893710291,0.0776489194363974,all_holdout_years,0.061714909885308575,0.00010087670708722882,0.05125943893710291,0.05125943893710291
0.1,2012,2012-2014,2015-2018,北京,3662,4,3,0.13216821409066085,0.273542600896861,0.726457399103139,446,0.9293785310734464,0.7429378531073446,354,0.6751539104659117,0.5397127004636315,0.1002184598580011,0.1002184598580011,0.7997275204359673,0.022306525037936266,734,6590,0.061714909885308575,0.0835608956854178,0.14773347897323866,0.1002184598580011,0.08923388658260549,0.07133286374232596,0.13216821409066085,0.00010087670708722882,0.0037236423730536475,0.05125943893710291,0.0776489194363974,0.05125943893710291,0.0776489194363974,majority_holdout_years,0.0835608956854178,0.0037236423730536475,0.0776489194363974,0.0776489194363974
0.1,2012,2012-2014,2015-2018,南京,210,4,3,0.20952380952380953,0.6944444444444444,0.3055555555555556,36,0.8666666666666667,0.26666666666666666,15,0.26481481481481484,0.08148148148148149,0.1,0.1,0.35714285714285715,0.07142857142857142,42,378,0.01904761904761905,0.06190476190476191,0.2,0.1,0.05548500881834217,0.01707231040564374,0.20952380952380953,0.00010000000000000002,0.0037000000000000006,0.004555393586005832,0.02423469387755102,0.004555393586005832,0.02423469387755102,all_holdout_years,0.01904761904761905,0.00010000000000000002,0.004555393586005832,0.004555393586005832
0.1,2012,2012-2014,2015-2018,南京,210,4,3,0.20952380952380953,0.6944444444444444,0.3055555555555556,36,0.8666666666666667,0.26666666666666666,15,0.26481481481481484,0.08148148148148149,0.1,0.1,0.35714285714285715,0.07142857142857142,42,378,0.01904761904761905,0.06190476190476191,0.2,0.1,0.05548500881834217,0.01707231040564374,0.20952380952380953,0.00010000000000000002,0.0037000000000000006,0.004555393586005832,0.02423469387755102,0.004555393586005832,0.02423469387755102,majority_holdout_years,0.06190476190476191,0.0037000000000000006,0.02423469387755102,0.02423469387755102
0.1,2012,2012-2014,2015-2018,天津,23,4,3,0.21739130434782608,0.6,0.4,5,1.0,0.3333333333333333,3,0.4,0.13333333333333333,0.13043478260869565,0.13043478260869565,0.5,0.075,6,40,0.08695652173913043,0.08695652173913043,0.21739130434782608,0.13043478260869565,0.08695652173913043,0.02898550724637681,0.21739130434782608,0.00028945008058147304,0.008008118896087421,0.016304347826086956,0.05380434782608695,0.016304347826086956,0.05380434782608695,all_holdout_years,0.08695652173913043,0.00028945008058147304,0.016304347826086956,0.016304347826086956
0.1,2012,2012-2014,2015-2018,天津,23,4,3,0.21739130434782608,0.6,0.4,5,1.0,0.3333333333333333,3,0.4,0.13333333333333333,0.13043478260869565,0.13043478260869565,0.5,0.075,6,40,0.08695652173913043,0.08695652173913043,0.21739130434782608,0.13043478260869565,0.08695652173913043,0.02898550724637681,0.21739130434782608,0.00028945008058147304,0.008008118896087421,0.016304347826086956,0.05380434782608695,0.016304347826086956,0.05380434782608695,majority_holdout_years,0.08695652173913043,0.008008118896087421,0.05380434782608695,0.05380434782608695
0.1,2013,2013-2015,2016-2019,上海,88,4,3,0.20454545454545456,0.6,0.4,15,1.0,0.5,6,0.4,0.2,0.10227272727272728,0.10227272727272728,0.5,0.056962025316455694,18,158,0.045454545454545456,0.07954545454545454,0.18181818181818182,0.10227272727272728,0.08181818181818183,0.040909090909090916,0.20454545454545456,0.00010940554884399975,0.003950755930477769,0.01278409090909091,0.04126510356731876,0.012784090909090908,0.04126510356731876,all_holdout_years,0.045454545454545456,0.00010940554884399975,0.01278409090909091,0.012784090909090908
0.1,2013,2013-2015,2016-2019,上海,88,4,3,0.20454545454545456,0.6,0.4,15,1.0,0.5,6,0.4,0.2,0.10227272727272728,0.10227272727272728,0.5,0.056962025316455694,18,158,0.045454545454545456,0.07954545454545454,0.18181818181818182,0.10227272727272728,0.08181818181818183,0.040909090909090916,0.20454545454545456,0.00010940554884399975,0.003950755930477769,0.01278409090909091,0.04126510356731876,0.012784090909090908,0.04126510356731876,majority_holdout_years,0.07954545454545454,0.003950755930477769,0.04126510356731876,0.04126510356731876
0.1,2013,2013-2015,2016-2019,北京,3956,4,3,0.1301820020222447,0.2463157894736842,0.7536842105263157,475,0.9222797927461139,0.7435233160621761,386,0.6951077174802289,0.5603817834742295,0.10010111223458039,0.10010111223458039,0.8143939393939394,0.020646067415730336,792,7120,0.06774519716885744,0.08543983822042467,0.14004044489383216,0.10010111223458039,0.09049051428268906,0.07295162246947125,0.1301820020222447,0.0001004050627729608,0.003710930552386501,0.054068273520780946,0.07933813538693325,0.054068273520780946,0.07933813538693325,all_holdout_years,0.06774519716885744,0.0001004050627729608,0.054068273520780946,0.054068273520780946
0.1,2013,2013-2015,2016-2019,北京,3956,4,3,0.1301820020222447,0.2463157894736842,0.7536842105263157,475,0.9222797927461139,0.7435233160621761,386,0.6951077174802289,0.5603817834742295,0.10010111223458039,0.10010111223458039,0.8143939393939394,0.020646067415730336,792,7120,0.06774519716885744,0.08543983822042467,0.14004044489383216,0.10010111223458039,0.09049051428268906,0.07295162246947125,0.1301820020222447,0.0001004050627729608,0.003710930552386501,0.054068273520780946,0.07933813538693325,0.054068273520780946,0.07933813538693325,majority_holdout_years,0.08543983822042467,0.003710930552386501,0.07933813538693325,0.07933813538693325
0.1,2013,2013-2015,2016-2019,南京,399,4,3,0.18796992481203006,0.5714285714285714,0.4285714285714286,63,0.875,0.40625,32,0.375,0.17410714285714288,0.10025062656641603,0.10025062656641603,0.5,0.055710306406685235,80,718,0.02756892230576441,0.05764411027568922,0.21052631578947367,0.10025062656641603,0.07048872180451128,0.03272690655209452,0.18796992481203006,0.00010100628138726765,0.0037271317831901766,0.012531328320802004,0.04038648152414462,0.012531328320802004,0.04038648152414462,all_holdout_years,0.02756892230576441,0.00010100628138726765,0.012531328320802004,0.012531328320802004
0.1,2013,2013-2015,2016-2019,南京,399,4,3,0.18796992481203006,0.5714285714285714,0.4285714285714286,63,0.875,0.40625,32,0.375,0.17410714285714288,0.10025062656641603,0.10025062656641603,0.5,0.055710306406685235,80,718,0.02756892230576441,0.05764411027568922,0.21052631578947367,0.10025062656641603,0.07048872180451128,0.03272690655209452,0.18796992481203006,0.00010100628138726765,0.0037271317831901766,0.012531328320802004,0.04038648152414462,0.012531328320802004,0.04038648152414462,majority_holdout_years,0.05764411027568922,0.0037271317831901766,0.04038648152414462,0.04038648152414462
0.1,2013,2013-2015,2016-2019,大连,28,4,3,0.14285714285714285,0.25,0.75,4,0.75,0.25,4,0.5625,0.1875,0.10714285714285714,0.10714285714285714,0.6666666666666666,0.04,6,50,0.03571428571428571,0.07142857142857142,0.17857142857142858,0.10714285714285714,0.08035714285714285,0.026785714285714284,0.14285714285714285,0.0001317810287380258,0.00452448198667222,0.031746031746031744,0.0653968253968254,0.031746031746031744,0.0653968253968254,all_holdout_years,0.03571428571428571,0.0001317810287380258,0.031746031746031744,0.031746031746031744
0.1,2013,2013-2015,2016-2019,大连,28,4,3,0.14285714285714285,0.25,0.75,4,0.75,0.25,4,0.5625,0.1875,0.10714285714285714,0.10714285714285714,0.6666666666666666,0.04,6,50,0.03571428571428571,0.07142857142857142,0.17857142857142858,0.10714285714285714,0.08035714285714285,0.026785714285714284,0.14285714285714285,0.0001317810287380258,0.00452448198667222,0.031746031746031744,0.0653968253968254,0.031746031746031744,0.0653968253968254,majority_holdout_years,0.07142857142857142,0.00452448198667222,0.0653968253968254,0.0653968253968254
0.1,2013,2013-2015,2016-2019,天津,248,4,3,0.14919354838709678,0.3125,0.6875,32,0.9090909090909091,0.7272727272727273,22,0.625,0.5,0.10080645161290322,0.10080645161290322,0.76,0.026905829596412557,50,446,0.04435483870967742,0.07258064516129033,0.17338709677419356,0.10080645161290322,0.09324596774193548,0.07459677419354839,0.14919354838709678,0.00010326503852172823,0.003787761612976992,0.04425161290322581,0.0731894401851584,0.04425161290322581,0.0731894401851584,all_holdout_years,0.04435483870967742,0.00010326503852172823,0.04425161290322581,0.04425161290322581
0.1,2013,2013-2015,2016-2019,天津,248,4,3,0.14919354838709678,0.3125,0.6875,32,0.9090909090909091,0.7272727272727273,22,0.625,0.5,0.10080645161290322,0.10080645161290322,0.76,0.026905829596412557,50,446,0.04435483870967742,0.07258064516129033,0.17338709677419356,0.10080645161290322,0.09324596774193548,0.07459677419354839,0.14919354838709678,0.00010326503852172823,0.003787761612976992,0.04425161290322581,0.0731894401851584,0.04425161290322581,0.0731894401851584,majority_holdout_years,0.07258064516129033,0.003787761612976992,0.0731894401851584,0.0731894401851584
0.1,2014,2014-2016,2017-2020,上海,183,4,3,0.18032786885245902,0.46153846153846156,0.5384615384615384,26,0.75,0.5,16,0.40384615384615385,0.2692307692307692,0.10382513661202186,0.10382513661202186,0.5789473684210527,0.04878048780487805,38,328,0.08196721311475409,0.09836065573770492,0.1366120218579235,0.10382513661202186,0.07282471626733922,0.048549810844892814,0.18032786885245902,0.00011620104799469396,0.004128195126127285,0.020147435024143623,0.05192198282275271,0.020147435024143623,0.05192198282275271,all_holdout_years,0.08196721311475409,0.00011620104799469396,0.020147435024143623,0.020147435024143623
0.1,2014,2014-2016,2017-2020,上海,183,4,3,0.18032786885245902,0.46153846153846156,0.5384615384615384,26,0.75,0.5,16,0.40384615384615385,0.2692307692307692,0.10382513661202186,0.10382513661202186,0.5789473684210527,0.04878048780487805,38,328,0.08196721311475409,0.09836065573770492,0.1366120218579235,0.10382513661202186,0.07282471626733922,0.048549810844892814,0.18032786885245902,0.00011620104799469396,0.004128195126127285,0.020147435024143623,0.05192198282275271,0.020147435024143623,0.05192198282275271,majority_holdout_years,0.09836065573770492,0.004128195126127285,0.05192198282275271,0.05192198282275271
0.1,2014,2014-2016,2017-2020,北京,4076,4,3,0.1430323846908734,0.18958333333333333,0.8104166666666667,480,0.7530864197530864,0.582716049382716,405,0.6103137860082305,0.4722427983539095,0.10009813542688911,0.10009813542688911,0.7659313725490197,0.02603598691384951,816,7336,0.07188420019627086,0.08856722276741903,0.1346908734052993,0.10009813542688911,0.0872946362224726,0.06754601360165093,0.1430323846908734,0.00010039311991940957,0.003710608451923275,0.04497752602542514,0.07340225505134684,0.04497752602542514,0.07340225505134684,all_holdout_years,0.07188420019627086,0.00010039311991940957,0.04497752602542514,0.04497752602542514
0.1,2014,2014-2016,2017-2020,北京,4076,4,3,0.1430323846908734,0.18958333333333333,0.8104166666666667,480,0.7530864197530864,0.582716049382716,405,0.6103137860082305,0.4722427983539095,0.10009813542688911,0.10009813542688911,0.7659313725490197,0.02603598691384951,816,7336,0.07188420019627086,0.08856722276741903,0.1346908734052993,0.10009813542688911,0.0872946362224726,0.06754601360165093,0.1430323846908734,0.00010039311991940957,0.003710608451923275,0.04497752602542514,0.07340225505134684,0.04497752602542514,0.07340225505134684,majority_holdout_years,0.08856722276741903,0.003710608451923275,0.07340225505134684,0.07340225505134684
0.1,2014,2014-2016,2017-2020,南京,531,4,3,0.18267419962335216,0.48717948717948717,0.5128205128205128,78,0.7142857142857143,0.32653061224489793,49,0.3663003663003663,0.16745159602302456,0.1016949152542373,0.1016949152542373,0.5185185185185185,0.05450733752620545,108,954,0.035781544256120526,0.07344632768361582,0.192090395480226,0.1016949152542373,0.06691362623566013,0.030589086279158913,0.18267419962335216,0.00010695398115150653,0.0038859946485047376,0.0141772518141354,0.04327419142497163,0.0141772518141354,0.04327419142497163,all_holdout_years,0.035781544256120526,0.00010695398115150653,0.0141772518141354,0.0141772518141354
0.1,2014,2014-2016,2017-2020,南京,531,4,3,0.18267419962335216,0.48717948717948717,0.5128205128205128,78,0.7142857142857143,0.32653061224489793,49,0.3663003663003663,0.16745159602302456,0.1016949152542373,0.1016949152542373,0.5185185185185185,0.05450733752620545,108,954,0.035781544256120526,0.07344632768361582,0.192090395480226,0.1016949152542373,0.06691362623566013,0.030589086279158913,0.18267419962335216,0.00010695398115150653,0.0038859946485047376,0.0141772518141354,0.04327419142497163,0.0141772518141354,0.04327419142497163,majority_holdout_years,0.07344632768361582,0.0038859946485047376,0.04327419142497163,0.04327419142497163
0.1,2014,2014-2016,2017-2020,大连,125,4,3,0.152,0.3888888888888889,0.6111111111111112,18,1.0,0.6666666666666666,12,0.6111111111111112,0.40740740740740744,0.104,0.104,0.7307692307692307,0.03125,26,224,0.064,0.096,0.152,0.104,0.0928888888888889,0.061925925925925926,0.152,0.00011698585599999997,0.004148498432,0.04058579881656804,0.07176997041420118,0.04058579881656804,0.07176997041420118,all_holdout_years,0.064,0.00011698585599999997,0.04058579881656804,0.04058579881656804
0.1,2014,2014-2016,2017-2020,大连,125,4,3,0.152,0.3888888888888889,0.6111111111111112,18,1.0,0.6666666666666666,12,0.6111111111111112,0.40740740740740744,0.104,0.104,0.7307692307692307,0.03125,26,224,0.064,0.096,0.152,0.104,0.0928888888888889,0.061925925925925926,0.152,0.00011698585599999997,0.004148498432,0.04058579881656804,0.07176997041420118,0.04058579881656804,0.07176997041420118,majority_holdout_years,0.096,0.004148498432,0.07176997041420118,0.07176997041420118
0.1,2014,2014-2016,2017-2020,天津,734,4,3,0.14713896457765668,0.31521739130434784,0.6847826086956521,92,0.8405797101449275,0.6521739130434783,69,0.5756143667296786,0.44659735349716445,0.1008174386920981,0.1008174386920981,0.7297297297297297,0.030303030303030304,148,1320,0.05449591280653951,0.07493188010899182,0.167574931880109,0.1008174386920981,0.08469530191662845,0.0657118721766945,0.14713896457765668,0.0001033100660627925,0.0037889664769516058,0.03917615236563613,0.06940059381328989,0.03917615236563613,0.06940059381328989,all_holdout_years,0.05449591280653951,0.0001033100660627925,0.03917615236563613,0.03917615236563613
0.1,2014,2014-2016,2017-2020,天津,734,4,3,0.14713896457765668,0.31521739130434784,0.6847826086956521,92,0.8405797101449275,0.6521739130434783,69,0.5756143667296786,0.44659735349716445,0.1008174386920981,0.1008174386920981,0.7297297297297297,0.030303030303030304,148,1320,0.05449591280653951,0.07493188010899182,0.167574931880109,0.1008174386920981,0.08469530191662845,0.0657118721766945,0.14713896457765668,0.0001033100660627925,0.0037889664769516058,0.03917615236563613,0.06940059381328989,0.03917615236563613,0.06940059381328989,majority_holdout_years,0.07493188010899182,0.0037889664769516058,0.06940059381328989,0.06940059381328989
0.1,2014,2014-2016,2017-2020,廊坊,46,4,3,0.17391304347826086,0.16666666666666666,0.8333333333333334,6,0.5,0.16666666666666666,6,0.4166666666666667,0.1388888888888889,0.10869565217391304,0.10869565217391304,0.6,0.04878048780487805,10,82,0.021739130434782608,0.043478260869565216,0.2391304347826087,0.10869565217391304,0.07246376811594203,0.024154589371980676,0.17391304347826086,0.0001395881947248616,0.004718080981700322,0.023478260869565216,0.05732767762460232,0.023478260869565216,0.05732767762460232,all_holdout_years,0.021739130434782608,0.0001395881947248616,0.023478260869565216,0.023478260869565216
0.1,2014,2014-2016,2017-2020,廊坊,46,4,3,0.17391304347826086,0.16666666666666666,0.8333333333333334,6,0.5,0.16666666666666666,6,0.4166666666666667,0.1388888888888889,0.10869565217391304,0.10869565217391304,0.6,0.04878048780487805,10,82,0.021739130434782608,0.043478260869565216,0.2391304347826087,0.10869565217391304,0.07246376811594203,0.024154589371980676,0.17391304347826086,0.0001395881947248616,0.004718080981700322,0.023478260869565216,0.05732767762460232,0.023478260869565216,0.05732767762460232,majority_holdout_years,0.043478260869565216,0.004718080981700322,0.05732767762460232,0.05732767762460232
0.1,2015,2015-2017,2018-2021,上海,593,4,3,0.163575042158516,0.43373493975903615,0.5662650602409638,83,0.8363636363636363,0.509090909090909,55,0.47360350492880604,0.28828039430449065,0.10118043844856661,0.10118043844856661,0.625,0.04221388367729831,120,1066,0.07419898819561552,0.0893760539629005,0.12984822934232715,0.10118043844856661,0.0774697132851504,0.047155477651830674,0.163575042158516,0.0001048060197774458,0.0038289132558693532,0.02470225548060708,0.056347096085032064,0.02470225548060708,0.056347096085032064,all_holdout_years,0.07419898819561552,0.0001048060197774458,0.02470225548060708,0.02470225548060708
0.1,2015,2015-2017,2018-2021,上海,593,4,3,0.163575042158516,0.43373493975903615,0.5662650602409638,83,0.8363636363636363,0.509090909090909,55,0.47360350492880604,0.28828039430449065,0.10118043844856661,0.10118043844856661,0.625,0.04221388367729831,120,1066,0.07419898819561552,0.0893760539629005,0.12984822934232715,0.10118043844856661,0.0774697132851504,0.047155477651830674,0.163575042158516,0.0001048060197774458,0.0038289132558693532,0.02470225548060708,0.056347096085032064,0.02470225548060708,0.056347096085032064,majority_holdout_years,0.0893760539629005,0.0038289132558693532,0.056347096085032064,0.056347096085032064
0.1,2015,2015-2017,2018-2021,北京,4226,4,3,0.13700899195456698,0.30210325047801145,0.6978967495219885,523,0.9221105527638191,0.7336683417085427,398,0.6435379574737935,0.5120247509055795,0.10009465215333649,0.10009465215333649,0.776595744680851,0.024848803576124113,846,7606,0.07832465688594416,0.09157595835305253,0.12683388547089447,0.10009465215333649,0.08817048683798544,0.0701519949773617,0.13700899195456698,0.00010037914649443069,0.00371023157314521,0.0468808950048815,0.07471650846235722,0.0468808950048815,0.07471650846235722,all_holdout_years,0.07832465688594416,0.00010037914649443069,0.0468808950048815,0.0468808950048815
0.1,2015,2015-2017,2018-2021,北京,4226,4,3,0.13700899195456698,0.30210325047801145,0.6978967495219885,523,0.9221105527638191,0.7336683417085427,398,0.6435379574737935,0.5120247509055795,0.10009465215333649,0.10009465215333649,0.776595744680851,0.024848803576124113,846,7606,0.07832465688594416,0.09157595835305253,0.12683388547089447,0.10009465215333649,0.08817048683798544,0.0701519949773617,0.13700899195456698,0.00010037914649443069,0.00371023157314521,0.0468808950048815,0.07471650846235722,0.0468808950048815,0.07471650846235722,majority_holdout_years,0.09157595835305253,0.00371023157314521,0.07471650846235722,0.07471650846235722
0.1,2015,2015-2017,2018-2021,南京,914,4,3,0.16411378555798686,0.46774193548387094,0.532258064516129,124,0.8354430379746836,0.5949367088607594,79,0.44467129440587994,0.3166598611678236,0.10065645514223195,0.10065645514223195,0.6141304347826086,0.04318734793187348,184,1644,0.07658643326039387,0.09190371991247265,0.13129102844638948,0.10065645514223195,0.07297668945391902,0.051968248550518084,0.16411378555798686,0.00010265178991122355,0.003771337498912343,0.02331435972356082,0.05467234523111415,0.02331435972356082,0.05467234523111415,all_holdout_years,0.07658643326039387,0.00010265178991122355,0.02331435972356082,0.02331435972356082
0.1,2015,2015-2017,2018-2021,南京,914,4,3,0.16411378555798686,0.46774193548387094,0.532258064516129,124,0.8354430379746836,0.5949367088607594,79,0.44467129440587994,0.3166598611678236,0.10065645514223195,0.10065645514223195,0.6141304347826086,0.04318734793187348,184,1644,0.07658643326039387,0.09190371991247265,0.13129102844638948,0.10065645514223195,0.07297668945391902,0.051968248550518084,0.16411378555798686,0.00010265178991122355,0.003771337498912343,0.02331435972356082,0.05467234523111415,0.02331435972356082,0.05467234523111415,majority_holdout_years,0.09190371991247265,0.003771337498912343,0.05467234523111415,0.05467234523111415
0.1,2015,2015-2017,2018-2021,大连,737,4,3,0.13297150610583447,0.25274725274725274,0.7472527472527473,91,0.9178082191780822,0.6986301369863014,73,0.6858347132319735,0.5220532891765769,0.10040705563093623,0.10040705563093623,0.8040540540540541,0.021870286576168928,148,1326,0.07191316146540028,0.08683853459972862,0.13568521031207598,0.10040705563093623,0.0911964747581186,0.06941821212931416,0.13297150610583447,0.00010163819118711709,0.003744131205082178,0.05219392652581439,0.07832492600796354,0.05219392652581439,0.07832492600796354,all_holdout_years,0.07191316146540028,0.00010163819118711709,0.05219392652581439,0.05219392652581439
0.1,2015,2015-2017,2018-2021,大连,737,4,3,0.13297150610583447,0.25274725274725274,0.7472527472527473,91,0.9178082191780822,0.6986301369863014,73,0.6858347132319735,0.5220532891765769,0.10040705563093623,0.10040705563093623,0.8040540540540541,0.021870286576168928,148,1326,0.07191316146540028,0.08683853459972862,0.13568521031207598,0.10040705563093623,0.0911964747581186,0.06941821212931416,0.13297150610583447,0.00010163819118711709,0.003744131205082178,0.05219392652581439,0.07832492600796354,0.05219392652581439,0.07832492600796354,majority_holdout_years,0.08683853459972862,0.003744131205082178,0.07832492600796354,0.07832492600796354
0.1,2015,2015-2017,2018-2021,天津,1316,4,3,0.15045592705167174,0.38285714285714284,0.6171428571428572,175,0.8934426229508197,0.6229508196721312,122,0.5513817330210773,0.38444964871194387,0.10030395136778116,0.10030395136778116,0.696969696969697,0.033783783783783786,264,2368,0.07142857142857142,0.08738601823708207,0.1398176291793313,0.10030395136778116,0.08295864980104355,0.05784272830164505,0.15045592705167174,0.00010122135989809162,0.003732921060484167,0.03395937825338213,0.0649206567968657,0.03395937825338213,0.0649206567968657,all_holdout_years,0.07142857142857142,0.00010122135989809162,0.03395937825338213,0.03395937825338213
0.1,2015,2015-2017,2018-2021,天津,1316,4,3,0.15045592705167174,0.38285714285714284,0.6171428571428572,175,0.8934426229508197,0.6229508196721312,122,0.5513817330210773,0.38444964871194387,0.10030395136778116,0.10030395136778116,0.696969696969697,0.033783783783783786,264,2368,0.07142857142857142,0.08738601823708207,0.1398176291793313,0.10030395136778116,0.08295864980104355,0.05784272830164505,0.15045592705167174,0.00010122135989809162,0.003732921060484167,0.03395937825338213,0.0649206567968657,0.03395937825338213,0.0649206567968657,majority_holdout_years,0.08738601823708207,0.003732921060484167,0.0649206567968657,0.0649206567968657
0.1,2015,2015-2017,2018-2021,廊坊,63,4,3,0.19047619047619047,0.3,0.7,10,0.625,0.125,8,0.4375,0.0875,0.1111111111111111,0.1111111111111111,0.5714285714285714,0.05357142857142857,14,112,0.06349206349206349,0.09523809523809523,0.1746031746031746,0.1111111111111111,0.08333333333333331,0.016666666666666663,0.19047619047619047,0.00015241579027587256,0.005029721079103794,0.020732102364755423,0.05474570780693229,0.020732102364755423,0.05474570780693229,all_holdout_years,0.06349206349206349,0.00015241579027587256,0.020732102364755423,0.020732102364755423
0.1,2015,2015-2017,2018-2021,廊坊,63,4,3,0.19047619047619047,0.3,0.7,10,0.625,0.125,8,0.4375,0.0875,0.1111111111111111,0.1111111111111111,0.5714285714285714,0.05357142857142857,14,112,0.06349206349206349,0.09523809523809523,0.1746031746031746,0.1111111111111111,0.08333333333333331,0.016666666666666663,0.19047619047619047,0.00015241579027587256,0.005029721079103794,0.020732102364755423,0.05474570780693229,0.020732102364755423,0.05474570780693229,majority_holdout_years,0.09523809523809523,0.005029721079103794,0.05474570780693229,0.05474570780693229
0.1,2016,2016-2018,2019-2022,上海,721,4,3,0.1608876560332871,0.42990654205607476,0.5700934579439252,107,0.9696969696969697,0.5606060606060606,66,0.5528178986122911,0.31959784763523075,0.10124826629680998,0.10124826629680998,0.6712328767123288,0.037037037037037035,146,1296,0.08460471567267684,0.0970873786407767,0.11927877947295423,0.10124826629680998,0.08894157592097889,0.05141934857931591,0.1608876560332871,0.00010508733574380791,0.0038364075309212067,0.030620145858801538,0.06227045720602682,0.030620145858801538,0.06227045720602682,all_holdout_years,0.08460471567267684,0.00010508733574380791,0.030620145858801538,0.030620145858801538
0.1,2016,2016-2018,2019-2022,上海,721,4,3,0.1608876560332871,0.42990654205607476,0.5700934579439252,107,0.9696969696969697,0.5606060606060606,66,0.5528178986122911,0.31959784763523075,0.10124826629680998,0.10124826629680998,0.6712328767123288,0.037037037037037035,146,1296,0.08460471567267684,0.0970873786407767,0.11927877947295423,0.10124826629680998,0.08894157592097889,0.05141934857931591,0.1608876560332871,0.00010508733574380791,0.0038364075309212067,0.030620145858801538,0.06227045720602682,0.030620145858801538,0.06227045720602682,majority_holdout_years,0.0970873786407767,0.0038364075309212067,0.06227045720602682,0.06227045720602682
0.1,2016,2016-2018,2019-2022,北京,4085,4,3,0.12876376988984087,0.2714570858283433,0.7285429141716566,501,0.9624060150375939,0.7568922305764411,399,0.7011540828118199,0.5514284713780458,0.10012239902080783,0.10012239902080783,0.815403422982885,0.020538628944504898,818,7352,0.07760097919216646,0.09082007343941248,0.1265605875152999,0.10012239902080783,0.0902832429765036,0.0710040087992294,0.12876376988984087,0.00010049049570816281,0.0037132343805316988,0.054281124731400385,0.07947724017671165,0.054281124731400385,0.07947724017671165,all_holdout_years,0.07760097919216646,0.00010049049570816281,0.054281124731400385,0.054281124731400385
0.1,2016,2016-2018,2019-2022,北京,4085,4,3,0.12876376988984087,0.2714570858283433,0.7285429141716566,501,0.9624060150375939,0.7568922305764411,399,0.7011540828118199,0.5514284713780458,0.10012239902080783,0.10012239902080783,0.815403422982885,0.020538628944504898,818,7352,0.07760097919216646,0.09082007343941248,0.1265605875152999,0.10012239902080783,0.0902832429765036,0.0710040087992294,0.12876376988984087,0.00010049049570816281,0.0037132343805316988,0.054281124731400385,0.07947724017671165,0.054281124731400385,0.07947724017671165,majority_holdout_years,0.09082007343941248,0.0037132343805316988,0.07947724017671165,0.07947724017671165
0.1,2016,2016-2018,2019-2022,南京,348,4,3,0.15517241379310345,0.3877551020408163,0.6122448979591837,49,0.9090909090909091,0.5454545454545454,33,0.5565862708719852,0.3339517625231911,0.10057471264367816,0.10057471264367816,0.6857142857142857,0.03514376996805112,70,626,0.06321839080459771,0.08908045977011494,0.14942528735632185,0.10057471264367816,0.08636683513530805,0.05182010108118482,0.15517241379310345,0.00010231874429097375,0.0037624063972138064,0.03242786769880366,0.06367688686138773,0.03242786769880366,0.06367688686138773,all_holdout_years,0.06321839080459771,0.00010231874429097375,0.03242786769880366,0.03242786769880366
0.1,2016,2016-2018,2019-2022,南京,348,4,3,0.15517241379310345,0.3877551020408163,0.6122448979591837,49,0.9090909090909091,0.5454545454545454,33,0.5565862708719852,0.3339517625231911,0.10057471264367816,0.10057471264367816,0.6857142857142857,0.03514376996805112,70,626,0.06321839080459771,0.08908045977011494,0.14942528735632185,0.10057471264367816,0.08636683513530805,0.05182010108118482,0.15517241379310345,0.00010231874429097375,0.0037624063972138064,0.03242786769880366,0.06367688686138773,0.03242786769880366,0.06367688686138773,majority_holdout_years,0.08908045977011494,0.0037624063972138064,0.06367688686138773,0.06367688686138773
0.1,2016,2016-2018,2019-2022,大连,1079,4,3,0.1380908248378128,0.2835820895522388,0.7164179104477613,134,0.8691588785046729,0.6355140186915887,107,0.6226809875854373,0.4552936253312875,0.10009267840593142,0.10009267840593142,0.7592592592592593,0.026776519052523172,216,1942,0.05931417979610751,0.08989805375347544,0.13994439295644115,0.10009267840593142,0.0859865311864969,0.06287187226539559,0.1380908248378128,0.00010037122929943158,0.003710018031141952,0.043809934260625925,0.07257161825061528,0.043809934260625925,0.07257161825061528,all_holdout_years,0.05931417979610751,0.00010037122929943158,0.043809934260625925,0.043809934260625925
0.1,2016,2016-2018,2019-2022,大连,1079,4,3,0.1380908248378128,0.2835820895522388,0.7164179104477613,134,0.8691588785046729,0.6355140186915887,107,0.6226809875854373,0.4552936253312875,0.10009267840593142,0.10009267840593142,0.7592592592592593,0.026776519052523172,216,1942,0.05931417979610751,0.08989805375347544,0.13994439295644115,0.10009267840593142,0.0859865311864969,0.06287187226539559,0.1380908248378128,0.00010037122929943158,0.003710018031141952,0.043809934260625925,0.07257161825061528,0.043809934260625925,0.07257161825061528,majority_holdout_years,0.08989805375347544,0.003710018031141952,0.07257161825061528,0.07257161825061528
0.1,2016,2016-2018,2019-2022,天津,1784,4,3,0.14405829596412556,0.33620689655172414,0.6637931034482758,232,0.8850574712643678,0.6091954022988506,174,0.5874950455806579,0.4043797066983749,0.10033632286995516,0.10033632286995516,0.7262569832402235,0.030529595015576325,358,3210,0.0655829596412556,0.08464125560538116,0.14237668161434977,0.10033632286995516,0.08463353515371586,0.058254251469440785,0.14405829596412556,0.00010135209349399179,0.003736438351770122,0.03843519996730647,0.06862741445918615,0.03843519996730647,0.06862741445918615,all_holdout_years,0.0655829596412556,0.00010135209349399179,0.03843519996730647,0.03843519996730647
0.1,2016,2016-2018,2019-2022,天津,1784,4,3,0.14405829596412556,0.33620689655172414,0.6637931034482758,232,0.8850574712643678,0.6091954022988506,174,0.5874950455806579,0.4043797066983749,0.10033632286995516,0.10033632286995516,0.7262569832402235,0.030529595015576325,358,3210,0.0655829596412556,0.08464125560538116,0.14237668161434977,0.10033632286995516,0.08463353515371586,0.058254251469440785,0.14405829596412556,0.00010135209349399179,0.003736438351770122,0.03843519996730647,0.06862741445918615,0.03843519996730647,0.06862741445918615,majority_holdout_years,0.08464125560538116,0.003736438351770122,0.06862741445918615,0.06862741445918615
0.1,2016,2016-2018,2019-2022,廊坊,69,4,3,0.18840579710144928,0.6666666666666666,0.33333333333333337,12,1.0,0.3333333333333333,6,0.33333333333333337,0.11111111111111112,0.10144927536231885,0.10144927536231885,0.42857142857142855,0.06451612903225806,14,124,0.057971014492753624,0.08695652173913043,0.14492753623188406,0.10144927536231885,0.06280193236714977,0.02093397745571659,0.18840579710144928,0.00010592434742815379,0.003858672656311316,0.007985803016858915,0.032487048115178746,0.007985803016858915,0.032487048115178746,all_holdout_years,0.057971014492753624,0.00010592434742815379,0.007985803016858915,0.007985803016858915
0.1,2016,2016-2018,2019-2022,廊坊,69,4,3,0.18840579710144928,0.6666666666666666,0.33333333333333337,12,1.0,0.3333333333333333,6,0.33333333333333337,0.11111111111111112,0.10144927536231885,0.10144927536231885,0.42857142857142855,0.06451612903225806,14,124,0.057971014492753624,0.08695652173913043,0.14492753623188406,0.10144927536231885,0.06280193236714977,0.02093397745571659,0.18840579710144928,0.00010592434742815379,0.003858672656311316,0.007985803016858915,0.032487048115178746,0.007985803016858915,0.032487048115178746,majority_holdout_years,0.08695652173913043,0.003858672656311316,0.032487048115178746,0.032487048115178746
0.1,2016,2016-2018,2019-2022,沈阳,129,4,3,0.18604651162790697,0.5,0.5,20,0.9,0.5,10,0.45,0.25,0.10077519379844961,0.10077519379844961,0.5769230769230769,0.04741379310344827,26,232,0.03875968992248062,0.06976744186046512,0.18604651162790697,0.10077519379844961,0.08372093023255814,0.046511627906976744,0.18604651162790697,0.00010313701741388426,0.003784335177417138,0.019351176551534326,0.05006542328808073,0.019351176551534326,0.05006542328808073,all_holdout_years,0.03875968992248062,0.00010313701741388426,0.019351176551534326,0.019351176551534326
0.1,2016,2016-2018,2019-2022,沈阳,129,4,3,0.18604651162790697,0.5,0.5,20,0.9,0.5,10,0.45,0.25,0.10077519379844961,0.10077519379844961,0.5769230769230769,0.04741379310344827,26,232,0.03875968992248062,0.06976744186046512,0.18604651162790697,0.10077519379844961,0.08372093023255814,0.046511627906976744,0.18604651162790697,0.00010313701741388426,0.003784335177417138,0.019351176551534326,0.05006542328808073,0.019351176551534326,0.05006542328808073,majority_holdout_years,0.06976744186046512,0.003784335177417138,0.05006542328808073,0.05006542328808073
0.1,2011,2011-2013,2014-2018,北京,2207,5,3,0.14363389216130493,0.3298245614035088,0.6701754385964912,285,0.9174757281553398,0.6796116504854369,206,0.61486969851814,0.455459035939363,0.10013593112822837,0.10013593112822837,0.748868778280543,0.027945619335347432,442,3972,0.053919347530584506,0.09288627095604894,0.15813321250566378,0.10013593112822837,0.08831612797020859,0.06541935405200637,0.14363389216130493,1.0068150588164789e-05,0.008593071186615628,0.03149291334795685,0.08631288780919717,0.03149291334795685,0.08631288780919717,all_holdout_years,0.053919347530584506,1.0068150588164789e-05,0.03149291334795685,0.03149291334795685
0.1,2011,2011-2013,2014-2018,北京,2207,5,3,0.14363389216130493,0.3298245614035088,0.6701754385964912,285,0.9174757281553398,0.6796116504854369,206,0.61486969851814,0.455459035939363,0.10013593112822837,0.10013593112822837,0.748868778280543,0.027945619335347432,442,3972,0.053919347530584506,0.09288627095604894,0.15813321250566378,0.10013593112822837,0.08831612797020859,0.06541935405200637,0.14363389216130493,1.0068150588164789e-05,0.008593071186615628,0.03149291334795685,0.08631288780919717,0.03149291334795685,0.08631288780919717,majority_holdout_years,0.09288627095604894,0.008593071186615628,0.08631288780919717,0.08631288780919717
0.1,2012,2012-2014,2015-2019,上海,45,5,3,0.26666666666666666,0.7777777777777778,0.2222222222222222,9,1.0,0.5,2,0.2222222222222222,0.1111111111111111,0.1111111111111111,0.1111111111111111,0.3,0.0875,10,80,0.022222222222222223,0.08888888888888889,0.24444444444444444,0.1111111111111111,0.059259259259259255,0.029629629629629627,0.26666666666666666,1.6935087808430282e-05,0.011532794797541022,0.0009,0.034472048611111104,0.0009,0.034472048611111104,all_holdout_years,0.022222222222222223,1.6935087808430282e-05,0.0009,0.0009
0.1,2012,2012-2014,2015-2019,上海,45,5,3,0.26666666666666666,0.7777777777777778,0.2222222222222222,9,1.0,0.5,2,0.2222222222222222,0.1111111111111111,0.1111111111111111,0.1111111111111111,0.3,0.0875,10,80,0.022222222222222223,0.08888888888888889,0.24444444444444444,0.1111111111111111,0.059259259259259255,0.029629629629629627,0.26666666666666666,1.6935087808430282e-05,0.011532794797541022,0.0009,0.034472048611111104,0.0009,0.034472048611111104,majority_holdout_years,0.08888888888888889,0.011532794797541022,0.034472048611111104,0.034472048611111104
0.1,2012,2012-2014,2015-2019,北京,3621,5,3,0.132007732670533,0.2681818181818182,0.7318181818181818,440,0.9285714285714286,0.7457142857142857,350,0.6795454545454546,0.5457272727272727,0.10024855012427507,0.10024855012427507,0.803030303030303,0.02194597912829957,726,6516,0.059375863021264845,0.09472521402927368,0.15189174261253796,0.10024855012427507,0.0897052547011122,0.07204021992920087,0.132007732670533,1.0124894371161649e-05,0.008620531189459612,0.04168749857880182,0.09134886349854573,0.04168749857880182,0.09134886349854573,all_holdout_years,0.059375863021264845,1.0124894371161649e-05,0.04168749857880182,0.04168749857880182
0.1,2012,2012-2014,2015-2019,北京,3621,5,3,0.132007732670533,0.2681818181818182,0.7318181818181818,440,0.9285714285714286,0.7457142857142857,350,0.6795454545454546,0.5457272727272727,0.10024855012427507,0.10024855012427507,0.803030303030303,0.02194597912829957,726,6516,0.059375863021264845,0.09472521402927368,0.15189174261253796,0.10024855012427507,0.0897052547011122,0.07204021992920087,0.132007732670533,1.0124894371161649e-05,0.008620531189459612,0.04168749857880182,0.09134886349854573,0.04168749857880182,0.09134886349854573,majority_holdout_years,0.09472521402927368,0.008620531189459612,0.09134886349854573,0.09134886349854573
0.1,2012,2012-2014,2015-2019,南京,208,5,3,0.21153846153846154,0.6944444444444444,0.3055555555555556,36,0.8666666666666667,0.26666666666666666,15,0.26481481481481484,0.08148148148148149,0.10096153846153846,0.10096153846153846,0.35714285714285715,0.07219251336898395,42,374,0.019230769230769232,0.08173076923076923,0.21153846153846154,0.10096153846153846,0.05601851851851852,0.017236467236467237,0.21153846153846154,1.04901041207593e-05,0.008795654966704494,0.0016425698026463335,0.03765825178001345,0.0016425698026463335,0.03765825178001345,all_holdout_years,0.019230769230769232,1.04901041207593e-05,0.0016425698026463335,0.0016425698026463335
0.1,2012,2012-2014,2015-2019,南京,208,5,3,0.21153846153846154,0.6944444444444444,0.3055555555555556,36,0.8666666666666667,0.26666666666666666,15,0.26481481481481484,0.08148148148148149,0.10096153846153846,0.10096153846153846,0.35714285714285715,0.07219251336898395,42,374,0.019230769230769232,0.08173076923076923,0.21153846153846154,0.10096153846153846,0.05601851851851852,0.017236467236467237,0.21153846153846154,1.04901041207593e-05,0.008795654966704494,0.0016425698026463335,0.03765825178001345,0.0016425698026463335,0.03765825178001345,majority_holdout_years,0.08173076923076923,0.008795654966704494,0.03765825178001345,0.03765825178001345
0.1,2012,2012-2014,2015-2019,天津,22,5,3,0.22727272727272727,0.6,0.4,5,1.0,0.3333333333333333,3,0.4,0.13333333333333333,0.13636363636363635,0.13636363636363635,0.5,0.07894736842105263,6,38,0.09090909090909091,0.13636363636363635,0.22727272727272727,0.13636363636363635,0.09090909090909091,0.030303030303030304,0.22727272727272727,4.7151212969804575e-05,0.020453148381568566,0.008522727272727272,0.08008058423570888,0.008522727272727272,0.08008058423570888,all_holdout_years,0.09090909090909091,4.7151212969804575e-05,0.008522727272727272,0.008522727272727272
0.1,2012,2012-2014,2015-2019,天津,22,5,3,0.22727272727272727,0.6,0.4,5,1.0,0.3333333333333333,3,0.4,0.13333333333333333,0.13636363636363635,0.13636363636363635,0.5,0.07894736842105263,6,38,0.09090909090909091,0.13636363636363635,0.22727272727272727,0.13636363636363635,0.09090909090909091,0.030303030303030304,0.22727272727272727,4.7151212969804575e-05,0.020453148381568566,0.008522727272727272,0.08008058423570888,0.008522727272727272,0.08008058423570888,majority_holdout_years,0.13636363636363635,0.020453148381568566,0.08008058423570888,0.08008058423570888
0.1,2013,2013-2015,2016-2020,上海,84,5,3,0.21428571428571427,0.6,0.4,15,1.0,0.5,6,0.4,0.2,0.10714285714285714,0.10714285714285714,0.5,0.06,18,150,0.047619047619047616,0.09523809523809523,0.20238095238095238,0.10714285714285714,0.08571428571428572,0.04285714285714286,0.21428571428571427,1.4119395936217048e-05,0.010407563626762659,0.006696428571428571,0.06070714285714286,0.006696428571428572,0.060707142857142855,all_holdout_years,0.047619047619047616,1.4119395936217048e-05,0.006696428571428571,0.006696428571428572
0.1,2013,2013-2015,2016-2020,上海,84,5,3,0.21428571428571427,0.6,0.4,15,1.0,0.5,6,0.4,0.2,0.10714285714285714,0.10714285714285714,0.5,0.06,18,150,0.047619047619047616,0.09523809523809523,0.20238095238095238,0.10714285714285714,0.08571428571428572,0.04285714285714286,0.21428571428571427,1.4119395936217048e-05,0.010407563626762659,0.006696428571428571,0.06070714285714286,0.006696428571428572,0.060707142857142855,majority_holdout_years,0.09523809523809523,0.010407563626762659,0.06070714285714286,0.060707142857142855
0.1,2013,2013-2015,2016-2020,北京,3839,5,3,0.13154467309195103,0.24891774891774893,0.751082251082251,462,0.9166666666666666,0.739247311827957,372,0.6884920634920634,0.5552355350742447,0.10002604845011721,0.10002604845011721,0.8098958333333334,0.021128798842257598,768,6910,0.06407918728835635,0.0976816879395676,0.14430841364938787,0.10002604845011721,0.09056746341846628,0.07303827695037603,0.13154467309195103,1.0013031012043816e-05,0.008566331239066766,0.04303578913287154,0.09170538097821307,0.04303578913287154,0.09170538097821307,all_holdout_years,0.06407918728835635,1.0013031012043816e-05,0.04303578913287154,0.04303578913287154
0.1,2013,2013-2015,2016-2020,北京,3839,5,3,0.13154467309195103,0.24891774891774893,0.751082251082251,462,0.9166666666666666,0.739247311827957,372,0.6884920634920634,0.5552355350742447,0.10002604845011721,0.10002604845011721,0.8098958333333334,0.021128798842257598,768,6910,0.06407918728835635,0.0976816879395676,0.14430841364938787,0.10002604845011721,0.09056746341846628,0.07303827695037603,0.13154467309195103,1.0013031012043816e-05,0.008566331239066766,0.04303578913287154,0.09170538097821307,0.04303578913287154,0.09170538097821307,majority_holdout_years,0.0976816879395676,0.008566331239066766,0.09170538097821307,0.09170538097821307
0.1,2013,2013-2015,2016-2020,南京,391,5,3,0.1918158567774936,0.5483870967741935,0.4516129032258065,62,0.84375,0.40625,32,0.38104838709677424,0.18346774193548387,0.10230179028132992,0.10230179028132992,0.5125,0.05555555555555555,80,702,0.028132992327365727,0.0792838874680307,0.22506393861892582,0.10230179028132992,0.07309112284464978,0.03519202211038693,0.1918158567774936,1.1205111169325692e-05,0.009130834996049083,0.007057627177909203,0.059322535551056155,0.0070576271779092025,0.059322535551056155,all_holdout_years,0.028132992327365727,1.1205111169325692e-05,0.007057627177909203,0.0070576271779092025
0.1,2013,2013-2015,2016-2020,南京,391,5,3,0.1918158567774936,0.5483870967741935,0.4516129032258065,62,0.84375,0.40625,32,0.38104838709677424,0.18346774193548387,0.10230179028132992,0.10230179028132992,0.5125,0.05555555555555555,80,702,0.028132992327365727,0.0792838874680307,0.22506393861892582,0.10230179028132992,0.07309112284464978,0.03519202211038693,0.1918158567774936,1.1205111169325692e-05,0.009130834996049083,0.007057627177909203,0.059322535551056155,0.0070576271779092025,0.059322535551056155,majority_holdout_years,0.0792838874680307,0.009130834996049083,0.059322535551056155,0.059322535551056155
0.1,2013,2013-2015,2016-2020,大连,28,5,3,0.14285714285714285,0.25,0.75,4,0.75,0.25,4,0.5625,0.1875,0.10714285714285714,0.10714285714285714,0.6666666666666666,0.04,6,50,0.03571428571428571,0.10714285714285714,0.17857142857142858,0.10714285714285714,0.08035714285714285,0.026785714285714284,0.14285714285714285,1.4119395936217048e-05,0.010407563626762659,0.021164021164021163,0.08311746031746033,0.021164021164021163,0.08311746031746031,all_holdout_years,0.03571428571428571,1.4119395936217048e-05,0.021164021164021163,0.021164021164021163
0.1,2013,2013-2015,2016-2020,大连,28,5,3,0.14285714285714285,0.25,0.75,4,0.75,0.25,4,0.5625,0.1875,0.10714285714285714,0.10714285714285714,0.6666666666666666,0.04,6,50,0.03571428571428571,0.10714285714285714,0.17857142857142858,0.10714285714285714,0.08035714285714285,0.026785714285714284,0.14285714285714285,1.4119395936217048e-05,0.010407563626762659,0.021164021164021163,0.08311746031746033,0.021164021164021163,0.08311746031746031,majority_holdout_years,0.10714285714285714,0.010407563626762659,0.08311746031746033,0.08311746031746031
0.1,2013,2013-2015,2016-2020,天津,247,5,3,0.14979757085020243,0.3125,0.6875,32,0.9090909090909091,0.7272727272727273,22,0.625,0.5,0.10121457489878542,0.10121457489878542,0.76,0.02702702702702703,50,444,0.044534412955465584,0.08906882591093117,0.18218623481781376,0.10121457489878542,0.09362348178137651,0.07489878542510121,0.14979757085020243,1.0622219635119297e-05,0.008858336331389927,0.03376738461538462,0.0883564976947623,0.03376738461538462,0.0883564976947623,all_holdout_years,0.044534412955465584,1.0622219635119297e-05,0.03376738461538462,0.03376738461538462
0.1,2013,2013-2015,2016-2020,天津,247,5,3,0.14979757085020243,0.3125,0.6875,32,0.9090909090909091,0.7272727272727273,22,0.625,0.5,0.10121457489878542,0.10121457489878542,0.76,0.02702702702702703,50,444,0.044534412955465584,0.08906882591093117,0.18218623481781376,0.10121457489878542,0.09362348178137651,0.07489878542510121,0.14979757085020243,1.0622219635119297e-05,0.008858336331389927,0.03376738461538462,0.0883564976947623,0.03376738461538462,0.0883564976947623,majority_holdout_years,0.08906882591093117,0.008858336331389927,0.0883564976947623,0.0883564976947623
0.1,2014,2014-2016,2017-2021,上海,177,5,3,0.1694915254237288,0.4166666666666667,0.5833333333333333,24,0.75,0.5,16,0.43749999999999994,0.29166666666666663,0.1016949152542373,0.1016949152542373,0.6111111111111112,0.0440251572327044,36,318,0.07344632768361582,0.0903954802259887,0.15819209039548024,0.1016949152542373,0.07415254237288134,0.04943502824858756,0.1694915254237288,1.087667604930575e-05,0.00897809181892138,0.01418338719552363,0.07188711127976163,0.01418338719552363,0.07188711127976163,all_holdout_years,0.07344632768361582,1.087667604930575e-05,0.01418338719552363,0.01418338719552363
0.1,2014,2014-2016,2017-2021,上海,177,5,3,0.1694915254237288,0.4166666666666667,0.5833333333333333,24,0.75,0.5,16,0.43749999999999994,0.29166666666666663,0.1016949152542373,0.1016949152542373,0.6111111111111112,0.0440251572327044,36,318,0.07344632768361582,0.0903954802259887,0.15819209039548024,0.1016949152542373,0.07415254237288134,0.04943502824858756,0.1694915254237288,1.087667604930575e-05,0.00897809181892138,0.01418338719552363,0.07188711127976163,0.01418338719552363,0.07188711127976163,majority_holdout_years,0.0903954802259887,0.00897809181892138,0.07188711127976163,0.07188711127976163
0.1,2014,2014-2016,2017-2021,北京,3726,5,3,0.14304884594739667,0.19683257918552036,0.8031674208144797,442,0.7601078167115903,0.5795148247978437,371,0.6104938346891733,0.46544742715663917,0.10010735373054214,0.10010735373054214,0.7640750670241286,0.0262451535937966,746,6706,0.06387546967257113,0.09957058507783145,0.13875469672571122,0.10010735373054214,0.08733043851028699,0.0665817173039422,0.14304884594739667,1.0053792237295386e-05,0.008586111855830095,0.03412008418575422,0.08775545204760615,0.034120084185754206,0.08775545204760613,all_holdout_years,0.06387546967257113,1.0053792237295386e-05,0.03412008418575422,0.034120084185754206
0.1,2014,2014-2016,2017-2021,北京,3726,5,3,0.14304884594739667,0.19683257918552036,0.8031674208144797,442,0.7601078167115903,0.5795148247978437,371,0.6104938346891733,0.46544742715663917,0.10010735373054214,0.10010735373054214,0.7640750670241286,0.0262451535937966,746,6706,0.06387546967257113,0.09957058507783145,0.13875469672571122,0.10010735373054214,0.08733043851028699,0.0665817173039422,0.14304884594739667,1.0053792237295386e-05,0.008586111855830095,0.03412008418575422,0.08775545204760615,0.034120084185754206,0.08775545204760613,majority_holdout_years,0.09957058507783145,0.008586111855830095,0.08775545204760615,0.08775545204760613
0.1,2014,2014-2016,2017-2021,南京,496,5,3,0.18548387096774194,0.5333333333333333,0.4666666666666667,75,0.75,0.3181818181818182,44,0.35,0.1484848484848485,0.10080645161290322,0.10080645161290322,0.49,0.05717488789237668,100,892,0.034274193548387094,0.08064516129032258,0.21169354838709678,0.10080645161290322,0.06491935483870968,0.02754154447702835,0.18548387096774194,1.0409782109045184e-05,0.008757374936183789,0.00581129133064516,0.05533700491239128,0.00581129133064516,0.05533700491239128,all_holdout_years,0.034274193548387094,1.0409782109045184e-05,0.00581129133064516,0.00581129133064516
0.1,2014,2014-2016,2017-2021,南京,496,5,3,0.18548387096774194,0.5333333333333333,0.4666666666666667,75,0.75,0.3181818181818182,44,0.35,0.1484848484848485,0.10080645161290322,0.10080645161290322,0.49,0.05717488789237668,100,892,0.034274193548387094,0.08064516129032258,0.21169354838709678,0.10080645161290322,0.06491935483870968,0.02754154447702835,0.18548387096774194,1.0409782109045184e-05,0.008757374936183789,0.00581129133064516,0.05533700491239128,0.00581129133064516,0.05533700491239128,majority_holdout_years,0.08064516129032258,0.008757374936183789,0.05533700491239128,0.05533700491239128
0.1,2014,2014-2016,2017-2021,大连,124,5,3,0.1532258064516129,0.29411764705882354,0.7058823529411764,17,0.9166666666666666,0.6666666666666666,12,0.6470588235294117,0.4705882352941176,0.10483870967741936,0.10483870967741936,0.7692307692307693,0.02702702702702703,26,222,0.04838709677419355,0.08870967741935484,0.18548387096774194,0.10483870967741936,0.09914611005692599,0.07210626185958253,0.1532258064516129,1.2665091616321422e-05,0.009786893340484494,0.03670694642254101,0.092500220643873,0.03670694642254101,0.092500220643873,all_holdout_years,0.04838709677419355,1.2665091616321422e-05,0.03670694642254101,0.03670694642254101
0.1,2014,2014-2016,2017-2021,大连,124,5,3,0.1532258064516129,0.29411764705882354,0.7058823529411764,17,0.9166666666666666,0.6666666666666666,12,0.6470588235294117,0.4705882352941176,0.10483870967741936,0.10483870967741936,0.7692307692307693,0.02702702702702703,26,222,0.04838709677419355,0.08870967741935484,0.18548387096774194,0.10483870967741936,0.09914611005692599,0.07210626185958253,0.1532258064516129,1.2665091616321422e-05,0.009786893340484494,0.03670694642254101,0.092500220643873,0.03670694642254101,0.092500220643873,majority_holdout_years,0.08870967741935484,0.009786893340484494,0.092500220643873,0.092500220643873
0.1,2014,2014-2016,2017-2021,天津,722,5,3,0.1481994459833795,0.31868131868131866,0.6813186813186813,91,0.8382352941176471,0.6470588235294118,68,0.5711053652230124,0.4408532643826762,0.10110803324099724,0.10110803324099724,0.726027397260274,0.030816640986132512,146,1298,0.05124653739612189,0.08448753462603878,0.17590027700831026,0.10110803324099724,0.08463749872418604,0.06533420954147695,0.1481994459833795,1.0566430789884434e-05,0.00883191023055774,0.028092972914606124,0.0848364521474324,0.028092972914606124,0.0848364521474324,all_holdout_years,0.05124653739612189,1.0566430789884434e-05,0.028092972914606124,0.028092972914606124
0.1,2014,2014-2016,2017-2021,天津,722,5,3,0.1481994459833795,0.31868131868131866,0.6813186813186813,91,0.8382352941176471,0.6470588235294118,68,0.5711053652230124,0.4408532643826762,0.10110803324099724,0.10110803324099724,0.726027397260274,0.030816640986132512,146,1298,0.05124653739612189,0.08448753462603878,0.17590027700831026,0.10110803324099724,0.08463749872418604,0.06533420954147695,0.1481994459833795,1.0566430789884434e-05,0.00883191023055774,0.028092972914606124,0.0848364521474324,0.028092972914606124,0.0848364521474324,majority_holdout_years,0.08448753462603878,0.00883191023055774,0.0848364521474324,0.0848364521474324
0.1,2014,2014-2016,2017-2021,廊坊,46,5,3,0.17391304347826086,0.16666666666666666,0.8333333333333334,6,0.5,0.16666666666666666,6,0.4166666666666667,0.1388888888888889,0.10869565217391304,0.10869565217391304,0.6,0.04878048780487805,10,82,0.0,0.08695652173913043,0.2391304347826087,0.10869565217391304,0.07246376811594203,0.024154589371980676,0.17391304347826086,1.5172629861398e-05,0.010839326772982731,0.014086956521739129,0.07569666089025683,0.014086956521739129,0.07569666089025683,all_holdout_years,0.0,1.5172629861398e-05,0.014086956521739129,0.014086956521739129
0.1,2014,2014-2016,2017-2021,廊坊,46,5,3,0.17391304347826086,0.16666666666666666,0.8333333333333334,6,0.5,0.16666666666666666,6,0.4166666666666667,0.1388888888888889,0.10869565217391304,0.10869565217391304,0.6,0.04878048780487805,10,82,0.0,0.08695652173913043,0.2391304347826087,0.10869565217391304,0.07246376811594203,0.024154589371980676,0.17391304347826086,1.5172629861398e-05,0.010839326772982731,0.014086956521739129,0.07569666089025683,0.014086956521739129,0.07569666089025683,majority_holdout_years,0.08695652173913043,0.010839326772982731,0.07569666089025683,0.07569666089025683
0.1,2015,2015-2017,2018-2022,上海,549,5,3,0.16393442622950818,0.47435897435897434,0.5256410256410257,78,0.86,0.5,50,0.4520512820512821,0.26282051282051283,0.10018214936247723,0.10018214936247723,0.6,0.044534412955465584,110,988,0.07103825136612021,0.0947176684881603,0.13296903460837886,0.10018214936247723,0.0741067675493905,0.04308532997057587,0.16393442622950818,1.0091407070033989e-05,0.008604333988191442,0.012983606557377047,0.06935169677405234,0.012983606557377047,0.06935169677405234,all_holdout_years,0.07103825136612021,1.0091407070033989e-05,0.012983606557377047,0.012983606557377047
0.1,2015,2015-2017,2018-2022,上海,549,5,3,0.16393442622950818,0.47435897435897434,0.5256410256410257,78,0.86,0.5,50,0.4520512820512821,0.26282051282051283,0.10018214936247723,0.10018214936247723,0.6,0.044534412955465584,110,988,0.07103825136612021,0.0947176684881603,0.13296903460837886,0.10018214936247723,0.0741067675493905,0.04308532997057587,0.16393442622950818,1.0091407070033989e-05,0.008604333988191442,0.012983606557377047,0.06935169677405234,0.012983606557377047,0.06935169677405234,majority_holdout_years,0.0947176684881603,0.008604333988191442,0.06935169677405234,0.06935169677405234
0.1,2015,2015-2017,2018-2022,北京,3935,5,3,0.13824650571791613,0.3081632653061224,0.6918367346938776,490,0.9264305177111717,0.7384196185286104,367,0.6409386642940555,0.5108658177167326,0.10012706480304956,0.10012706480304956,0.7741116751269036,0.025134142897486587,788,7082,0.07293519695044473,0.09758576874205845,0.13316391359593394,0.10012706480304956,0.08860753071816169,0.07062541419006417,0.13824650571791613,1.0063694061448913e-05,0.008590911630777522,0.0359555515579582,0.08870760085362846,0.0359555515579582,0.08870760085362846,all_holdout_years,0.07293519695044473,1.0063694061448913e-05,0.0359555515579582,0.0359555515579582
0.1,2015,2015-2017,2018-2022,北京,3935,5,3,0.13824650571791613,0.3081632653061224,0.6918367346938776,490,0.9264305177111717,0.7384196185286104,367,0.6409386642940555,0.5108658177167326,0.10012706480304956,0.10012706480304956,0.7741116751269036,0.025134142897486587,788,7082,0.07293519695044473,0.09758576874205845,0.13316391359593394,0.10012706480304956,0.08860753071816169,0.07062541419006417,0.13824650571791613,1.0063694061448913e-05,0.008590911630777522,0.0359555515579582,0.08870760085362846,0.0359555515579582,0.08870760085362846,majority_holdout_years,0.09758576874205845,0.008590911630777522,0.08870760085362846,0.08870760085362846
0.1,2015,2015-2017,2018-2022,南京,282,5,3,0.16312056737588654,0.4473684210526316,0.5526315789473684,38,0.8076923076923077,0.5769230769230769,26,0.4463562753036437,0.318825910931174,0.10283687943262411,0.10283687943262411,0.6206896551724138,0.043478260869565216,58,506,0.05673758865248227,0.09574468085106383,0.16666666666666666,0.10283687943262411,0.07280988887931776,0.05200706348522697,0.16312056737588654,1.1501234221349823e-05,0.009266849379469894,0.015263246510678428,0.073966182878767,0.015263246510678428,0.073966182878767,all_holdout_years,0.05673758865248227,1.1501234221349823e-05,0.015263246510678428,0.015263246510678428
0.1,2015,2015-2017,2018-2022,南京,282,5,3,0.16312056737588654,0.4473684210526316,0.5526315789473684,38,0.8076923076923077,0.5769230769230769,26,0.4463562753036437,0.318825910931174,0.10283687943262411,0.10283687943262411,0.6206896551724138,0.043478260869565216,58,506,0.05673758865248227,0.09574468085106383,0.16666666666666666,0.10283687943262411,0.07280988887931776,0.05200706348522697,0.16312056737588654,1.1501234221349823e-05,0.009266849379469894,0.015263246510678428,0.073966182878767,0.015263246510678428,0.073966182878767,majority_holdout_years,0.09574468085106383,0.009266849379469894,0.073966182878767,0.073966182878767
0.1,2015,2015-2017,2018-2022,大连,637,5,3,0.13657770800627944,0.24358974358974358,0.7564102564102564,78,0.9166666666666666,0.75,60,0.6933760683760684,0.5673076923076923,0.10047095761381476,0.10047095761381476,0.8125,0.020942408376963352,128,1146,0.06750392464678179,0.09576138147566719,0.14756671899529042,0.10047095761381476,0.0946997142052087,0.07748158434971622,0.13657770800627944,1.0237707288158965e-05,0.008674922270397602,0.0437858737244898,0.09232905162305301,0.0437858737244898,0.09232905162305301,all_holdout_years,0.06750392464678179,1.0237707288158965e-05,0.0437858737244898,0.0437858737244898
0.1,2015,2015-2017,2018-2022,大连,637,5,3,0.13657770800627944,0.24358974358974358,0.7564102564102564,78,0.9166666666666666,0.75,60,0.6933760683760684,0.5673076923076923,0.10047095761381476,0.10047095761381476,0.8125,0.020942408376963352,128,1146,0.06750392464678179,0.09576138147566719,0.14756671899529042,0.10047095761381476,0.0946997142052087,0.07748158434971622,0.13657770800627944,1.0237707288158965e-05,0.008674922270397602,0.0437858737244898,0.09232905162305301,0.0437858737244898,0.09232905162305301,majority_holdout_years,0.09576138147566719,0.008674922270397602,0.09232905162305301,0.09232905162305301
0.1,2015,2015-2017,2018-2022,天津,1250,5,3,0.148,0.3674698795180723,0.6325301204819277,166,0.8907563025210085,0.5966386554621849,119,0.5634301913536499,0.37739192062367116,0.1,0.1,0.704,0.03288888888888889,250,2250,0.0672,0.092,0.1528,0.1,0.08338766832034018,0.05585400425230333,0.148,1.0000000000000003e-05,0.008560000000000002,0.0245635219456,0.08153111140377284,0.0245635219456,0.08153111140377284,all_holdout_years,0.0672,1.0000000000000003e-05,0.0245635219456,0.0245635219456
0.1,2015,2015-2017,2018-2022,天津,1250,5,3,0.148,0.3674698795180723,0.6325301204819277,166,0.8907563025210085,0.5966386554621849,119,0.5634301913536499,0.37739192062367116,0.1,0.1,0.704,0.03288888888888889,250,2250,0.0672,0.092,0.1528,0.1,0.08338766832034018,0.05585400425230333,0.148,1.0000000000000003e-05,0.008560000000000002,0.0245635219456,0.08153111140377284,0.0245635219456,0.08153111140377284,majority_holdout_years,0.092,0.008560000000000002,0.08153111140377284,0.08153111140377284
0.1,2015,2015-2017,2018-2022,廊坊,61,5,3,0.19672131147540983,0.3,0.7,10,0.625,0.125,8,0.4375,0.0875,0.11475409836065574,0.11475409836065574,0.5714285714285714,0.05555555555555555,14,108,0.06557377049180328,0.09836065573770492,0.16393442622950818,0.11475409836065574,0.08606557377049179,0.017213114754098358,0.19672131147540983,1.989944779547407e-05,0.012629651571254041,0.012235339100511397,0.07617126996518096,0.012235339100511397,0.07617126996518096,all_holdout_years,0.06557377049180328,1.989944779547407e-05,0.012235339100511397,0.012235339100511397
0.1,2015,2015-2017,2018-2022,廊坊,61,5,3,0.19672131147540983,0.3,0.7,10,0.625,0.125,8,0.4375,0.0875,0.11475409836065574,0.11475409836065574,0.5714285714285714,0.05555555555555555,14,108,0.06557377049180328,0.09836065573770492,0.16393442622950818,0.11475409836065574,0.08606557377049179,0.017213114754098358,0.19672131147540983,1.989944779547407e-05,0.012629651571254041,0.012235339100511397,0.07617126996518096,0.012235339100511397,0.07617126996518096,majority_holdout_years,0.09836065573770492,0.012629651571254041,0.07617126996518096,0.07617126996518096
