country,frame_type,frame_id,frame_name,window_start,window_end,cohort_type,lower_tail_q,persistent_min_count,min_transactions_per_unit_year,min_units_per_frame_year,n_units,n_exposed,n_repeat_exposed,n_persistent,escape_denominator,escape_numerator,X_exposure,lambda_immediate_escape,delta_repeat_deepening,P_observed,P_predicted_pathway,P_predicted_exposure_only,absolute_error_pathway,absolute_error_exposure_only,hardening_kernel
UK,bua,E63007169,,2018,2022,available,0.2,3,3,10,11,4,3,2,4,1,0.36363636363636365,0.25,0.6666666666666666,0.18181818181818182,0.1818181818181818,0.36363636363636365,2.7755575615628914e-17,0.18181818181818182,0.5
UK,bua,E63007883,,2018,2022,available,0.2,3,3,10,19,6,3,3,5,2,0.3157894736842105,0.4,1.0,0.15789473684210525,0.1894736842105263,0.3157894736842105,0.03157894736842104,0.15789473684210525,0.6
UK,bua,E63007920,,2018,2022,available,0.2,3,3,10,15,3,3,3,3,0,0.2,0.0,1.0,0.2,0.2,0.2,0.0,0.0,1.0
UK,bua,E63007930,,2018,2022,available,0.2,3,3,10,10,3,2,2,3,2,0.3,0.6666666666666666,1.0,0.2,0.1,0.3,0.1,0.09999999999999998,0.33333333333333337
UK,bua,E63008401,,2018,2022,available,0.2,3,3,10,18,6,4,2,6,2,0.3333333333333333,0.3333333333333333,0.5,0.1111111111111111,0.11111111111111112,0.3333333333333333,1.3877787807814457e-17,0.2222222222222222,0.33333333333333337
UK,bua,E63008477,,2018,2022,available,0.2,3,3,10,25,10,5,4,10,6,0.4,0.6,0.8,0.16,0.12800000000000003,0.4,0.03199999999999997,0.24000000000000002,0.32000000000000006
UK,bua,E63008489,,2018,2022,available,0.2,3,3,10,17,5,4,2,5,1,0.29411764705882354,0.2,0.5,0.11764705882352941,0.11764705882352942,0.29411764705882354,1.3877787807814457e-17,0.17647058823529413,0.4
UK,bua,E63009805,,2018,2022,available,0.2,3,3,10,12,3,3,2,3,1,0.25,0.3333333333333333,0.6666666666666666,0.16666666666666666,0.11111111111111112,0.25,0.05555555555555554,0.08333333333333334,0.4444444444444445
UK,bua,E63010038,,2018,2022,available,0.2,3,3,10,48,14,12,10,13,3,0.2916666666666667,0.23076923076923078,0.8333333333333334,0.20833333333333334,0.18696581196581197,0.2916666666666667,0.021367521367521375,0.08333333333333334,0.641025641025641
UK,bua,E63010901,,2018,2022,available,0.2,3,3,10,13,2,2,2,2,0,0.15384615384615385,0.0,1.0,0.15384615384615385,0.15384615384615385,0.15384615384615385,0.0,0.0,1.0
UK,bua,E63011803,,2018,2022,available,0.2,3,3,10,12,5,2,2,4,2,0.4166666666666667,0.5,1.0,0.16666666666666666,0.20833333333333334,0.4166666666666667,0.041666666666666685,0.25,0.5
UK,bua,E63011868,,2018,2022,available,0.2,3,3,10,17,6,4,3,6,4,0.35294117647058826,0.6666666666666666,0.75,0.17647058823529413,0.08823529411764708,0.35294117647058826,0.08823529411764705,0.17647058823529413,0.25
UK,bua,E63011909,,2018,2022,available,0.2,3,3,10,11,4,3,1,4,3,0.36363636363636365,0.75,0.3333333333333333,0.09090909090909091,0.030303030303030304,0.36363636363636365,0.06060606060606061,0.2727272727272727,0.08333333333333333
UK,bua,E63011923,,2018,2022,available,0.2,3,3,10,11,4,3,1,3,2,0.36363636363636365,0.6666666666666666,0.3333333333333333,0.09090909090909091,0.04040404040404041,0.36363636363636365,0.050505050505050504,0.2727272727272727,0.11111111111111112
UK,bua,E63011927,,2018,2022,available,0.2,3,3,10,15,4,3,3,4,1,0.26666666666666666,0.25,1.0,0.2,0.2,0.26666666666666666,0.0,0.06666666666666665,0.75
UK,bua,E63011958,,2018,2022,available,0.2,3,3,10,14,7,2,1,5,4,0.5,0.8,0.5,0.07142857142857142,0.04999999999999999,0.5,0.021428571428571436,0.4285714285714286,0.09999999999999998
UK,bua,E63011969,,2018,2022,available,0.2,3,3,10,11,5,3,1,5,4,0.45454545454545453,0.8,0.3333333333333333,0.09090909090909091,0.030303030303030293,0.45454545454545453,0.06060606060606062,0.36363636363636365,0.06666666666666665
UK,bua,E63011980,,2018,2022,available,0.2,3,3,10,14,7,2,2,6,5,0.5,0.8333333333333334,1.0,0.14285714285714285,0.08333333333333331,0.5,0.059523809523809534,0.35714285714285715,0.16666666666666663
UK,bua,E63011985,,2018,2022,available,0.2,3,3,10,24,9,5,4,9,5,0.375,0.5555555555555556,0.8,0.16666666666666666,0.13333333333333333,0.375,0.033333333333333326,0.20833333333333334,0.35555555555555557
UK,bua,E63012025,,2018,2022,available,0.2,3,3,10,19,11,2,1,6,4,0.5789473684210527,0.6666666666666666,0.5,0.05263157894736842,0.09649122807017545,0.5789473684210527,0.04385964912280703,0.5263157894736843,0.16666666666666669
UK,bua,E63012033,,2018,2022,available,0.2,3,3,10,12,3,3,2,3,1,0.25,0.3333333333333333,0.6666666666666666,0.16666666666666666,0.11111111111111112,0.25,0.05555555555555554,0.08333333333333334,0.4444444444444445
UK,bua,E63012034,,2018,2022,available,0.2,3,3,10,10,4,3,2,4,1,0.4,0.25,0.6666666666666666,0.2,0.2,0.4,0.0,0.2,0.5
UK,bua,E63012036,,2018,2022,available,0.2,3,3,10,34,13,10,5,13,7,0.38235294117647056,0.5384615384615384,0.5,0.14705882352941177,0.08823529411764706,0.38235294117647056,0.058823529411764705,0.2352941176470588,0.23076923076923078
UK,bua,E63012062,,2018,2022,available,0.2,3,3,10,11,4,2,2,3,2,0.36363636363636365,0.6666666666666666,1.0,0.18181818181818182,0.12121212121212123,0.36363636363636365,0.060606060606060594,0.18181818181818182,0.33333333333333337
UK,bua,E63012107,,2018,2022,available,0.2,3,3,10,13,4,2,2,3,1,0.3076923076923077,0.3333333333333333,1.0,0.15384615384615385,0.20512820512820515,0.3076923076923077,0.051282051282051294,0.15384615384615385,0.6666666666666667
UK,bua,E63012110,,2018,2022,available,0.2,3,3,10,15,5,3,3,3,3,0.3333333333333333,1.0,1.0,0.2,0.0,0.3333333333333333,0.2,0.1333333333333333,0.0
UK,bua,E63012129,,2018,2022,available,0.2,3,3,10,12,4,2,2,3,1,0.3333333333333333,0.3333333333333333,1.0,0.16666666666666666,0.22222222222222224,0.3333333333333333,0.05555555555555558,0.16666666666666666,0.6666666666666667
UK,bua,E63012131,,2018,2022,available,0.2,3,3,10,13,5,3,2,5,3,0.38461538461538464,0.6,0.6666666666666666,0.15384615384615385,0.10256410256410256,0.38461538461538464,0.051282051282051294,0.23076923076923078,0.26666666666666666
UK,bua,E63012138,,2018,2022,available,0.2,3,3,10,13,5,2,2,5,4,0.38461538461538464,0.8,1.0,0.15384615384615385,0.07692307692307691,0.38461538461538464,0.07692307692307694,0.23076923076923078,0.19999999999999996
UK,bua,E63012161,,2018,2022,available,0.2,3,3,10,14,3,3,3,3,1,0.21428571428571427,0.3333333333333333,1.0,0.21428571428571427,0.14285714285714288,0.21428571428571427,0.0714285714285714,0.0,0.6666666666666667
UK,bua,E63012168,,2018,2022,available,0.2,3,3,10,15,5,3,3,4,1,0.3333333333333333,0.25,1.0,0.2,0.25,0.3333333333333333,0.04999999999999999,0.1333333333333333,0.75
UK,bua,E63012191,,2018,2022,available,0.2,3,3,10,14,4,2,2,3,1,0.2857142857142857,0.3333333333333333,1.0,0.14285714285714285,0.1904761904761905,0.2857142857142857,0.047619047619047644,0.14285714285714285,0.6666666666666667
UK,bua,E63012282,,2018,2022,available,0.2,3,3,10,13,4,2,1,4,2,0.3076923076923077,0.5,0.5,0.07692307692307693,0.07692307692307693,0.3076923076923077,0.0,0.23076923076923078,0.25
UK,bua,E63012338,,2018,2022,available,0.2,3,3,10,11,3,3,3,3,1,0.2727272727272727,0.3333333333333333,1.0,0.2727272727272727,0.18181818181818182,0.2727272727272727,0.09090909090909088,0.0,0.6666666666666667
UK,bua,E63012369,,2018,2022,available,0.2,3,3,10,13,4,2,2,4,2,0.3076923076923077,0.5,1.0,0.15384615384615385,0.15384615384615385,0.3076923076923077,0.0,0.15384615384615385,0.5
UK,bua,E63013847,,2018,2022,available,0.2,3,3,10,11,2,2,2,2,1,0.18181818181818182,0.5,1.0,0.18181818181818182,0.09090909090909091,0.18181818181818182,0.09090909090909091,0.0,0.5
UK,bua,E63007169,,2018,2022,balanced,0.2,3,3,10,11,4,3,2,4,1,0.36363636363636365,0.25,0.6666666666666666,0.18181818181818182,0.1818181818181818,0.36363636363636365,2.7755575615628914e-17,0.18181818181818182,0.5
UK,bua,E63007883,,2018,2022,balanced,0.2,3,3,10,19,6,3,3,5,2,0.3157894736842105,0.4,1.0,0.15789473684210525,0.1894736842105263,0.3157894736842105,0.03157894736842104,0.15789473684210525,0.6
UK,bua,E63007920,,2018,2022,balanced,0.2,3,3,10,14,3,3,3,3,0,0.21428571428571427,0.0,1.0,0.21428571428571427,0.21428571428571427,0.21428571428571427,0.0,0.0,1.0
UK,bua,E63007930,,2018,2022,balanced,0.2,3,3,10,10,3,2,2,3,2,0.3,0.6666666666666666,1.0,0.2,0.1,0.3,0.1,0.09999999999999998,0.33333333333333337
UK,bua,E63008401,,2018,2022,balanced,0.2,3,3,10,18,6,4,2,6,2,0.3333333333333333,0.3333333333333333,0.5,0.1111111111111111,0.11111111111111112,0.3333333333333333,1.3877787807814457e-17,0.2222222222222222,0.33333333333333337
UK,bua,E63008477,,2018,2022,balanced,0.2,3,3,10,24,9,4,3,9,6,0.375,0.6666666666666666,0.75,0.125,0.09375,0.375,0.03125,0.25,0.25
UK,bua,E63008489,,2018,2022,balanced,0.2,3,3,10,17,5,4,2,5,1,0.29411764705882354,0.2,0.5,0.11764705882352941,0.11764705882352942,0.29411764705882354,1.3877787807814457e-17,0.17647058823529413,0.4
UK,bua,E63009805,,2018,2022,balanced,0.2,3,3,10,12,3,3,2,3,1,0.25,0.3333333333333333,0.6666666666666666,0.16666666666666666,0.11111111111111112,0.25,0.05555555555555554,0.08333333333333334,0.4444444444444445
UK,bua,E63010038,,2018,2022,balanced,0.2,3,3,10,47,13,11,9,12,3,0.2765957446808511,0.25,0.8181818181818182,0.19148936170212766,0.16972920696324953,0.2765957446808511,0.02176015473887813,0.08510638297872342,0.6136363636363636
UK,bua,E63010901,,2018,2022,balanced,0.2,3,3,10,13,2,2,2,2,0,0.15384615384615385,0.0,1.0,0.15384615384615385,0.15384615384615385,0.15384615384615385,0.0,0.0,1.0
UK,bua,E63011803,,2018,2022,balanced,0.2,3,3,10,12,5,2,2,4,2,0.4166666666666667,0.5,1.0,0.16666666666666666,0.20833333333333334,0.4166666666666667,0.041666666666666685,0.25,0.5
UK,bua,E63011868,,2018,2022,balanced,0.2,3,3,10,16,6,4,3,6,4,0.375,0.6666666666666666,0.75,0.1875,0.09375,0.375,0.09375,0.1875,0.25
UK,bua,E63011909,,2018,2022,balanced,0.2,3,3,10,10,3,2,1,3,3,0.3,1.0,0.5,0.1,0.0,0.3,0.1,0.19999999999999998,0.0
UK,bua,E63011923,,2018,2022,balanced,0.2,3,3,10,10,4,3,1,3,2,0.4,0.6666666666666666,0.3333333333333333,0.1,0.04444444444444445,0.4,0.05555555555555555,0.30000000000000004,0.11111111111111112
UK,bua,E63011927,,2018,2022,balanced,0.2,3,3,10,15,4,3,3,4,1,0.26666666666666666,0.25,1.0,0.2,0.2,0.26666666666666666,0.0,0.06666666666666665,0.75
UK,bua,E63011958,,2018,2022,balanced,0.2,3,3,10,11,4,0,0,3,3,0.36363636363636365,1.0,,0.0,,0.36363636363636365,,0.36363636363636365,
UK,bua,E63011969,,2018,2022,balanced,0.2,3,3,10,10,5,3,1,5,4,0.5,0.8,0.3333333333333333,0.1,0.033333333333333326,0.5,0.06666666666666668,0.4,0.06666666666666665
UK,bua,E63011980,,2018,2022,balanced,0.2,3,3,10,12,6,1,1,6,5,0.5,0.8333333333333334,1.0,0.08333333333333333,0.08333333333333331,0.5,1.3877787807814457e-17,0.4166666666666667,0.16666666666666663
UK,bua,E63011985,,2018,2022,balanced,0.2,3,3,10,23,9,5,4,9,5,0.391304347826087,0.5555555555555556,0.8,0.17391304347826086,0.1391304347826087,0.391304347826087,0.03478260869565217,0.2173913043478261,0.35555555555555557
UK,bua,E63012025,,2018,2022,balanced,0.2,3,3,10,9,5,0,0,3,3,0.5555555555555556,1.0,,0.0,,0.5555555555555556,,0.5555555555555556,
UK,bua,E63012033,,2018,2022,balanced,0.2,3,3,10,12,3,3,2,3,1,0.25,0.3333333333333333,0.6666666666666666,0.16666666666666666,0.11111111111111112,0.25,0.05555555555555554,0.08333333333333334,0.4444444444444445
UK,bua,E63012034,,2018,2022,balanced,0.2,3,3,10,10,4,3,2,4,1,0.4,0.25,0.6666666666666666,0.2,0.2,0.4,0.0,0.2,0.5
UK,bua,E63012036,,2018,2022,balanced,0.2,3,3,10,33,13,10,5,13,7,0.3939393939393939,0.5384615384615384,0.5,0.15151515151515152,0.09090909090909091,0.3939393939393939,0.06060606060606061,0.2424242424242424,0.23076923076923078
UK,bua,E63012062,,2018,2022,balanced,0.2,3,3,10,11,4,2,2,3,2,0.36363636363636365,0.6666666666666666,1.0,0.18181818181818182,0.12121212121212123,0.36363636363636365,0.060606060606060594,0.18181818181818182,0.33333333333333337
UK,bua,E63012107,,2018,2022,balanced,0.2,3,3,10,13,4,2,2,3,1,0.3076923076923077,0.3333333333333333,1.0,0.15384615384615385,0.20512820512820515,0.3076923076923077,0.051282051282051294,0.15384615384615385,0.6666666666666667
UK,bua,E63012110,,2018,2022,balanced,0.2,3,3,10,13,3,1,1,3,3,0.23076923076923078,1.0,1.0,0.07692307692307693,0.0,0.23076923076923078,0.07692307692307693,0.15384615384615385,0.0
UK,bua,E63012129,,2018,2022,balanced,0.2,3,3,10,10,4,2,2,3,1,0.4,0.3333333333333333,1.0,0.2,0.2666666666666667,0.4,0.06666666666666671,0.2,0.6666666666666667
UK,bua,E63012131,,2018,2022,balanced,0.2,3,3,10,13,5,3,2,5,3,0.38461538461538464,0.6,0.6666666666666666,0.15384615384615385,0.10256410256410256,0.38461538461538464,0.051282051282051294,0.23076923076923078,0.26666666666666666
UK,bua,E63012138,,2018,2022,balanced,0.2,3,3,10,13,5,2,2,5,4,0.38461538461538464,0.8,1.0,0.15384615384615385,0.07692307692307691,0.38461538461538464,0.07692307692307694,0.23076923076923078,0.19999999999999996
UK,bua,E63012161,,2018,2022,balanced,0.2,3,3,10,14,3,3,3,3,1,0.21428571428571427,0.3333333333333333,1.0,0.21428571428571427,0.14285714285714288,0.21428571428571427,0.0714285714285714,0.0,0.6666666666666667
UK,bua,E63012168,,2018,2022,balanced,0.2,3,3,10,15,5,3,3,4,1,0.3333333333333333,0.25,1.0,0.2,0.25,0.3333333333333333,0.04999999999999999,0.1333333333333333,0.75
UK,bua,E63012191,,2018,2022,balanced,0.2,3,3,10,13,3,2,2,3,1,0.23076923076923078,0.3333333333333333,1.0,0.15384615384615385,0.15384615384615388,0.23076923076923078,2.7755575615628914e-17,0.07692307692307693,0.6666666666666667
UK,bua,E63012282,,2018,2022,balanced,0.2,3,3,10,13,4,2,1,4,2,0.3076923076923077,0.5,0.5,0.07692307692307693,0.07692307692307693,0.3076923076923077,0.0,0.23076923076923078,0.25
UK,bua,E63012338,,2018,2022,balanced,0.2,3,3,10,10,3,3,3,3,1,0.3,0.3333333333333333,1.0,0.3,0.2,0.3,0.09999999999999998,0.0,0.6666666666666667
UK,bua,E63012369,,2018,2022,balanced,0.2,3,3,10,13,4,2,2,4,2,0.3076923076923077,0.5,1.0,0.15384615384615385,0.15384615384615385,0.3076923076923077,0.0,0.15384615384615385,0.5
UK,bua,E63013847,,2018,2022,balanced,0.2,3,3,10,11,2,2,2,2,1,0.18181818181818182,0.5,1.0,0.18181818181818182,0.09090909090909091,0.18181818181818182,0.09090909090909091,0.0,0.5
UK,lad,E06000004,,2018,2022,available,0.2,3,3,10,11,3,2,2,2,1,0.2727272727272727,0.5,1.0,0.18181818181818182,0.13636363636363635,0.2727272727272727,0.04545454545454547,0.09090909090909088,0.5
UK,lad,E06000010,,2018,2022,available,0.2,3,3,10,11,4,2,2,4,3,0.36363636363636365,0.75,1.0,0.18181818181818182,0.09090909090909091,0.36363636363636365,0.09090909090909091,0.18181818181818182,0.25
UK,lad,E06000011,,2018,2022,available,0.2,3,3,10,23,6,5,3,6,3,0.2608695652173913,0.5,0.6,0.13043478260869565,0.07826086956521738,0.2608695652173913,0.052173913043478265,0.13043478260869565,0.3
UK,lad,E06000013,,2018,2022,available,0.2,3,3,10,13,3,3,3,3,1,0.23076923076923078,0.3333333333333333,1.0,0.23076923076923078,0.15384615384615388,0.23076923076923078,0.0769230769230769,0.0,0.6666666666666667
UK,lad,E06000014,,2018,2022,available,0.2,3,3,10,10,4,4,1,4,1,0.4,0.25,0.25,0.1,0.07500000000000001,0.4,0.024999999999999994,0.30000000000000004,0.1875
UK,lad,E06000019,,2018,2022,available,0.2,3,3,10,17,5,4,3,5,2,0.29411764705882354,0.4,0.75,0.17647058823529413,0.1323529411764706,0.29411764705882354,0.04411764705882354,0.11764705882352941,0.44999999999999996
UK,lad,E06000020,,2018,2022,available,0.2,3,3,10,10,2,2,2,2,0,0.2,0.0,1.0,0.2,0.2,0.2,0.0,0.0,1.0
UK,lad,E06000023,,2018,2022,available,0.2,3,3,10,15,5,3,3,4,1,0.3333333333333333,0.25,1.0,0.2,0.25,0.3333333333333333,0.04999999999999999,0.1333333333333333,0.75
UK,lad,E06000024,,2018,2022,available,0.2,3,3,10,13,2,2,2,2,0,0.15384615384615385,0.0,1.0,0.15384615384615385,0.15384615384615385,0.15384615384615385,0.0,0.0,1.0
UK,lad,E06000025,,2018,2022,available,0.2,3,3,10,13,3,3,3,3,0,0.23076923076923078,0.0,1.0,0.23076923076923078,0.23076923076923078,0.23076923076923078,0.0,0.0,1.0
UK,lad,E06000037,,2018,2022,available,0.2,3,3,10,11,3,3,2,3,0,0.2727272727272727,0.0,0.6666666666666666,0.18181818181818182,0.1818181818181818,0.2727272727272727,2.7755575615628914e-17,0.09090909090909088,0.6666666666666666
UK,lad,E06000041,,2018,2022,available,0.2,3,3,10,10,4,2,1,3,1,0.4,0.3333333333333333,0.5,0.1,0.13333333333333336,0.4,0.033333333333333354,0.30000000000000004,0.33333333333333337
UK,lad,E06000042,,2018,2022,available,0.2,3,3,10,19,5,4,3,5,2,0.2631578947368421,0.4,0.75,0.15789473684210525,0.11842105263157894,0.2631578947368421,0.039473684210526314,0.10526315789473684,0.44999999999999996
UK,lad,E06000046,,2018,2022,available,0.2,3,3,10,12,3,3,2,3,0,0.25,0.0,0.6666666666666666,0.16666666666666666,0.16666666666666666,0.25,0.0,0.08333333333333334,0.6666666666666666
UK,lad,E06000047,,2018,2022,available,0.2,3,3,10,28,6,5,5,6,1,0.21428571428571427,0.16666666666666666,1.0,0.17857142857142858,0.17857142857142858,0.21428571428571427,0.0,0.0357142857142857,0.8333333333333334
UK,lad,E06000049,,2018,2022,available,0.2,3,3,10,22,5,4,4,5,1,0.22727272727272727,0.2,1.0,0.18181818181818182,0.18181818181818182,0.22727272727272727,0.0,0.04545454545454544,0.8
UK,lad,E06000050,,2018,2022,available,0.2,3,3,10,19,4,3,3,4,1,0.21052631578947367,0.25,1.0,0.15789473684210525,0.15789473684210525,0.21052631578947367,0.0,0.05263157894736842,0.75
UK,lad,E06000051,,2018,2022,available,0.2,3,3,10,33,10,6,6,9,3,0.30303030303030304,0.3333333333333333,1.0,0.18181818181818182,0.20202020202020204,0.30303030303030304,0.02020202020202022,0.12121212121212122,0.6666666666666667
UK,lad,E06000052,,2018,2022,available,0.2,3,3,10,46,13,9,8,13,5,0.2826086956521739,0.38461538461538464,0.8888888888888888,0.17391304347826086,0.15458937198067632,0.2826086956521739,0.019323671497584544,0.10869565217391303,0.5470085470085471
UK,lad,E06000054,,2018,2022,available,0.2,3,3,10,27,9,6,4,8,4,0.3333333333333333,0.5,0.6666666666666666,0.14814814814814814,0.1111111111111111,0.3333333333333333,0.037037037037037035,0.18518518518518517,0.3333333333333333
UK,lad,E06000055,,2018,2022,available,0.2,3,3,10,10,3,2,1,1,1,0.3,1.0,0.5,0.1,0.0,0.3,0.1,0.19999999999999998,0.0
UK,lad,E06000056,,2018,2022,available,0.2,3,3,10,17,5,4,3,4,1,0.29411764705882354,0.25,0.75,0.17647058823529413,0.16544117647058823,0.29411764705882354,0.011029411764705899,0.11764705882352941,0.5625
UK,lad,E06000057,,2018,2022,available,0.2,3,3,10,33,8,6,6,7,2,0.24242424242424243,0.2857142857142857,1.0,0.18181818181818182,0.17316017316017318,0.24242424242424243,0.008658008658008642,0.06060606060606061,0.7142857142857143
UK,lad,E06000058,,2018,2022,available,0.2,3,3,10,20,4,4,4,4,0,0.2,0.0,1.0,0.2,0.2,0.2,0.0,0.0,1.0
UK,lad,E06000059,,2018,2022,available,0.2,3,3,10,25,6,5,5,5,0,0.24,0.0,1.0,0.2,0.24,0.24,0.03999999999999998,0.03999999999999998,1.0
UK,lad,E06000060,,2018,2022,available,0.2,3,3,10,40,11,7,7,9,2,0.275,0.2222222222222222,1.0,0.175,0.2138888888888889,0.275,0.03888888888888892,0.10000000000000003,0.7777777777777778
UK,lad,E06000061,,2018,2022,available,0.2,3,3,10,14,4,2,2,3,2,0.2857142857142857,0.6666666666666666,1.0,0.14285714285714285,0.09523809523809525,0.2857142857142857,0.0476190476190476,0.14285714285714285,0.33333333333333337
UK,lad,E06000062,,2018,2022,available,0.2,3,3,10,14,3,3,2,3,2,0.21428571428571427,0.6666666666666666,0.6666666666666666,0.14285714285714285,0.04761904761904762,0.21428571428571427,0.09523809523809523,0.07142857142857142,0.22222222222222224
UK,lad,E06000063,,2018,2022,available,0.2,3,3,10,27,9,6,6,8,3,0.3333333333333333,0.375,1.0,0.2222222222222222,0.20833333333333331,0.3333333333333333,0.013888888888888895,0.1111111111111111,0.625
UK,lad,E06000064,,2018,2022,available,0.2,3,3,10,24,7,4,4,7,5,0.2916666666666667,0.7142857142857143,1.0,0.16666666666666666,0.08333333333333333,0.2916666666666667,0.08333333333333333,0.12500000000000003,0.2857142857142857
UK,lad,E06000065,,2018,2022,available,0.2,3,3,10,52,14,11,10,12,2,0.2692307692307692,0.16666666666666666,0.9090909090909091,0.19230769230769232,0.20396270396270397,0.2692307692307692,0.011655011655011649,0.0769230769230769,0.7575757575757576
UK,lad,E06000066,,2018,2022,available,0.2,3,3,10,45,15,10,8,13,6,0.3333333333333333,0.46153846153846156,0.8,0.17777777777777778,0.14358974358974358,0.3333333333333333,0.034188034188034205,0.15555555555555553,0.4307692307692308
UK,lad,E07000012,,2018,2022,available,0.2,3,3,10,16,7,5,2,7,2,0.4375,0.2857142857142857,0.4,0.125,0.125,0.4375,0.0,0.3125,0.28571428571428575
UK,lad,E07000032,,2018,2022,available,0.2,3,3,10,10,3,2,2,3,1,0.3,0.3333333333333333,1.0,0.2,0.2,0.3,0.0,0.09999999999999998,0.6666666666666667
UK,lad,E07000039,,2018,2022,available,0.2,3,3,10,11,4,2,2,3,1,0.36363636363636365,0.3333333333333333,1.0,0.18181818181818182,0.24242424242424246,0.36363636363636365,0.060606060606060635,0.18181818181818182,0.6666666666666667
UK,lad,E07000040,,2018,2022,available,0.2,3,3,10,14,4,3,2,4,2,0.2857142857142857,0.5,0.6666666666666666,0.14285714285714285,0.09523809523809523,0.2857142857142857,0.047619047619047616,0.14285714285714285,0.3333333333333333
UK,lad,E07000043,,2018,2022,available,0.2,3,3,10,11,3,3,2,3,0,0.2727272727272727,0.0,0.6666666666666666,0.18181818181818182,0.1818181818181818,0.2727272727272727,2.7755575615628914e-17,0.09090909090909088,0.6666666666666666
UK,lad,E07000044,,2018,2022,available,0.2,3,3,10,15,3,3,3,3,0,0.2,0.0,1.0,0.2,0.2,0.2,0.0,0.0,1.0
UK,lad,E07000046,,2018,2022,available,0.2,3,3,10,11,5,2,1,4,2,0.45454545454545453,0.5,0.5,0.09090909090909091,0.11363636363636363,0.45454545454545453,0.02272727272727272,0.36363636363636365,0.25
UK,lad,E07000064,,2018,2022,available,0.2,3,3,10,12,2,2,2,2,0,0.16666666666666666,0.0,1.0,0.16666666666666666,0.16666666666666666,0.16666666666666666,0.0,0.0,1.0
UK,lad,E07000065,,2018,2022,available,0.2,3,3,10,19,6,4,3,5,1,0.3157894736842105,0.2,0.75,0.15789473684210525,0.18947368421052632,0.3157894736842105,0.03157894736842107,0.15789473684210525,0.6000000000000001
UK,lad,E07000067,,2018,2022,available,0.2,3,3,10,10,3,3,2,3,1,0.3,0.3333333333333333,0.6666666666666666,0.2,0.13333333333333333,0.3,0.06666666666666668,0.09999999999999998,0.4444444444444445
UK,lad,E07000072,,2018,2022,available,0.2,3,3,10,16,4,3,3,3,0,0.25,0.0,1.0,0.1875,0.25,0.25,0.0625,0.0625,1.0
UK,lad,E07000077,,2018,2022,available,0.2,3,3,10,11,4,3,2,4,2,0.36363636363636365,0.5,0.6666666666666666,0.18181818181818182,0.12121212121212122,0.36363636363636365,0.06060606060606061,0.18181818181818182,0.3333333333333333
UK,lad,E07000079,,2018,2022,available,0.2,3,3,10,12,6,2,1,4,3,0.5,0.75,0.5,0.08333333333333333,0.0625,0.5,0.02083333333333333,0.4166666666666667,0.125
UK,lad,E07000080,,2018,2022,available,0.2,3,3,10,11,5,1,1,5,4,0.45454545454545453,0.8,1.0,0.09090909090909091,0.09090909090909088,0.45454545454545453,2.7755575615628914e-17,0.36363636363636365,0.19999999999999996
UK,lad,E07000083,,2018,2022,available,0.2,3,3,10,10,2,2,2,2,0,0.2,0.0,1.0,0.2,0.2,0.2,0.0,0.0,1.0
UK,lad,E07000084,,2018,2022,available,0.2,3,3,10,13,2,2,2,2,0,0.15384615384615385,0.0,1.0,0.15384615384615385,0.15384615384615385,0.15384615384615385,0.0,0.0,1.0
UK,lad,E07000085,,2018,2022,available,0.2,3,3,10,11,2,2,2,2,0,0.18181818181818182,0.0,1.0,0.18181818181818182,0.18181818181818182,0.18181818181818182,0.0,0.0,1.0
UK,lad,E07000091,,2018,2022,available,0.2,3,3,10,10,2,2,2,0,0,0.2,,1.0,0.2,,0.2,,0.0,
UK,lad,E07000093,,2018,2022,available,0.2,3,3,10,10,3,2,2,3,1,0.3,0.3333333333333333,1.0,0.2,0.2,0.3,0.0,0.09999999999999998,0.6666666666666667
UK,lad,E07000094,,2018,2022,available,0.2,3,3,10,11,3,2,2,3,1,0.2727272727272727,0.3333333333333333,1.0,0.18181818181818182,0.18181818181818182,0.2727272727272727,0.0,0.09090909090909088,0.6666666666666667
UK,lad,E07000099,,2018,2022,available,0.2,3,3,10,11,5,3,2,5,3,0.45454545454545453,0.6,0.6666666666666666,0.18181818181818182,0.12121212121212122,0.45454545454545453,0.06060606060606061,0.2727272727272727,0.26666666666666666
UK,lad,E07000110,,2018,2022,available,0.2,3,3,10,11,5,2,2,3,2,0.45454545454545453,0.6666666666666666,1.0,0.18181818181818182,0.15151515151515152,0.45454545454545453,0.030303030303030304,0.2727272727272727,0.33333333333333337
UK,lad,E07000111,,2018,2022,available,0.2,3,3,10,11,3,2,2,3,1,0.2727272727272727,0.3333333333333333,1.0,0.18181818181818182,0.18181818181818182,0.2727272727272727,0.0,0.09090909090909088,0.6666666666666667
UK,lad,E07000115,,2018,2022,available,0.2,3,3,10,12,4,3,1,4,1,0.3333333333333333,0.25,0.3333333333333333,0.08333333333333333,0.08333333333333333,0.3333333333333333,0.0,0.25,0.25
UK,lad,E07000137,,2018,2022,available,0.2,3,3,10,12,3,3,3,3,1,0.25,0.3333333333333333,1.0,0.25,0.16666666666666669,0.25,0.08333333333333331,0.0,0.6666666666666667
UK,lad,E07000142,,2018,2022,available,0.2,3,3,10,10,2,2,2,0,0,0.2,,1.0,0.2,,0.2,,0.0,
UK,lad,E07000143,,2018,2022,available,0.2,3,3,10,14,4,2,2,4,3,0.2857142857142857,0.75,1.0,0.14285714285714285,0.07142857142857142,0.2857142857142857,0.07142857142857142,0.14285714285714285,0.25
UK,lad,E07000146,,2018,2022,available,0.2,3,3,10,11,5,2,1,4,3,0.45454545454545453,0.75,0.5,0.09090909090909091,0.056818181818181816,0.45454545454545453,0.034090909090909095,0.36363636363636365,0.125
UK,lad,E07000147,,2018,2022,available,0.2,3,3,10,14,6,2,1,5,4,0.42857142857142855,0.8,0.5,0.07142857142857142,0.042857142857142844,0.42857142857142855,0.02857142857142858,0.3571428571428571,0.09999999999999998
UK,lad,E07000149,,2018,2022,available,0.2,3,3,10,14,4,2,2,4,2,0.2857142857142857,0.5,1.0,0.14285714285714285,0.14285714285714285,0.2857142857142857,0.0,0.14285714285714285,0.5
UK,lad,E07000177,,2018,2022,available,0.2,3,3,10,11,2,2,2,2,0,0.18181818181818182,0.0,1.0,0.18181818181818182,0.18181818181818182,0.18181818181818182,0.0,0.0,1.0
UK,lad,E07000179,,2018,2022,available,0.2,3,3,10,13,3,2,2,3,1,0.23076923076923078,0.3333333333333333,1.0,0.15384615384615385,0.15384615384615388,0.23076923076923078,2.7755575615628914e-17,0.07692307692307693,0.6666666666666667
UK,lad,E07000194,,2018,2022,available,0.2,3,3,10,10,3,1,1,2,1,0.3,0.5,1.0,0.1,0.15,0.3,0.04999999999999999,0.19999999999999998,0.5
UK,lad,E07000196,,2018,2022,available,0.2,3,3,10,17,6,4,2,5,3,0.35294117647058826,0.6,0.5,0.11764705882352941,0.07058823529411766,0.35294117647058826,0.04705882352941175,0.23529411764705885,0.2
UK,lad,E07000197,,2018,2022,available,0.2,3,3,10,12,2,2,2,2,0,0.16666666666666666,0.0,1.0,0.16666666666666666,0.16666666666666666,0.16666666666666666,0.0,0.0,1.0
UK,lad,E07000198,,2018,2022,available,0.2,3,3,10,11,2,2,2,2,0,0.18181818181818182,0.0,1.0,0.18181818181818182,0.18181818181818182,0.18181818181818182,0.0,0.0,1.0
UK,lad,E07000200,,2018,2022,available,0.2,3,3,10,12,4,3,2,4,2,0.3333333333333333,0.5,0.6666666666666666,0.16666666666666666,0.1111111111111111,0.3333333333333333,0.05555555555555555,0.16666666666666666,0.3333333333333333
UK,lad,E07000203,,2018,2022,available,0.2,3,3,10,11,4,2,2,4,3,0.36363636363636365,0.75,1.0,0.18181818181818182,0.09090909090909091,0.36363636363636365,0.09090909090909091,0.18181818181818182,0.25
UK,lad,E07000209,,2018,2022,available,0.2,3,3,10,15,4,3,3,3,1,0.26666666666666666,0.3333333333333333,1.0,0.2,0.17777777777777778,0.26666666666666666,0.022222222222222227,0.06666666666666665,0.6666666666666667
UK,lad,E07000210,,2018,2022,available,0.2,3,3,10,10,3,3,2,3,0,0.3,0.0,0.6666666666666666,0.2,0.19999999999999998,0.3,2.7755575615628914e-17,0.09999999999999998,0.6666666666666666
UK,lad,E07000215,,2018,2022,available,0.2,3,3,10,12,6,2,1,5,3,0.5,0.6,0.5,0.08333333333333333,0.1,0.5,0.016666666666666677,0.4166666666666667,0.2
UK,lad,E07000221,,2018,2022,available,0.2,3,3,10,16,7,4,1,7,4,0.4375,0.5714285714285714,0.25,0.0625,0.046875,0.4375,0.015625,0.375,0.10714285714285715
UK,lad,E07000222,,2018,2022,available,0.2,3,3,10,10,3,2,2,3,1,0.3,0.3333333333333333,1.0,0.2,0.2,0.3,0.0,0.09999999999999998,0.6666666666666667
UK,lad,E07000224,,2018,2022,available,0.2,3,3,10,10,2,2,2,0,0,0.2,,1.0,0.2,,0.2,,0.0,
UK,lad,E07000225,,2018,2022,available,0.2,3,3,10,13,3,2,2,3,1,0.23076923076923078,0.3333333333333333,1.0,0.15384615384615385,0.15384615384615388,0.23076923076923078,2.7755575615628914e-17,0.07692307692307693,0.6666666666666667
UK,lad,E07000234,,2018,2022,available,0.2,3,3,10,12,4,2,1,3,2,0.3333333333333333,0.6666666666666666,0.5,0.08333333333333333,0.05555555555555556,0.3333333333333333,0.02777777777777777,0.25,0.16666666666666669
UK,lad,E07000235,,2018,2022,available,0.2,3,3,10,11,5,1,1,4,3,0.45454545454545453,0.75,1.0,0.09090909090909091,0.11363636363636363,0.45454545454545453,0.02272727272727272,0.36363636363636365,0.25
UK,lad,E07000238,,2018,2022,available,0.2,3,3,10,17,5,4,3,5,2,0.29411764705882354,0.4,0.75,0.17647058823529413,0.1323529411764706,0.29411764705882354,0.04411764705882354,0.11764705882352941,0.44999999999999996
UK,lad,E07000242,,2018,2022,available,0.2,3,3,10,13,5,3,2,4,1,0.38461538461538464,0.25,0.6666666666666666,0.15384615384615385,0.19230769230769232,0.38461538461538464,0.038461538461538464,0.23076923076923078,0.5
UK,lad,E07000244,,2018,2022,available,0.2,3,3,10,18,4,4,3,4,2,0.2222222222222222,0.5,0.75,0.16666666666666666,0.08333333333333333,0.2222222222222222,0.08333333333333333,0.05555555555555555,0.375
UK,lad,E07000245,,2018,2022,available,0.2,3,3,10,13,5,3,1,4,1,0.38461538461538464,0.25,0.3333333333333333,0.07692307692307693,0.09615384615384616,0.38461538461538464,0.019230769230769232,0.3076923076923077,0.25
UK,lad,E08000003,,2018,2022,available,0.2,3,3,10,22,7,4,4,7,3,0.3181818181818182,0.42857142857142855,1.0,0.18181818181818182,0.1818181818181818,0.3181818181818182,2.7755575615628914e-17,0.13636363636363635,0.5714285714285714
UK,lad,E08000006,,2018,2022,available,0.2,3,3,10,10,5,2,1,4,3,0.5,0.75,0.5,0.1,0.0625,0.5,0.037500000000000006,0.4,0.125
UK,lad,E08000007,,2018,2022,available,0.2,3,3,10,10,2,2,2,2,0,0.2,0.0,1.0,0.2,0.2,0.2,0.0,0.0,1.0
UK,lad,E08000009,,2018,2022,available,0.2,3,3,10,11,4,3,1,4,2,0.36363636363636365,0.5,0.3333333333333333,0.09090909090909091,0.06060606060606061,0.36363636363636365,0.030303030303030304,0.2727272727272727,0.16666666666666666
UK,lad,E08000010,,2018,2022,available,0.2,3,3,10,11,4,3,2,4,2,0.36363636363636365,0.5,0.6666666666666666,0.18181818181818182,0.12121212121212122,0.36363636363636365,0.06060606060606061,0.18181818181818182,0.3333333333333333
UK,lad,E08000011,,2018,2022,available,0.2,3,3,10,13,3,2,2,3,2,0.23076923076923078,0.6666666666666666,1.0,0.15384615384615385,0.07692307692307694,0.23076923076923078,0.07692307692307691,0.07692307692307693,0.33333333333333337
UK,lad,E08000012,,2018,2022,available,0.2,3,3,10,24,6,4,4,5,1,0.25,0.2,1.0,0.16666666666666666,0.2,0.25,0.033333333333333354,0.08333333333333334,0.8
UK,lad,E08000014,,2018,2022,available,0.2,3,3,10,13,3,3,3,3,1,0.23076923076923078,0.3333333333333333,1.0,0.23076923076923078,0.15384615384615388,0.23076923076923078,0.0769230769230769,0.0,0.6666666666666667
UK,lad,E08000015,,2018,2022,available,0.2,3,3,10,13,3,3,2,3,1,0.23076923076923078,0.3333333333333333,0.6666666666666666,0.15384615384615385,0.10256410256410259,0.23076923076923078,0.051282051282051266,0.07692307692307693,0.4444444444444445
UK,lad,E08000017,,2018,2022,available,0.2,3,3,10,15,4,3,3,4,1,0.26666666666666666,0.25,1.0,0.2,0.2,0.26666666666666666,0.0,0.06666666666666665,0.75
UK,lad,E08000018,,2018,2022,available,0.2,3,3,10,13,3,3,3,3,1,0.23076923076923078,0.3333333333333333,1.0,0.23076923076923078,0.15384615384615388,0.23076923076923078,0.0769230769230769,0.0,0.6666666666666667
UK,lad,E08000022,,2018,2022,available,0.2,3,3,10,10,2,2,2,2,0,0.2,0.0,1.0,0.2,0.2,0.2,0.0,0.0,1.0
UK,lad,E08000024,,2018,2022,available,0.2,3,3,10,11,2,2,2,2,0,0.18181818181818182,0.0,1.0,0.18181818181818182,0.18181818181818182,0.18181818181818182,0.0,0.0,1.0
UK,lad,E08000025,,2018,2022,available,0.2,3,3,10,47,12,11,10,12,2,0.2553191489361702,0.16666666666666666,0.9090909090909091,0.2127659574468085,0.19342359767891681,0.2553191489361702,0.019342359767891698,0.04255319148936168,0.7575757575757576
UK,lad,E08000027,,2018,2022,available,0.2,3,3,10,14,4,3,2,4,2,0.2857142857142857,0.5,0.6666666666666666,0.14285714285714285,0.09523809523809523,0.2857142857142857,0.047619047619047616,0.14285714285714285,0.3333333333333333
UK,lad,E08000028,,2018,2022,available,0.2,3,3,10,16,4,4,2,4,2,0.25,0.5,0.5,0.125,0.0625,0.25,0.0625,0.125,0.25
UK,lad,E08000029,,2018,2022,available,0.2,3,3,10,14,5,3,2,4,1,0.35714285714285715,0.25,0.6666666666666666,0.14285714285714285,0.17857142857142855,0.35714285714285715,0.0357142857142857,0.2142857142857143,0.5
UK,lad,E08000030,,2018,2022,available,0.2,3,3,10,14,4,3,3,4,2,0.2857142857142857,0.5,1.0,0.21428571428571427,0.14285714285714285,0.2857142857142857,0.07142857142857142,0.07142857142857142,0.5
UK,lad,E08000031,,2018,2022,available,0.2,3,3,10,12,3,2,2,2,0,0.25,0.0,1.0,0.16666666666666666,0.25,0.25,0.08333333333333334,0.08333333333333334,1.0
UK,lad,E08000032,,2018,2022,available,0.2,3,3,10,22,6,4,3,6,2,0.2727272727272727,0.3333333333333333,0.75,0.13636363636363635,0.13636363636363635,0.2727272727272727,0.0,0.13636363636363635,0.5
UK,lad,E08000033,,2018,2022,available,0.2,3,3,10,11,5,2,1,4,2,0.45454545454545453,0.5,0.5,0.09090909090909091,0.11363636363636363,0.45454545454545453,0.02272727272727272,0.36363636363636365,0.25
UK,lad,E08000034,,2018,2022,available,0.2,3,3,10,19,5,4,3,5,2,0.2631578947368421,0.4,0.75,0.15789473684210525,0.11842105263157894,0.2631578947368421,0.039473684210526314,0.10526315789473684,0.44999999999999996
UK,lad,E08000035,,2018,2022,available,0.2,3,3,10,35,10,9,5,10,4,0.2857142857142857,0.4,0.5555555555555556,0.14285714285714285,0.09523809523809523,0.2857142857142857,0.047619047619047616,0.14285714285714285,0.3333333333333333
UK,lad,E08000036,,2018,2022,available,0.2,3,3,10,13,4,2,2,3,2,0.3076923076923077,0.6666666666666666,1.0,0.15384615384615385,0.10256410256410257,0.3076923076923077,0.05128205128205128,0.15384615384615385,0.33333333333333337
UK,lad,E08000037,,2018,2022,available,0.2,3,3,10,11,2,2,2,2,0,0.18181818181818182,0.0,1.0,0.18181818181818182,0.18181818181818182,0.18181818181818182,0.0,0.0,1.0
UK,lad,E08000038,,2018,2022,available,0.2,3,3,10,9,2,2,2,2,0,0.2222222222222222,0.0,1.0,0.2222222222222222,0.2222222222222222,0.2222222222222222,0.0,0.0,1.0
UK,lad,E08000039,,2018,2022,available,0.2,3,3,10,18,5,3,2,4,1,0.2777777777777778,0.25,0.6666666666666666,0.1111111111111111,0.1388888888888889,0.2777777777777778,0.02777777777777779,0.16666666666666669,0.5
UK,lad,E09000001,,2018,2022,available,0.2,3,3,10,19,11,2,1,6,4,0.5789473684210527,0.6666666666666666,0.5,0.05263157894736842,0.09649122807017545,0.5789473684210527,0.04385964912280703,0.5263157894736843,0.16666666666666669
UK,lad,E09000003,,2018,2022,available,0.2,3,3,10,17,6,4,3,6,4,0.35294117647058826,0.6666666666666666,0.75,0.17647058823529413,0.08823529411764708,0.35294117647058826,0.08823529411764705,0.17647058823529413,0.25
UK,lad,E09000004,,2018,2022,available,0.2,3,3,10,13,5,2,2,5,4,0.38461538461538464,0.8,1.0,0.15384615384615385,0.07692307692307691,0.38461538461538464,0.07692307692307694,0.23076923076923078,0.19999999999999996
UK,lad,E09000005,,2018,2022,available,0.2,3,3,10,11,5,4,1,4,3,0.45454545454545453,0.75,0.25,0.09090909090909091,0.028409090909090908,0.45454545454545453,0.0625,0.36363636363636365,0.0625
UK,lad,E09000006,,2018,2022,available,0.2,3,3,10,14,5,2,2,5,3,0.35714285714285715,0.6,1.0,0.14285714285714285,0.14285714285714288,0.35714285714285715,2.7755575615628914e-17,0.2142857142857143,0.4
UK,lad,E09000007,,2018,2022,available,0.2,3,3,10,24,7,5,4,7,3,0.2916666666666667,0.42857142857142855,0.8,0.16666666666666666,0.13333333333333333,0.2916666666666667,0.033333333333333326,0.12500000000000003,0.45714285714285713
UK,lad,E09000008,,2018,2022,available,0.2,3,3,10,11,3,3,3,3,1,0.2727272727272727,0.3333333333333333,1.0,0.2727272727272727,0.18181818181818182,0.2727272727272727,0.09090909090909088,0.0,0.6666666666666667
UK,lad,E09000009,,2018,2022,available,0.2,3,3,10,12,3,3,2,3,1,0.25,0.3333333333333333,0.6666666666666666,0.16666666666666666,0.11111111111111112,0.25,0.05555555555555554,0.08333333333333334,0.4444444444444445
UK,lad,E09000010,,2018,2022,available,0.2,3,3,10,12,4,3,2,3,1,0.3333333333333333,0.3333333333333333,0.6666666666666666,0.16666666666666666,0.14814814814814814,0.3333333333333333,0.018518518518518517,0.16666666666666666,0.4444444444444445
UK,lad,E09000011,,2018,2022,available,0.2,3,3,10,12,4,2,2,3,1,0.3333333333333333,0.3333333333333333,1.0,0.16666666666666666,0.22222222222222224,0.3333333333333333,0.05555555555555558,0.16666666666666666,0.6666666666666667
UK,lad,E09000012,,2018,2022,available,0.2,3,3,10,11,5,2,1,5,3,0.45454545454545453,0.6,0.5,0.09090909090909091,0.09090909090909091,0.45454545454545453,0.0,0.36363636363636365,0.2
UK,lad,E09000014,,2018,2022,available,0.2,3,3,10,10,2,2,1,2,0,0.2,0.0,0.5,0.1,0.1,0.2,0.0,0.1,0.5
UK,lad,E09000016,,2018,2022,available,0.2,3,3,10,10,4,3,1,3,2,0.4,0.6666666666666666,0.3333333333333333,0.1,0.04444444444444445,0.4,0.05555555555555555,0.30000000000000004,0.11111111111111112
UK,lad,E09000017,,2018,2022,available,0.2,3,3,10,11,4,3,2,3,0,0.36363636363636365,0.0,0.6666666666666666,0.18181818181818182,0.24242424242424243,0.36363636363636365,0.06060606060606061,0.18181818181818182,0.6666666666666666
UK,lad,E09000018,,2018,2022,available,0.2,3,3,10,13,4,2,2,3,1,0.3076923076923077,0.3333333333333333,1.0,0.15384615384615385,0.20512820512820515,0.3076923076923077,0.051282051282051294,0.15384615384615385,0.6666666666666667
UK,lad,E09000019,,2018,2022,available,0.2,3,3,10,14,7,2,1,6,5,0.5,0.8333333333333334,0.5,0.07142857142857142,0.04166666666666666,0.5,0.029761904761904767,0.4285714285714286,0.08333333333333331
UK,lad,E09000020,,2018,2022,available,0.2,3,3,10,11,4,2,2,3,2,0.36363636363636365,0.6666666666666666,1.0,0.18181818181818182,0.12121212121212123,0.36363636363636365,0.060606060606060594,0.18181818181818182,0.33333333333333337
UK,lad,E09000021,,2018,2022,available,0.2,3,3,10,10,3,2,2,3,1,0.3,0.3333333333333333,1.0,0.2,0.2,0.3,0.0,0.09999999999999998,0.6666666666666667
UK,lad,E09000022,,2018,2022,available,0.2,3,3,10,13,5,3,2,5,3,0.38461538461538464,0.6,0.6666666666666666,0.15384615384615385,0.10256410256410256,0.38461538461538464,0.051282051282051294,0.23076923076923078,0.26666666666666666
UK,lad,E09000023,,2018,2022,available,0.2,3,3,10,14,3,3,3,2,0,0.21428571428571427,0.0,1.0,0.21428571428571427,0.21428571428571427,0.21428571428571427,0.0,0.0,1.0
UK,lad,E09000026,,2018,2022,available,0.2,3,3,10,15,4,4,3,4,1,0.26666666666666666,0.25,0.75,0.2,0.15000000000000002,0.26666666666666666,0.04999999999999999,0.06666666666666665,0.5625
UK,lad,E09000027,,2018,2022,available,0.2,3,3,10,16,7,3,2,6,4,0.4375,0.6666666666666666,0.6666666666666666,0.125,0.09722222222222222,0.4375,0.027777777777777776,0.3125,0.22222222222222224
UK,lad,E09000028,,2018,2022,available,0.2,3,3,10,15,5,4,3,4,3,0.3333333333333333,0.75,0.75,0.2,0.0625,0.3333333333333333,0.1375,0.1333333333333333,0.1875
UK,lad,E09000029,,2018,2022,available,0.2,3,3,10,13,4,2,2,4,2,0.3076923076923077,0.5,1.0,0.15384615384615385,0.15384615384615385,0.3076923076923077,0.0,0.15384615384615385,0.5
UK,lad,E09000033,,2018,2022,available,0.2,3,3,10,34,14,10,4,14,8,0.4117647058823529,0.5714285714285714,0.4,0.11764705882352941,0.07058823529411766,0.4117647058823529,0.04705882352941175,0.2941176470588235,0.17142857142857146
UK,lad,W06000001,,2018,2022,available,0.2,3,3,10,20,7,5,3,6,2,0.35,0.3333333333333333,0.6,0.15,0.13999999999999999,0.35,0.010000000000000009,0.19999999999999998,0.4
UK,lad,W06000002,,2018,2022,available,0.2,3,3,10,26,9,6,4,8,2,0.34615384615384615,0.25,0.6666666666666666,0.15384615384615385,0.17307692307692304,0.34615384615384615,0.01923076923076919,0.1923076923076923,0.5
UK,lad,W06000003,,2018,2022,available,0.2,3,3,10,15,6,4,2,6,4,0.4,0.6666666666666666,0.5,0.13333333333333333,0.06666666666666668,0.4,0.06666666666666665,0.2666666666666667,0.16666666666666669
UK,lad,W06000005,,2018,2022,available,0.2,3,3,10,10,3,2,2,3,2,0.3,0.6666666666666666,1.0,0.2,0.1,0.3,0.1,0.09999999999999998,0.33333333333333337
UK,lad,W06000008,,2018,2022,available,0.2,3,3,10,13,7,2,1,6,5,0.5384615384615384,0.8333333333333334,0.5,0.07692307692307693,0.04487179487179486,0.5384615384615384,0.03205128205128207,0.4615384615384615,0.08333333333333331
UK,lad,W06000009,,2018,2022,available,0.2,3,3,10,20,6,4,4,6,3,0.3,0.5,1.0,0.2,0.15,0.3,0.05000000000000002,0.09999999999999998,0.5
UK,lad,W06000010,,2018,2022,available,0.2,3,3,10,19,6,2,2,5,3,0.3157894736842105,0.6,1.0,0.10526315789473684,0.12631578947368421,0.3157894736842105,0.02105263157894738,0.21052631578947367,0.4
UK,lad,W06000014,,2018,2022,available,0.2,3,3,10,10,3,2,2,3,2,0.3,0.6666666666666666,1.0,0.2,0.1,0.3,0.1,0.09999999999999998,0.33333333333333337
UK,lad,W06000016,,2018,2022,available,0.2,3,3,10,12,4,2,2,3,1,0.3333333333333333,0.3333333333333333,1.0,0.16666666666666666,0.22222222222222224,0.3333333333333333,0.05555555555555558,0.16666666666666666,0.6666666666666667
UK,lad,W06000018,,2018,2022,available,0.2,3,3,10,11,3,2,2,2,2,0.2727272727272727,1.0,1.0,0.18181818181818182,0.0,0.2727272727272727,0.18181818181818182,0.09090909090909088,0.0
UK,lad,W06000023,,2018,2022,available,0.2,3,3,10,24,8,6,3,8,4,0.3333333333333333,0.5,0.5,0.125,0.08333333333333333,0.3333333333333333,0.04166666666666667,0.20833333333333331,0.25
UK,lad,E06000004,,2018,2022,balanced,0.2,3,3,10,10,2,1,1,2,1,0.2,0.5,1.0,0.1,0.1,0.2,0.0,0.1,0.5
UK,lad,E06000010,,2018,2022,balanced,0.2,3,3,10,10,4,2,2,4,3,0.4,0.75,1.0,0.2,0.1,0.4,0.1,0.2,0.25
UK,lad,E06000011,,2018,2022,balanced,0.2,3,3,10,23,6,5,3,6,3,0.2608695652173913,0.5,0.6,0.13043478260869565,0.07826086956521738,0.2608695652173913,0.052173913043478265,0.13043478260869565,0.3
UK,lad,E06000013,,2018,2022,balanced,0.2,3,3,10,12,3,3,3,3,1,0.25,0.3333333333333333,1.0,0.25,0.16666666666666669,0.25,0.08333333333333331,0.0,0.6666666666666667
UK,lad,E06000014,,2018,2022,balanced,0.2,3,3,10,10,4,4,1,4,1,0.4,0.25,0.25,0.1,0.07500000000000001,0.4,0.024999999999999994,0.30000000000000004,0.1875
UK,lad,E06000019,,2018,2022,balanced,0.2,3,3,10,15,5,4,3,5,2,0.3333333333333333,0.4,0.75,0.2,0.15,0.3333333333333333,0.05000000000000002,0.1333333333333333,0.44999999999999996
UK,lad,E06000020,,2018,2022,balanced,0.2,3,3,10,10,2,2,2,2,0,0.2,0.0,1.0,0.2,0.2,0.2,0.0,0.0,1.0
UK,lad,E06000023,,2018,2022,balanced,0.2,3,3,10,15,5,3,3,4,1,0.3333333333333333,0.25,1.0,0.2,0.25,0.3333333333333333,0.04999999999999999,0.1333333333333333,0.75
UK,lad,E06000024,,2018,2022,balanced,0.2,3,3,10,12,2,2,2,2,0,0.16666666666666666,0.0,1.0,0.16666666666666666,0.16666666666666666,0.16666666666666666,0.0,0.0,1.0
UK,lad,E06000025,,2018,2022,balanced,0.2,3,3,10,13,3,3,3,3,0,0.23076923076923078,0.0,1.0,0.23076923076923078,0.23076923076923078,0.23076923076923078,0.0,0.0,1.0
UK,lad,E06000037,,2018,2022,balanced,0.2,3,3,10,9,2,2,1,2,0,0.2222222222222222,0.0,0.5,0.1111111111111111,0.1111111111111111,0.2222222222222222,0.0,0.1111111111111111,0.5
UK,lad,E06000041,,2018,2022,balanced,0.2,3,3,10,10,4,2,1,3,1,0.4,0.3333333333333333,0.5,0.1,0.13333333333333336,0.4,0.033333333333333354,0.30000000000000004,0.33333333333333337
UK,lad,E06000042,,2018,2022,balanced,0.2,3,3,10,19,5,4,3,5,2,0.2631578947368421,0.4,0.75,0.15789473684210525,0.11842105263157894,0.2631578947368421,0.039473684210526314,0.10526315789473684,0.44999999999999996
UK,lad,E06000046,,2018,2022,balanced,0.2,3,3,10,12,3,3,2,3,0,0.25,0.0,0.6666666666666666,0.16666666666666666,0.16666666666666666,0.25,0.0,0.08333333333333334,0.6666666666666666
UK,lad,E06000047,,2018,2022,balanced,0.2,3,3,10,27,6,5,5,6,1,0.2222222222222222,0.16666666666666666,1.0,0.18518518518518517,0.18518518518518517,0.2222222222222222,0.0,0.037037037037037035,0.8333333333333334
UK,lad,E06000049,,2018,2022,balanced,0.2,3,3,10,19,5,4,4,5,1,0.2631578947368421,0.2,1.0,0.21052631578947367,0.21052631578947367,0.2631578947368421,0.0,0.05263157894736842,0.8
UK,lad,E06000050,,2018,2022,balanced,0.2,3,3,10,18,4,3,3,4,1,0.2222222222222222,0.25,1.0,0.16666666666666666,0.16666666666666666,0.2222222222222222,0.0,0.05555555555555555,0.75
UK,lad,E06000051,,2018,2022,balanced,0.2,3,3,10,30,9,6,6,8,2,0.3,0.25,1.0,0.2,0.22499999999999998,0.3,0.024999999999999967,0.09999999999999998,0.75
UK,lad,E06000052,,2018,2022,balanced,0.2,3,3,10,46,13,9,8,13,5,0.2826086956521739,0.38461538461538464,0.8888888888888888,0.17391304347826086,0.15458937198067632,0.2826086956521739,0.019323671497584544,0.10869565217391303,0.5470085470085471
UK,lad,E06000054,,2018,2022,balanced,0.2,3,3,10,26,9,6,4,8,4,0.34615384615384615,0.5,0.6666666666666666,0.15384615384615385,0.11538461538461538,0.34615384615384615,0.03846153846153848,0.1923076923076923,0.3333333333333333
UK,lad,E06000056,,2018,2022,balanced,0.2,3,3,10,17,5,4,3,4,1,0.29411764705882354,0.25,0.75,0.17647058823529413,0.16544117647058823,0.29411764705882354,0.011029411764705899,0.11764705882352941,0.5625
UK,lad,E06000057,,2018,2022,balanced,0.2,3,3,10,33,8,6,6,7,2,0.24242424242424243,0.2857142857142857,1.0,0.18181818181818182,0.17316017316017318,0.24242424242424243,0.008658008658008642,0.06060606060606061,0.7142857142857143
UK,lad,E06000058,,2018,2022,balanced,0.2,3,3,10,20,4,4,4,4,0,0.2,0.0,1.0,0.2,0.2,0.2,0.0,0.0,1.0
UK,lad,E06000059,,2018,2022,balanced,0.2,3,3,10,25,6,5,5,5,0,0.24,0.0,1.0,0.2,0.24,0.24,0.03999999999999998,0.03999999999999998,1.0
UK,lad,E06000060,,2018,2022,balanced,0.2,3,3,10,39,11,7,7,9,2,0.28205128205128205,0.2222222222222222,1.0,0.1794871794871795,0.21937321937321938,0.28205128205128205,0.03988603988603989,0.10256410256410256,0.7777777777777778
UK,lad,E06000061,,2018,2022,balanced,0.2,3,3,10,14,4,2,2,3,2,0.2857142857142857,0.6666666666666666,1.0,0.14285714285714285,0.09523809523809525,0.2857142857142857,0.0476190476190476,0.14285714285714285,0.33333333333333337
UK,lad,E06000062,,2018,2022,balanced,0.2,3,3,10,14,3,3,2,3,2,0.21428571428571427,0.6666666666666666,0.6666666666666666,0.14285714285714285,0.04761904761904762,0.21428571428571427,0.09523809523809523,0.07142857142857142,0.22222222222222224
UK,lad,E06000063,,2018,2022,balanced,0.2,3,3,10,24,9,6,6,8,3,0.375,0.375,1.0,0.25,0.234375,0.375,0.015625,0.125,0.625
UK,lad,E06000064,,2018,2022,balanced,0.2,3,3,10,24,7,4,4,7,5,0.2916666666666667,0.7142857142857143,1.0,0.16666666666666666,0.08333333333333333,0.2916666666666667,0.08333333333333333,0.12500000000000003,0.2857142857142857
UK,lad,E06000065,,2018,2022,balanced,0.2,3,3,10,51,14,11,10,12,2,0.27450980392156865,0.16666666666666666,0.9090909090909091,0.19607843137254902,0.20796197266785504,0.27450980392156865,0.011883541295306027,0.07843137254901963,0.7575757575757576
UK,lad,E06000066,,2018,2022,balanced,0.2,3,3,10,44,14,10,8,13,6,0.3181818181818182,0.46153846153846156,0.8,0.18181818181818182,0.13706293706293707,0.3181818181818182,0.044755244755244755,0.13636363636363635,0.4307692307692308
UK,lad,E07000012,,2018,2022,balanced,0.2,3,3,10,15,6,5,2,6,1,0.4,0.16666666666666666,0.4,0.13333333333333333,0.13333333333333336,0.4,2.7755575615628914e-17,0.2666666666666667,0.33333333333333337
UK,lad,E07000032,,2018,2022,balanced,0.2,3,3,10,10,3,2,2,3,1,0.3,0.3333333333333333,1.0,0.2,0.2,0.3,0.0,0.09999999999999998,0.6666666666666667
UK,lad,E07000039,,2018,2022,balanced,0.2,3,3,10,10,3,2,2,2,0,0.3,0.0,1.0,0.2,0.3,0.3,0.09999999999999998,0.09999999999999998,1.0
UK,lad,E07000040,,2018,2022,balanced,0.2,3,3,10,13,4,3,2,4,2,0.3076923076923077,0.5,0.6666666666666666,0.15384615384615385,0.10256410256410256,0.3076923076923077,0.051282051282051294,0.15384615384615385,0.3333333333333333
UK,lad,E07000043,,2018,2022,balanced,0.2,3,3,10,10,3,3,2,3,0,0.3,0.0,0.6666666666666666,0.2,0.19999999999999998,0.3,2.7755575615628914e-17,0.09999999999999998,0.6666666666666666
UK,lad,E07000044,,2018,2022,balanced,0.2,3,3,10,14,3,3,3,3,0,0.21428571428571427,0.0,1.0,0.21428571428571427,0.21428571428571427,0.21428571428571427,0.0,0.0,1.0
UK,lad,E07000046,,2018,2022,balanced,0.2,3,3,10,11,5,2,1,4,2,0.45454545454545453,0.5,0.5,0.09090909090909091,0.11363636363636363,0.45454545454545453,0.02272727272727272,0.36363636363636365,0.25
UK,lad,E07000064,,2018,2022,balanced,0.2,3,3,10,12,2,2,2,2,0,0.16666666666666666,0.0,1.0,0.16666666666666666,0.16666666666666666,0.16666666666666666,0.0,0.0,1.0
UK,lad,E07000065,,2018,2022,balanced,0.2,3,3,10,18,5,4,3,5,1,0.2777777777777778,0.2,0.75,0.16666666666666666,0.16666666666666669,0.2777777777777778,2.7755575615628914e-17,0.11111111111111113,0.6000000000000001
UK,lad,E07000067,,2018,2022,balanced,0.2,3,3,10,10,3,3,2,3,1,0.3,0.3333333333333333,0.6666666666666666,0.2,0.13333333333333333,0.3,0.06666666666666668,0.09999999999999998,0.4444444444444445
UK,lad,E07000072,,2018,2022,balanced,0.2,3,3,10,14,4,3,3,3,0,0.2857142857142857,0.0,1.0,0.21428571428571427,0.2857142857142857,0.2857142857142857,0.07142857142857142,0.07142857142857142,1.0
UK,lad,E07000077,,2018,2022,balanced,0.2,3,3,10,9,4,3,2,4,2,0.4444444444444444,0.5,0.6666666666666666,0.2222222222222222,0.14814814814814814,0.4444444444444444,0.07407407407407407,0.2222222222222222,0.3333333333333333
UK,lad,E07000079,,2018,2022,balanced,0.2,3,3,10,10,4,1,1,3,2,0.4,0.6666666666666666,1.0,0.1,0.13333333333333336,0.4,0.033333333333333354,0.30000000000000004,0.33333333333333337
UK,lad,E07000080,,2018,2022,balanced,0.2,3,3,10,10,5,1,1,5,4,0.5,0.8,1.0,0.1,0.09999999999999998,0.5,2.7755575615628914e-17,0.4,0.19999999999999996
UK,lad,E07000083,,2018,2022,balanced,0.2,3,3,10,10,2,2,2,2,0,0.2,0.0,1.0,0.2,0.2,0.2,0.0,0.0,1.0
UK,lad,E07000084,,2018,2022,balanced,0.2,3,3,10,12,2,2,2,2,0,0.16666666666666666,0.0,1.0,0.16666666666666666,0.16666666666666666,0.16666666666666666,0.0,0.0,1.0
UK,lad,E07000085,,2018,2022,balanced,0.2,3,3,10,11,2,2,2,2,0,0.18181818181818182,0.0,1.0,0.18181818181818182,0.18181818181818182,0.18181818181818182,0.0,0.0,1.0
UK,lad,E07000093,,2018,2022,balanced,0.2,3,3,10,10,3,2,2,3,1,0.3,0.3333333333333333,1.0,0.2,0.2,0.3,0.0,0.09999999999999998,0.6666666666666667
UK,lad,E07000094,,2018,2022,balanced,0.2,3,3,10,11,3,2,2,3,1,0.2727272727272727,0.3333333333333333,1.0,0.18181818181818182,0.18181818181818182,0.2727272727272727,0.0,0.09090909090909088,0.6666666666666667
UK,lad,E07000099,,2018,2022,balanced,0.2,3,3,10,10,5,3,2,5,3,0.5,0.6,0.6666666666666666,0.2,0.13333333333333333,0.5,0.06666666666666668,0.3,0.26666666666666666
UK,lad,E07000110,,2018,2022,balanced,0.2,3,3,10,10,4,1,1,2,1,0.4,0.5,1.0,0.1,0.2,0.4,0.1,0.30000000000000004,0.5
UK,lad,E07000111,,2018,2022,balanced,0.2,3,3,10,11,3,2,2,3,1,0.2727272727272727,0.3333333333333333,1.0,0.18181818181818182,0.18181818181818182,0.2727272727272727,0.0,0.09090909090909088,0.6666666666666667
UK,lad,E07000115,,2018,2022,balanced,0.2,3,3,10,11,4,3,1,4,1,0.36363636363636365,0.25,0.3333333333333333,0.09090909090909091,0.0909090909090909,0.36363636363636365,1.3877787807814457e-17,0.2727272727272727,0.25
UK,lad,E07000137,,2018,2022,balanced,0.2,3,3,10,12,3,3,3,3,1,0.25,0.3333333333333333,1.0,0.25,0.16666666666666669,0.25,0.08333333333333331,0.0,0.6666666666666667
UK,lad,E07000143,,2018,2022,balanced,0.2,3,3,10,14,4,2,2,4,3,0.2857142857142857,0.75,1.0,0.14285714285714285,0.07142857142857142,0.2857142857142857,0.07142857142857142,0.14285714285714285,0.25
UK,lad,E07000146,,2018,2022,balanced,0.2,3,3,10,11,5,2,1,4,3,0.45454545454545453,0.75,0.5,0.09090909090909091,0.056818181818181816,0.45454545454545453,0.034090909090909095,0.36363636363636365,0.125
UK,lad,E07000147,,2018,2022,balanced,0.2,3,3,10,13,5,2,1,5,4,0.38461538461538464,0.8,0.5,0.07692307692307693,0.03846153846153846,0.38461538461538464,0.03846153846153847,0.3076923076923077,0.09999999999999998
UK,lad,E07000149,,2018,2022,balanced,0.2,3,3,10,13,3,2,2,3,1,0.23076923076923078,0.3333333333333333,1.0,0.15384615384615385,0.15384615384615388,0.23076923076923078,2.7755575615628914e-17,0.07692307692307693,0.6666666666666667
UK,lad,E07000179,,2018,2022,balanced,0.2,3,3,10,13,3,2,2,3,1,0.23076923076923078,0.3333333333333333,1.0,0.15384615384615385,0.15384615384615388,0.23076923076923078,2.7755575615628914e-17,0.07692307692307693,0.6666666666666667
UK,lad,E07000196,,2018,2022,balanced,0.2,3,3,10,16,5,4,2,5,3,0.3125,0.6,0.5,0.125,0.0625,0.3125,0.0625,0.1875,0.2
UK,lad,E07000197,,2018,2022,balanced,0.2,3,3,10,12,2,2,2,2,0,0.16666666666666666,0.0,1.0,0.16666666666666666,0.16666666666666666,0.16666666666666666,0.0,0.0,1.0
UK,lad,E07000198,,2018,2022,balanced,0.2,3,3,10,11,2,2,2,2,0,0.18181818181818182,0.0,1.0,0.18181818181818182,0.18181818181818182,0.18181818181818182,0.0,0.0,1.0
UK,lad,E07000200,,2018,2022,balanced,0.2,3,3,10,11,3,2,1,3,2,0.2727272727272727,0.6666666666666666,0.5,0.09090909090909091,0.045454545454545456,0.2727272727272727,0.045454545454545456,0.1818181818181818,0.16666666666666669
UK,lad,E07000203,,2018,2022,balanced,0.2,3,3,10,11,4,2,2,4,3,0.36363636363636365,0.75,1.0,0.18181818181818182,0.09090909090909091,0.36363636363636365,0.09090909090909091,0.18181818181818182,0.25
UK,lad,E07000209,,2018,2022,balanced,0.2,3,3,10,13,4,3,3,3,1,0.3076923076923077,0.3333333333333333,1.0,0.23076923076923078,0.20512820512820515,0.3076923076923077,0.025641025641025633,0.07692307692307693,0.6666666666666667
UK,lad,E07000210,,2018,2022,balanced,0.2,3,3,10,10,3,3,2,3,0,0.3,0.0,0.6666666666666666,0.2,0.19999999999999998,0.3,2.7755575615628914e-17,0.09999999999999998,0.6666666666666666
UK,lad,E07000215,,2018,2022,balanced,0.2,3,3,10,11,5,2,1,5,3,0.45454545454545453,0.6,0.5,0.09090909090909091,0.09090909090909091,0.45454545454545453,0.0,0.36363636363636365,0.2
UK,lad,E07000221,,2018,2022,balanced,0.2,3,3,10,16,7,4,1,7,4,0.4375,0.5714285714285714,0.25,0.0625,0.046875,0.4375,0.015625,0.375,0.10714285714285715
UK,lad,E07000222,,2018,2022,balanced,0.2,3,3,10,9,3,2,2,3,1,0.3333333333333333,0.3333333333333333,1.0,0.2222222222222222,0.22222222222222224,0.3333333333333333,2.7755575615628914e-17,0.1111111111111111,0.6666666666666667
UK,lad,E07000225,,2018,2022,balanced,0.2,3,3,10,12,3,2,2,3,1,0.25,0.3333333333333333,1.0,0.16666666666666666,0.16666666666666669,0.25,2.7755575615628914e-17,0.08333333333333334,0.6666666666666667
UK,lad,E07000234,,2018,2022,balanced,0.2,3,3,10,12,4,2,1,3,2,0.3333333333333333,0.6666666666666666,0.5,0.08333333333333333,0.05555555555555556,0.3333333333333333,0.02777777777777777,0.25,0.16666666666666669
UK,lad,E07000235,,2018,2022,balanced,0.2,3,3,10,11,5,1,1,4,3,0.45454545454545453,0.75,1.0,0.09090909090909091,0.11363636363636363,0.45454545454545453,0.02272727272727272,0.36363636363636365,0.25
UK,lad,E07000238,,2018,2022,balanced,0.2,3,3,10,16,5,4,3,5,2,0.3125,0.4,0.75,0.1875,0.140625,0.3125,0.046875,0.125,0.44999999999999996
UK,lad,E07000242,,2018,2022,balanced,0.2,3,3,10,12,4,2,1,3,1,0.3333333333333333,0.3333333333333333,0.5,0.08333333333333333,0.11111111111111112,0.3333333333333333,0.02777777777777779,0.25,0.33333333333333337
UK,lad,E07000244,,2018,2022,balanced,0.2,3,3,10,18,4,4,3,4,2,0.2222222222222222,0.5,0.75,0.16666666666666666,0.08333333333333333,0.2222222222222222,0.08333333333333333,0.05555555555555555,0.375
UK,lad,E07000245,,2018,2022,balanced,0.2,3,3,10,13,5,3,1,4,1,0.38461538461538464,0.25,0.3333333333333333,0.07692307692307693,0.09615384615384616,0.38461538461538464,0.019230769230769232,0.3076923076923077,0.25
UK,lad,E08000003,,2018,2022,balanced,0.2,3,3,10,21,7,4,4,7,3,0.3333333333333333,0.42857142857142855,1.0,0.19047619047619047,0.19047619047619047,0.3333333333333333,0.0,0.14285714285714285,0.5714285714285714
UK,lad,E08000006,,2018,2022,balanced,0.2,3,3,10,10,5,2,1,4,3,0.5,0.75,0.5,0.1,0.0625,0.5,0.037500000000000006,0.4,0.125
UK,lad,E08000007,,2018,2022,balanced,0.2,3,3,10,10,2,2,2,2,0,0.2,0.0,1.0,0.2,0.2,0.2,0.0,0.0,1.0
UK,lad,E08000009,,2018,2022,balanced,0.2,3,3,10,9,3,2,1,3,2,0.3333333333333333,0.6666666666666666,0.5,0.1111111111111111,0.05555555555555556,0.3333333333333333,0.055555555555555546,0.2222222222222222,0.16666666666666669
UK,lad,E08000010,,2018,2022,balanced,0.2,3,3,10,11,4,3,2,4,2,0.36363636363636365,0.5,0.6666666666666666,0.18181818181818182,0.12121212121212122,0.36363636363636365,0.06060606060606061,0.18181818181818182,0.3333333333333333
UK,lad,E08000011,,2018,2022,balanced,0.2,3,3,10,12,3,2,2,3,2,0.25,0.6666666666666666,1.0,0.16666666666666666,0.08333333333333334,0.25,0.08333333333333331,0.08333333333333334,0.33333333333333337
UK,lad,E08000012,,2018,2022,balanced,0.2,3,3,10,24,6,4,4,5,1,0.25,0.2,1.0,0.16666666666666666,0.2,0.25,0.033333333333333354,0.08333333333333334,0.8
UK,lad,E08000014,,2018,2022,balanced,0.2,3,3,10,13,3,3,3,3,1,0.23076923076923078,0.3333333333333333,1.0,0.23076923076923078,0.15384615384615388,0.23076923076923078,0.0769230769230769,0.0,0.6666666666666667
UK,lad,E08000015,,2018,2022,balanced,0.2,3,3,10,13,3,3,2,3,1,0.23076923076923078,0.3333333333333333,0.6666666666666666,0.15384615384615385,0.10256410256410259,0.23076923076923078,0.051282051282051266,0.07692307692307693,0.4444444444444445
UK,lad,E08000017,,2018,2022,balanced,0.2,3,3,10,15,4,3,3,4,1,0.26666666666666666,0.25,1.0,0.2,0.2,0.26666666666666666,0.0,0.06666666666666665,0.75
UK,lad,E08000018,,2018,2022,balanced,0.2,3,3,10,12,3,3,3,3,1,0.25,0.3333333333333333,1.0,0.25,0.16666666666666669,0.25,0.08333333333333331,0.0,0.6666666666666667
UK,lad,E08000022,,2018,2022,balanced,0.2,3,3,10,10,2,2,2,2,0,0.2,0.0,1.0,0.2,0.2,0.2,0.0,0.0,1.0
UK,lad,E08000024,,2018,2022,balanced,0.2,3,3,10,11,2,2,2,2,0,0.18181818181818182,0.0,1.0,0.18181818181818182,0.18181818181818182,0.18181818181818182,0.0,0.0,1.0
UK,lad,E08000025,,2018,2022,balanced,0.2,3,3,10,46,11,10,9,11,2,0.2391304347826087,0.18181818181818182,0.9,0.1956521739130435,0.1760869565217391,0.2391304347826087,0.019565217391304374,0.043478260869565216,0.7363636363636363
UK,lad,E08000027,,2018,2022,balanced,0.2,3,3,10,13,4,3,2,4,2,0.3076923076923077,0.5,0.6666666666666666,0.15384615384615385,0.10256410256410256,0.3076923076923077,0.051282051282051294,0.15384615384615385,0.3333333333333333
UK,lad,E08000028,,2018,2022,balanced,0.2,3,3,10,16,4,4,2,4,2,0.25,0.5,0.5,0.125,0.0625,0.25,0.0625,0.125,0.25
UK,lad,E08000029,,2018,2022,balanced,0.2,3,3,10,12,5,3,2,4,1,0.4166666666666667,0.25,0.6666666666666666,0.16666666666666666,0.20833333333333331,0.4166666666666667,0.04166666666666666,0.25,0.5
UK,lad,E08000030,,2018,2022,balanced,0.2,3,3,10,13,4,3,3,4,2,0.3076923076923077,0.5,1.0,0.23076923076923078,0.15384615384615385,0.3076923076923077,0.07692307692307693,0.07692307692307693,0.5
UK,lad,E08000031,,2018,2022,balanced,0.2,3,3,10,12,3,2,2,2,0,0.25,0.0,1.0,0.16666666666666666,0.25,0.25,0.08333333333333334,0.08333333333333334,1.0
UK,lad,E08000032,,2018,2022,balanced,0.2,3,3,10,21,6,4,3,6,2,0.2857142857142857,0.3333333333333333,0.75,0.14285714285714285,0.14285714285714288,0.2857142857142857,2.7755575615628914e-17,0.14285714285714285,0.5
UK,lad,E08000033,,2018,2022,balanced,0.2,3,3,10,10,5,2,1,4,2,0.5,0.5,0.5,0.1,0.125,0.5,0.024999999999999994,0.4,0.25
UK,lad,E08000034,,2018,2022,balanced,0.2,3,3,10,19,5,4,3,5,2,0.2631578947368421,0.4,0.75,0.15789473684210525,0.11842105263157894,0.2631578947368421,0.039473684210526314,0.10526315789473684,0.44999999999999996
UK,lad,E08000035,,2018,2022,balanced,0.2,3,3,10,33,9,8,5,9,4,0.2727272727272727,0.4444444444444444,0.625,0.15151515151515152,0.0946969696969697,0.2727272727272727,0.05681818181818182,0.12121212121212119,0.3472222222222222
UK,lad,E08000036,,2018,2022,balanced,0.2,3,3,10,13,4,2,2,3,2,0.3076923076923077,0.6666666666666666,1.0,0.15384615384615385,0.10256410256410257,0.3076923076923077,0.05128205128205128,0.15384615384615385,0.33333333333333337
UK,lad,E08000037,,2018,2022,balanced,0.2,3,3,10,10,2,2,2,2,0,0.2,0.0,1.0,0.2,0.2,0.2,0.0,0.0,1.0
UK,lad,E08000039,,2018,2022,balanced,0.2,3,3,10,18,5,3,2,4,1,0.2777777777777778,0.25,0.6666666666666666,0.1111111111111111,0.1388888888888889,0.2777777777777778,0.02777777777777779,0.16666666666666669,0.5
UK,lad,E09000001,,2018,2022,balanced,0.2,3,3,10,9,5,0,0,3,3,0.5555555555555556,1.0,,0.0,,0.5555555555555556,,0.5555555555555556,
UK,lad,E09000003,,2018,2022,balanced,0.2,3,3,10,16,6,4,3,6,4,0.375,0.6666666666666666,0.75,0.1875,0.09375,0.375,0.09375,0.1875,0.25
UK,lad,E09000004,,2018,2022,balanced,0.2,3,3,10,13,5,2,2,5,4,0.38461538461538464,0.8,1.0,0.15384615384615385,0.07692307692307691,0.38461538461538464,0.07692307692307694,0.23076923076923078,0.19999999999999996
UK,lad,E09000005,,2018,2022,balanced,0.2,3,3,10,10,4,3,1,4,3,0.4,0.75,0.3333333333333333,0.1,0.03333333333333333,0.4,0.06666666666666668,0.30000000000000004,0.08333333333333333
UK,lad,E09000006,,2018,2022,balanced,0.2,3,3,10,13,4,2,2,4,2,0.3076923076923077,0.5,1.0,0.15384615384615385,0.15384615384615385,0.3076923076923077,0.0,0.15384615384615385,0.5
UK,lad,E09000007,,2018,2022,balanced,0.2,3,3,10,23,7,5,4,7,3,0.30434782608695654,0.42857142857142855,0.8,0.17391304347826086,0.1391304347826087,0.30434782608695654,0.03478260869565217,0.13043478260869568,0.45714285714285713
UK,lad,E09000008,,2018,2022,balanced,0.2,3,3,10,10,3,3,3,3,1,0.3,0.3333333333333333,1.0,0.3,0.2,0.3,0.09999999999999998,0.0,0.6666666666666667
UK,lad,E09000009,,2018,2022,balanced,0.2,3,3,10,11,3,3,2,3,1,0.2727272727272727,0.3333333333333333,0.6666666666666666,0.18181818181818182,0.12121212121212122,0.2727272727272727,0.06060606060606061,0.09090909090909088,0.4444444444444445
UK,lad,E09000010,,2018,2022,balanced,0.2,3,3,10,12,4,3,2,3,1,0.3333333333333333,0.3333333333333333,0.6666666666666666,0.16666666666666666,0.14814814814814814,0.3333333333333333,0.018518518518518517,0.16666666666666666,0.4444444444444445
UK,lad,E09000011,,2018,2022,balanced,0.2,3,3,10,11,4,2,2,3,1,0.36363636363636365,0.3333333333333333,1.0,0.18181818181818182,0.24242424242424246,0.36363636363636365,0.060606060606060635,0.18181818181818182,0.6666666666666667
UK,lad,E09000012,,2018,2022,balanced,0.2,3,3,10,10,5,2,1,5,3,0.5,0.6,0.5,0.1,0.1,0.5,0.0,0.4,0.2
UK,lad,E09000016,,2018,2022,balanced,0.2,3,3,10,10,4,3,1,3,2,0.4,0.6666666666666666,0.3333333333333333,0.1,0.04444444444444445,0.4,0.05555555555555555,0.30000000000000004,0.11111111111111112
UK,lad,E09000017,,2018,2022,balanced,0.2,3,3,10,10,3,2,1,2,0,0.3,0.0,0.5,0.1,0.15,0.3,0.04999999999999999,0.19999999999999998,0.5
UK,lad,E09000018,,2018,2022,balanced,0.2,3,3,10,13,4,2,2,3,1,0.3076923076923077,0.3333333333333333,1.0,0.15384615384615385,0.20512820512820515,0.3076923076923077,0.051282051282051294,0.15384615384615385,0.6666666666666667
UK,lad,E09000019,,2018,2022,balanced,0.2,3,3,10,11,5,1,0,5,5,0.45454545454545453,1.0,0.0,0.0,0.0,0.45454545454545453,0.0,0.45454545454545453,0.0
UK,lad,E09000020,,2018,2022,balanced,0.2,3,3,10,11,4,2,2,3,2,0.36363636363636365,0.6666666666666666,1.0,0.18181818181818182,0.12121212121212123,0.36363636363636365,0.060606060606060594,0.18181818181818182,0.33333333333333337
UK,lad,E09000022,,2018,2022,balanced,0.2,3,3,10,13,5,3,2,5,3,0.38461538461538464,0.6,0.6666666666666666,0.15384615384615385,0.10256410256410256,0.38461538461538464,0.051282051282051294,0.23076923076923078,0.26666666666666666
UK,lad,E09000023,,2018,2022,balanced,0.2,3,3,10,13,2,2,2,2,0,0.15384615384615385,0.0,1.0,0.15384615384615385,0.15384615384615385,0.15384615384615385,0.0,0.0,1.0
UK,lad,E09000026,,2018,2022,balanced,0.2,3,3,10,15,4,4,3,4,1,0.26666666666666666,0.25,0.75,0.2,0.15000000000000002,0.26666666666666666,0.04999999999999999,0.06666666666666665,0.5625
UK,lad,E09000027,,2018,2022,balanced,0.2,3,3,10,16,7,3,2,6,4,0.4375,0.6666666666666666,0.6666666666666666,0.125,0.09722222222222222,0.4375,0.027777777777777776,0.3125,0.22222222222222224
UK,lad,E09000028,,2018,2022,balanced,0.2,3,3,10,13,3,2,1,3,3,0.23076923076923078,1.0,0.5,0.07692307692307693,0.0,0.23076923076923078,0.07692307692307693,0.15384615384615385,0.0
UK,lad,E09000029,,2018,2022,balanced,0.2,3,3,10,13,4,2,2,4,2,0.3076923076923077,0.5,1.0,0.15384615384615385,0.15384615384615385,0.3076923076923077,0.0,0.15384615384615385,0.5
UK,lad,E09000033,,2018,2022,balanced,0.2,3,3,10,34,14,10,4,14,8,0.4117647058823529,0.5714285714285714,0.4,0.11764705882352941,0.07058823529411766,0.4117647058823529,0.04705882352941175,0.2941176470588235,0.17142857142857146
UK,lad,W06000001,,2018,2022,balanced,0.2,3,3,10,18,7,5,3,6,2,0.3888888888888889,0.3333333333333333,0.6,0.16666666666666666,0.15555555555555559,0.3888888888888889,0.011111111111111072,0.22222222222222224,0.4
UK,lad,W06000002,,2018,2022,balanced,0.2,3,3,10,24,9,6,4,8,2,0.375,0.25,0.6666666666666666,0.16666666666666666,0.1875,0.375,0.020833333333333343,0.20833333333333334,0.5
UK,lad,W06000003,,2018,2022,balanced,0.2,3,3,10,15,6,4,2,6,4,0.4,0.6666666666666666,0.5,0.13333333333333333,0.06666666666666668,0.4,0.06666666666666665,0.2666666666666667,0.16666666666666669
UK,lad,W06000008,,2018,2022,balanced,0.2,3,3,10,12,6,2,1,5,4,0.5,0.8,0.5,0.08333333333333333,0.04999999999999999,0.5,0.03333333333333334,0.4166666666666667,0.09999999999999998
UK,lad,W06000009,,2018,2022,balanced,0.2,3,3,10,20,6,4,4,6,3,0.3,0.5,1.0,0.2,0.15,0.3,0.05000000000000002,0.09999999999999998,0.5
UK,lad,W06000010,,2018,2022,balanced,0.2,3,3,10,18,6,2,2,5,3,0.3333333333333333,0.6,1.0,0.1111111111111111,0.13333333333333333,0.3333333333333333,0.022222222222222227,0.2222222222222222,0.4
UK,lad,W06000016,,2018,2022,balanced,0.2,3,3,10,12,4,2,2,3,1,0.3333333333333333,0.3333333333333333,1.0,0.16666666666666666,0.22222222222222224,0.3333333333333333,0.05555555555555558,0.16666666666666666,0.6666666666666667
UK,lad,W06000023,,2018,2022,balanced,0.2,3,3,10,24,8,6,3,8,4,0.3333333333333333,0.5,0.5,0.125,0.08333333333333333,0.3333333333333333,0.04166666666666667,0.20833333333333331,0.25
UK,ttwa,E30000004,,2018,2022,available,0.2,3,3,10,10,3,2,2,2,0,0.3,0.0,1.0,0.2,0.3,0.3,0.09999999999999998,0.09999999999999998,1.0
UK,ttwa,E30000018,,2018,2022,available,0.2,3,3,10,25,8,5,4,8,3,0.32,0.375,0.8,0.16,0.16000000000000003,0.32,2.7755575615628914e-17,0.16,0.5
UK,ttwa,E30000029,,2018,2022,available,0.2,3,3,10,11,5,2,1,4,2,0.45454545454545453,0.5,0.5,0.09090909090909091,0.11363636363636363,0.45454545454545453,0.02272727272727272,0.36363636363636365,0.25
UK,ttwa,E30000061,,2018,2022,available,0.2,3,3,10,11,3,3,2,3,2,0.2727272727272727,0.6666666666666666,0.6666666666666666,0.18181818181818182,0.06060606060606061,0.2727272727272727,0.12121212121212122,0.09090909090909088,0.22222222222222224
UK,ttwa,E30000070,,2018,2022,available,0.2,3,3,10,12,3,3,2,3,0,0.25,0.0,0.6666666666666666,0.16666666666666666,0.16666666666666666,0.25,0.0,0.08333333333333334,0.6666666666666666
UK,ttwa,E30000093,,2018,2022,available,0.2,3,3,10,24,7,5,4,7,3,0.2916666666666667,0.42857142857142855,0.8,0.16666666666666666,0.13333333333333333,0.2916666666666667,0.033333333333333326,0.12500000000000003,0.45714285714285713
UK,ttwa,E30000108,,2018,2022,available,0.2,3,3,10,17,7,4,2,5,3,0.4117647058823529,0.6,0.5,0.11764705882352941,0.08235294117647059,0.4117647058823529,0.03529411764705882,0.2941176470588235,0.2
UK,ttwa,E30000110,,2018,2022,available,0.2,3,3,10,10,3,2,2,2,0,0.3,0.0,1.0,0.2,0.3,0.3,0.09999999999999998,0.09999999999999998,1.0
UK,ttwa,E30000135,,2018,2022,available,0.2,3,3,10,13,4,2,2,4,2,0.3076923076923077,0.5,1.0,0.15384615384615385,0.15384615384615385,0.3076923076923077,0.0,0.15384615384615385,0.5
UK,ttwa,E30000161,,2018,2022,available,0.2,3,3,10,10,3,2,2,3,1,0.3,0.3333333333333333,1.0,0.2,0.2,0.3,0.0,0.09999999999999998,0.6666666666666667
UK,ttwa,E30000162,,2018,2022,available,0.2,3,3,10,11,3,3,2,3,0,0.2727272727272727,0.0,0.6666666666666666,0.18181818181818182,0.1818181818181818,0.2727272727272727,2.7755575615628914e-17,0.09090909090909088,0.6666666666666666
UK,ttwa,E30000163,,2018,2022,available,0.2,3,3,10,11,2,2,2,2,1,0.18181818181818182,0.5,1.0,0.18181818181818182,0.09090909090909091,0.18181818181818182,0.09090909090909091,0.0,0.5
UK,ttwa,E30000164,,2018,2022,available,0.2,3,3,10,15,4,3,3,4,2,0.26666666666666666,0.5,1.0,0.2,0.13333333333333333,0.26666666666666666,0.06666666666666668,0.06666666666666665,0.5
UK,ttwa,E30000166,,2018,2022,available,0.2,3,3,10,12,4,3,1,3,2,0.3333333333333333,0.6666666666666666,0.3333333333333333,0.08333333333333333,0.037037037037037035,0.3333333333333333,0.046296296296296294,0.25,0.11111111111111112
UK,ttwa,E30000168,,2018,2022,available,0.2,3,3,10,15,3,3,3,3,0,0.2,0.0,1.0,0.2,0.2,0.2,0.0,0.0,1.0
UK,ttwa,E30000169,,2018,2022,available,0.2,3,3,10,76,17,17,15,17,1,0.2236842105263158,0.058823529411764705,0.8823529411764706,0.19736842105263158,0.18575851393188852,0.2236842105263158,0.011609907120743057,0.02631578947368421,0.8304498269896193
UK,ttwa,E30000170,,2018,2022,available,0.2,3,3,10,12,3,3,1,3,2,0.25,0.6666666666666666,0.3333333333333333,0.08333333333333333,0.02777777777777778,0.25,0.05555555555555555,0.16666666666666669,0.11111111111111112
UK,ttwa,E30000171,,2018,2022,available,0.2,3,3,10,10,3,2,2,3,2,0.3,0.6666666666666666,1.0,0.2,0.1,0.3,0.1,0.09999999999999998,0.33333333333333337
UK,ttwa,E30000173,,2018,2022,available,0.2,3,3,10,9,3,2,2,2,1,0.3333333333333333,0.5,1.0,0.2222222222222222,0.16666666666666666,0.3333333333333333,0.05555555555555555,0.1111111111111111,0.5
UK,ttwa,E30000175,,2018,2022,available,0.2,3,3,10,20,6,4,3,6,3,0.3,0.5,0.75,0.15,0.11249999999999999,0.3,0.037500000000000006,0.15,0.375
UK,ttwa,E30000179,,2018,2022,available,0.2,3,3,10,14,3,2,2,3,1,0.21428571428571427,0.3333333333333333,1.0,0.14285714285714285,0.14285714285714288,0.21428571428571427,2.7755575615628914e-17,0.07142857142857142,0.6666666666666667
UK,ttwa,E30000180,,2018,2022,available,0.2,3,3,10,34,11,7,5,9,3,0.3235294117647059,0.3333333333333333,0.7142857142857143,0.14705882352941177,0.15406162464985998,0.3235294117647059,0.00700280112044821,0.17647058823529413,0.4761904761904763
UK,ttwa,E30000183,,2018,2022,available,0.2,3,3,10,13,2,2,2,2,0,0.15384615384615385,0.0,1.0,0.15384615384615385,0.15384615384615385,0.15384615384615385,0.0,0.0,1.0
UK,ttwa,E30000184,,2018,2022,available,0.2,3,3,10,12,2,2,2,2,0,0.16666666666666666,0.0,1.0,0.16666666666666666,0.16666666666666666,0.16666666666666666,0.0,0.0,1.0
UK,ttwa,E30000186,,2018,2022,available,0.2,3,3,10,36,7,7,7,7,0,0.19444444444444445,0.0,1.0,0.19444444444444445,0.19444444444444445,0.19444444444444445,0.0,0.0,1.0
UK,ttwa,E30000188,,2018,2022,available,0.2,3,3,10,22,5,4,4,5,2,0.22727272727272727,0.4,1.0,0.18181818181818182,0.13636363636363635,0.22727272727272727,0.04545454545454547,0.04545454545454544,0.6
UK,ttwa,E30000189,,2018,2022,available,0.2,3,3,10,9,2,2,2,2,0,0.2222222222222222,0.0,1.0,0.2222222222222222,0.2222222222222222,0.2222222222222222,0.0,0.0,1.0
UK,ttwa,E30000190,,2018,2022,available,0.2,3,3,10,13,3,2,2,3,2,0.23076923076923078,0.6666666666666666,1.0,0.15384615384615385,0.07692307692307694,0.23076923076923078,0.07692307692307691,0.07692307692307693,0.33333333333333337
UK,ttwa,E30000191,,2018,2022,available,0.2,3,3,10,14,3,2,2,3,1,0.21428571428571427,0.3333333333333333,1.0,0.14285714285714285,0.14285714285714288,0.21428571428571427,2.7755575615628914e-17,0.07142857142857142,0.6666666666666667
UK,ttwa,E30000193,,2018,2022,available,0.2,3,3,10,12,2,2,2,2,0,0.16666666666666666,0.0,1.0,0.16666666666666666,0.16666666666666666,0.16666666666666666,0.0,0.0,1.0
UK,ttwa,E30000195,,2018,2022,available,0.2,3,3,10,21,6,4,4,6,3,0.2857142857142857,0.5,1.0,0.19047619047619047,0.14285714285714285,0.2857142857142857,0.047619047619047616,0.09523809523809523,0.5
UK,ttwa,E30000196,,2018,2022,available,0.2,3,3,10,33,9,7,6,9,3,0.2727272727272727,0.3333333333333333,0.8571428571428571,0.18181818181818182,0.15584415584415584,0.2727272727272727,0.025974025974025983,0.09090909090909088,0.5714285714285715
UK,ttwa,E30000197,,2018,2022,available,0.2,3,3,10,16,3,3,3,3,0,0.1875,0.0,1.0,0.1875,0.1875,0.1875,0.0,0.0,1.0
UK,ttwa,E30000200,,2018,2022,available,0.2,3,3,10,18,3,3,3,3,0,0.16666666666666666,0.0,1.0,0.16666666666666666,0.16666666666666666,0.16666666666666666,0.0,0.0,1.0
UK,ttwa,E30000201,,2018,2022,available,0.2,3,3,10,15,4,3,3,4,1,0.26666666666666666,0.25,1.0,0.2,0.2,0.26666666666666666,0.0,0.06666666666666665,0.75
UK,ttwa,E30000202,,2018,2022,available,0.2,3,3,10,23,6,4,4,6,2,0.2608695652173913,0.3333333333333333,1.0,0.17391304347826086,0.1739130434782609,0.2608695652173913,2.7755575615628914e-17,0.08695652173913043,0.6666666666666667
UK,ttwa,E30000203,,2018,2022,available,0.2,3,3,10,17,3,3,3,3,0,0.17647058823529413,0.0,1.0,0.17647058823529413,0.17647058823529413,0.17647058823529413,0.0,0.0,1.0
UK,ttwa,E30000204,,2018,2022,available,0.2,3,3,10,13,2,2,2,2,0,0.15384615384615385,0.0,1.0,0.15384615384615385,0.15384615384615385,0.15384615384615385,0.0,0.0,1.0
UK,ttwa,E30000205,,2018,2022,available,0.2,3,3,10,10,2,2,2,2,0,0.2,0.0,1.0,0.2,0.2,0.2,0.0,0.0,1.0
UK,ttwa,E30000206,,2018,2022,available,0.2,3,3,10,24,8,7,3,8,2,0.3333333333333333,0.25,0.42857142857142855,0.125,0.10714285714285714,0.3333333333333333,0.017857142857142863,0.20833333333333331,0.3214285714285714
UK,ttwa,E30000208,,2018,2022,available,0.2,3,3,10,12,4,2,1,4,3,0.3333333333333333,0.75,0.5,0.08333333333333333,0.041666666666666664,0.3333333333333333,0.041666666666666664,0.25,0.125
UK,ttwa,E30000209,,2018,2022,available,0.2,3,3,10,12,2,2,2,2,0,0.16666666666666666,0.0,1.0,0.16666666666666666,0.16666666666666666,0.16666666666666666,0.0,0.0,1.0
UK,ttwa,E30000211,,2018,2022,available,0.2,3,3,10,15,3,3,3,3,0,0.2,0.0,1.0,0.2,0.2,0.2,0.0,0.0,1.0
UK,ttwa,E30000212,,2018,2022,available,0.2,3,3,10,43,12,10,8,12,3,0.27906976744186046,0.25,0.8,0.18604651162790697,0.16744186046511628,0.27906976744186046,0.018604651162790697,0.09302325581395349,0.6000000000000001
UK,ttwa,E30000214,,2018,2022,available,0.2,3,3,10,11,2,2,2,2,0,0.18181818181818182,0.0,1.0,0.18181818181818182,0.18181818181818182,0.18181818181818182,0.0,0.0,1.0
UK,ttwa,E30000216,,2018,2022,available,0.2,3,3,10,13,4,2,2,3,1,0.3076923076923077,0.3333333333333333,1.0,0.15384615384615385,0.20512820512820515,0.3076923076923077,0.051282051282051294,0.15384615384615385,0.6666666666666667
UK,ttwa,E30000218,,2018,2022,available,0.2,3,3,10,28,7,6,5,7,2,0.25,0.2857142857142857,0.8333333333333334,0.17857142857142858,0.1488095238095238,0.25,0.029761904761904767,0.07142857142857142,0.5952380952380952
UK,ttwa,E30000219,,2018,2022,available,0.2,3,3,10,15,4,3,3,4,1,0.26666666666666666,0.25,1.0,0.2,0.2,0.26666666666666666,0.0,0.06666666666666665,0.75
UK,ttwa,E30000220,,2018,2022,available,0.2,3,3,10,23,6,6,3,6,1,0.2608695652173913,0.16666666666666666,0.5,0.13043478260869565,0.10869565217391304,0.2608695652173913,0.021739130434782608,0.13043478260869565,0.4166666666666667
UK,ttwa,E30000222,,2018,2022,available,0.2,3,3,10,25,5,5,5,5,0,0.2,0.0,1.0,0.2,0.2,0.2,0.0,0.0,1.0
UK,ttwa,E30000224,,2018,2022,available,0.2,3,3,10,10,4,2,2,3,2,0.4,0.6666666666666666,1.0,0.2,0.13333333333333336,0.4,0.06666666666666665,0.2,0.33333333333333337
UK,ttwa,E30000225,,2018,2022,available,0.2,3,3,10,15,8,2,1,8,6,0.5333333333333333,0.75,0.5,0.06666666666666667,0.06666666666666667,0.5333333333333333,0.0,0.4666666666666667,0.125
UK,ttwa,E30000228,,2018,2022,available,0.2,3,3,10,20,6,5,3,6,1,0.3,0.16666666666666666,0.6,0.15,0.15,0.3,0.0,0.15,0.5
UK,ttwa,E30000229,,2018,2022,available,0.2,3,3,10,37,11,8,6,11,5,0.2972972972972973,0.45454545454545453,0.75,0.16216216216216217,0.12162162162162163,0.2972972972972973,0.04054054054054054,0.13513513513513514,0.40909090909090906
UK,ttwa,E30000230,,2018,2022,available,0.2,3,3,10,23,6,5,4,6,3,0.2608695652173913,0.5,0.8,0.17391304347826086,0.10434782608695653,0.2608695652173913,0.06956521739130433,0.08695652173913043,0.4
UK,ttwa,E30000231,,2018,2022,available,0.2,3,3,10,17,4,3,3,3,0,0.23529411764705882,0.0,1.0,0.17647058823529413,0.23529411764705882,0.23529411764705882,0.05882352941176469,0.05882352941176469,1.0
UK,ttwa,E30000233,,2018,2022,available,0.2,3,3,10,44,14,9,7,13,6,0.3181818181818182,0.46153846153846156,0.7777777777777778,0.1590909090909091,0.13325563325563325,0.3181818181818182,0.02583527583527584,0.1590909090909091,0.4188034188034188
UK,ttwa,E30000234,,2018,2022,available,0.2,3,3,10,293,75,62,56,69,13,0.25597269624573377,0.18840579710144928,0.9032258064516129,0.19112627986348124,0.18764150898237988,0.25597269624573377,0.0034847708811013567,0.06484641638225253,0.7330528284244975
UK,ttwa,E30000236,,2018,2022,available,0.2,3,3,10,13,3,3,1,2,1,0.23076923076923078,0.5,0.3333333333333333,0.07692307692307693,0.038461538461538464,0.23076923076923078,0.038461538461538464,0.15384615384615385,0.16666666666666666
UK,ttwa,E30000237,,2018,2022,available,0.2,3,3,10,29,8,6,5,6,1,0.27586206896551724,0.16666666666666666,0.8333333333333334,0.1724137931034483,0.19157088122605365,0.27586206896551724,0.01915708812260536,0.10344827586206895,0.6944444444444445
UK,ttwa,E30000239,,2018,2022,available,0.2,3,3,10,91,26,22,20,24,5,0.2857142857142857,0.20833333333333334,0.9090909090909091,0.21978021978021978,0.2056277056277056,0.2857142857142857,0.014152514152514173,0.06593406593406592,0.7196969696969696
UK,ttwa,E30000240,,2018,2022,available,0.2,3,3,10,12,2,2,2,2,0,0.16666666666666666,0.0,1.0,0.16666666666666666,0.16666666666666666,0.16666666666666666,0.0,0.0,1.0
UK,ttwa,E30000242,,2018,2022,available,0.2,3,3,10,24,5,4,4,5,1,0.20833333333333334,0.2,1.0,0.16666666666666666,0.16666666666666669,0.20833333333333334,2.7755575615628914e-17,0.041666666666666685,0.8
UK,ttwa,E30000243,,2018,2022,available,0.2,3,3,10,27,6,5,5,6,1,0.2222222222222222,0.16666666666666666,1.0,0.18518518518518517,0.18518518518518517,0.2222222222222222,0.0,0.037037037037037035,0.8333333333333334
UK,ttwa,E30000244,,2018,2022,available,0.2,3,3,10,11,2,2,2,2,0,0.18181818181818182,0.0,1.0,0.18181818181818182,0.18181818181818182,0.18181818181818182,0.0,0.0,1.0
UK,ttwa,E30000245,,2018,2022,available,0.2,3,3,10,44,12,10,10,12,3,0.2727272727272727,0.25,1.0,0.22727272727272727,0.20454545454545453,0.2727272727272727,0.022727272727272735,0.04545454545454544,0.75
UK,ttwa,E30000246,,2018,2022,available,0.2,3,3,10,10,3,3,2,3,1,0.3,0.3333333333333333,0.6666666666666666,0.2,0.13333333333333333,0.3,0.06666666666666668,0.09999999999999998,0.4444444444444445
UK,ttwa,E30000247,,2018,2022,available,0.2,3,3,10,12,4,3,1,3,2,0.3333333333333333,0.6666666666666666,0.3333333333333333,0.08333333333333333,0.037037037037037035,0.3333333333333333,0.046296296296296294,0.25,0.11111111111111112
UK,ttwa,E30000248,,2018,2022,available,0.2,3,3,10,28,9,5,5,8,4,0.32142857142857145,0.5,1.0,0.17857142857142858,0.16071428571428573,0.32142857142857145,0.01785714285714285,0.14285714285714288,0.5
UK,ttwa,E30000249,,2018,2022,available,0.2,3,3,10,26,7,6,5,7,3,0.2692307692307692,0.42857142857142855,0.8333333333333334,0.19230769230769232,0.1282051282051282,0.2692307692307692,0.06410256410256412,0.0769230769230769,0.47619047619047616
UK,ttwa,E30000250,,2018,2022,available,0.2,3,3,10,29,7,7,6,7,2,0.2413793103448276,0.2857142857142857,0.8571428571428571,0.20689655172413793,0.1477832512315271,0.2413793103448276,0.05911330049261082,0.03448275862068967,0.6122448979591837
UK,ttwa,E30000253,,2018,2022,available,0.2,3,3,10,17,5,3,3,4,1,0.29411764705882354,0.25,1.0,0.17647058823529413,0.22058823529411764,0.29411764705882354,0.04411764705882351,0.11764705882352941,0.75
UK,ttwa,E30000254,,2018,2022,available,0.2,3,3,10,22,4,4,4,4,0,0.18181818181818182,0.0,1.0,0.18181818181818182,0.18181818181818182,0.18181818181818182,0.0,0.0,1.0
UK,ttwa,E30000255,,2018,2022,available,0.2,3,3,10,14,3,2,2,3,1,0.21428571428571427,0.3333333333333333,1.0,0.14285714285714285,0.14285714285714288,0.21428571428571427,2.7755575615628914e-17,0.07142857142857142,0.6666666666666667
UK,ttwa,E30000256,,2018,2022,available,0.2,3,3,10,24,6,4,4,5,1,0.25,0.2,1.0,0.16666666666666666,0.2,0.25,0.033333333333333354,0.08333333333333334,0.8
UK,ttwa,E30000257,,2018,2022,available,0.2,3,3,10,14,2,2,2,2,0,0.14285714285714285,0.0,1.0,0.14285714285714285,0.14285714285714285,0.14285714285714285,0.0,0.0,1.0
UK,ttwa,E30000258,,2018,2022,available,0.2,3,3,10,10,4,2,2,4,2,0.4,0.5,1.0,0.2,0.2,0.4,0.0,0.2,0.5
UK,ttwa,E30000260,,2018,2022,available,0.2,3,3,10,11,2,2,2,2,0,0.18181818181818182,0.0,1.0,0.18181818181818182,0.18181818181818182,0.18181818181818182,0.0,0.0,1.0
UK,ttwa,E30000261,,2018,2022,available,0.2,3,3,10,32,8,8,7,8,1,0.25,0.125,0.875,0.21875,0.19140625,0.25,0.02734375,0.03125,0.765625
UK,ttwa,E30000262,,2018,2022,available,0.2,3,3,10,11,3,3,2,3,2,0.2727272727272727,0.6666666666666666,0.6666666666666666,0.18181818181818182,0.06060606060606061,0.2727272727272727,0.12121212121212122,0.09090909090909088,0.22222222222222224
UK,ttwa,E30000266,,2018,2022,available,0.2,3,3,10,61,20,16,13,19,6,0.32786885245901637,0.3157894736842105,0.8125,0.21311475409836064,0.18226919758412424,0.32786885245901637,0.0308455565142364,0.11475409836065573,0.555921052631579
UK,ttwa,E30000267,,2018,2022,available,0.2,3,3,10,28,6,6,6,6,0,0.21428571428571427,0.0,1.0,0.21428571428571427,0.21428571428571427,0.21428571428571427,0.0,0.0,1.0
UK,ttwa,E30000268,,2018,2022,available,0.2,3,3,10,23,7,6,5,7,2,0.30434782608695654,0.2857142857142857,0.8333333333333334,0.21739130434782608,0.1811594202898551,0.30434782608695654,0.03623188405797098,0.08695652173913046,0.5952380952380952
UK,ttwa,E30000270,,2018,2022,available,0.2,3,3,10,11,3,2,2,3,1,0.2727272727272727,0.3333333333333333,1.0,0.18181818181818182,0.18181818181818182,0.2727272727272727,0.0,0.09090909090909088,0.6666666666666667
UK,ttwa,E30000271,,2018,2022,available,0.2,3,3,10,10,2,2,2,2,0,0.2,0.0,1.0,0.2,0.2,0.2,0.0,0.0,1.0
UK,ttwa,E30000272,,2018,2022,available,0.2,3,3,10,23,7,5,3,7,4,0.30434782608695654,0.5714285714285714,0.6,0.13043478260869565,0.0782608695652174,0.30434782608695654,0.05217391304347825,0.1739130434782609,0.2571428571428572
UK,ttwa,E30000273,,2018,2022,available,0.2,3,3,10,21,4,4,4,4,0,0.19047619047619047,0.0,1.0,0.19047619047619047,0.19047619047619047,0.19047619047619047,0.0,0.0,1.0
UK,ttwa,E30000275,,2018,2022,available,0.2,3,3,10,19,5,3,3,5,2,0.2631578947368421,0.4,1.0,0.15789473684210525,0.15789473684210525,0.2631578947368421,0.0,0.10526315789473684,0.6
UK,ttwa,E30000276,,2018,2022,available,0.2,3,3,10,25,7,6,4,7,1,0.28,0.14285714285714285,0.6666666666666666,0.16,0.16000000000000003,0.28,2.7755575615628914e-17,0.12000000000000002,0.5714285714285714
UK,ttwa,E30000278,,2018,2022,available,0.2,3,3,10,18,4,3,3,3,0,0.2222222222222222,0.0,1.0,0.16666666666666666,0.2222222222222222,0.2222222222222222,0.05555555555555555,0.05555555555555555,1.0
UK,ttwa,E30000280,,2018,2022,available,0.2,3,3,10,11,5,2,1,4,2,0.45454545454545453,0.5,0.5,0.09090909090909091,0.11363636363636363,0.45454545454545453,0.02272727272727272,0.36363636363636365,0.25
UK,ttwa,E30000281,,2018,2022,available,0.2,3,3,10,23,6,5,4,6,3,0.2608695652173913,0.5,0.8,0.17391304347826086,0.10434782608695653,0.2608695652173913,0.06956521739130433,0.08695652173913043,0.4
UK,ttwa,E30000283,,2018,2022,available,0.2,3,3,10,15,4,3,2,4,1,0.26666666666666666,0.25,0.6666666666666666,0.13333333333333333,0.13333333333333333,0.26666666666666666,0.0,0.13333333333333333,0.5
UK,ttwa,E30000284,,2018,2022,available,0.2,3,3,10,28,8,6,5,8,4,0.2857142857142857,0.5,0.8333333333333334,0.17857142857142858,0.11904761904761904,0.2857142857142857,0.059523809523809534,0.10714285714285712,0.4166666666666667
UK,ttwa,E30000285,,2018,2022,available,0.2,3,3,10,13,2,2,2,2,0,0.15384615384615385,0.0,1.0,0.15384615384615385,0.15384615384615385,0.15384615384615385,0.0,0.0,1.0
UK,ttwa,E30000286,,2018,2022,available,0.2,3,3,10,15,6,3,1,6,3,0.4,0.5,0.3333333333333333,0.06666666666666667,0.06666666666666667,0.4,0.0,0.33333333333333337,0.16666666666666666
UK,ttwa,E30000288,,2018,2022,available,0.2,3,3,10,35,8,8,7,8,1,0.22857142857142856,0.125,0.875,0.2,0.175,0.22857142857142856,0.025000000000000022,0.028571428571428553,0.765625
UK,ttwa,E30000289,,2018,2022,available,0.2,3,3,10,22,4,4,4,4,0,0.18181818181818182,0.0,1.0,0.18181818181818182,0.18181818181818182,0.18181818181818182,0.0,0.0,1.0
UK,ttwa,E30000292,,2018,2022,available,0.2,3,3,10,10,4,2,1,1,0,0.4,0.0,0.5,0.1,0.2,0.4,0.1,0.30000000000000004,0.5
UK,ttwa,E30000293,,2018,2022,available,0.2,3,3,10,21,4,4,4,4,1,0.19047619047619047,0.25,1.0,0.19047619047619047,0.14285714285714285,0.19047619047619047,0.047619047619047616,0.0,0.75
UK,ttwa,E30000294,,2018,2022,available,0.2,3,3,10,21,4,4,4,4,0,0.19047619047619047,0.0,1.0,0.19047619047619047,0.19047619047619047,0.19047619047619047,0.0,0.0,1.0
UK,ttwa,K01000010,,2018,2022,available,0.2,3,3,10,10,3,2,1,3,1,0.3,0.3333333333333333,0.5,0.1,0.1,0.3,0.0,0.19999999999999998,0.33333333333333337
UK,ttwa,K01000011,,2018,2022,available,0.2,3,3,10,16,3,3,3,3,1,0.1875,0.3333333333333333,1.0,0.1875,0.125,0.1875,0.0625,0.0,0.6666666666666667
UK,ttwa,K01000013,,2018,2022,available,0.2,3,3,10,13,4,2,1,4,2,0.3076923076923077,0.5,0.5,0.07692307692307693,0.07692307692307693,0.3076923076923077,0.0,0.23076923076923078,0.25
UK,ttwa,W22000003,,2018,2022,available,0.2,3,3,10,11,2,2,2,2,0,0.18181818181818182,0.0,1.0,0.18181818181818182,0.18181818181818182,0.18181818181818182,0.0,0.0,1.0
UK,ttwa,W22000009,,2018,2022,available,0.2,3,3,10,10,3,3,1,3,0,0.3,0.0,0.3333333333333333,0.1,0.09999999999999999,0.3,1.3877787807814457e-17,0.19999999999999998,0.3333333333333333
UK,ttwa,W22000022,,2018,2022,available,0.2,3,3,10,25,8,7,5,8,3,0.32,0.375,0.7142857142857143,0.2,0.14285714285714288,0.32,0.057142857142857134,0.12,0.44642857142857145
UK,ttwa,W22000024,,2018,2022,available,0.2,3,3,10,29,7,6,5,6,2,0.2413793103448276,0.3333333333333333,0.8333333333333334,0.1724137931034483,0.13409961685823757,0.2413793103448276,0.03831417624521072,0.06896551724137931,0.5555555555555557
UK,ttwa,W22000025,,2018,2022,available,0.2,3,3,10,10,6,2,0,4,3,0.6,0.75,0.0,0.0,0.0,0.6,0.0,0.6,0.0
UK,ttwa,W22000026,,2018,2022,available,0.2,3,3,10,12,5,3,1,5,4,0.4166666666666667,0.8,0.3333333333333333,0.08333333333333333,0.02777777777777777,0.4166666666666667,0.05555555555555556,0.33333333333333337,0.06666666666666665
UK,ttwa,W22000028,,2018,2022,available,0.2,3,3,10,16,5,3,2,4,2,0.3125,0.5,0.6666666666666666,0.125,0.10416666666666666,0.3125,0.020833333333333343,0.1875,0.3333333333333333
UK,ttwa,W22000029,,2018,2022,available,0.2,3,3,10,13,3,3,2,3,2,0.23076923076923078,0.6666666666666666,0.6666666666666666,0.15384615384615385,0.051282051282051294,0.23076923076923078,0.10256410256410256,0.07692307692307693,0.22222222222222224
UK,ttwa,W22000031,,2018,2022,available,0.2,3,3,10,11,2,2,2,2,0,0.18181818181818182,0.0,1.0,0.18181818181818182,0.18181818181818182,0.18181818181818182,0.0,0.0,1.0
UK,ttwa,W22000032,,2018,2022,available,0.2,3,3,10,15,5,4,2,5,2,0.3333333333333333,0.4,0.5,0.13333333333333333,0.09999999999999999,0.3333333333333333,0.03333333333333334,0.19999999999999998,0.3
UK,ttwa,W22000033,,2018,2022,available,0.2,3,3,10,16,6,2,2,5,3,0.375,0.6,1.0,0.125,0.15000000000000002,0.375,0.025000000000000022,0.25,0.4
UK,ttwa,E30000004,,2018,2022,balanced,0.2,3,3,10,10,3,2,2,2,0,0.3,0.0,1.0,0.2,0.3,0.3,0.09999999999999998,0.09999999999999998,1.0
UK,ttwa,E30000018,,2018,2022,balanced,0.2,3,3,10,24,8,5,4,8,3,0.3333333333333333,0.375,0.8,0.16666666666666666,0.16666666666666666,0.3333333333333333,0.0,0.16666666666666666,0.5
UK,ttwa,E30000029,,2018,2022,balanced,0.2,3,3,10,10,5,2,1,4,2,0.5,0.5,0.5,0.1,0.125,0.5,0.024999999999999994,0.4,0.25
UK,ttwa,E30000061,,2018,2022,balanced,0.2,3,3,10,11,3,3,2,3,2,0.2727272727272727,0.6666666666666666,0.6666666666666666,0.18181818181818182,0.06060606060606061,0.2727272727272727,0.12121212121212122,0.09090909090909088,0.22222222222222224
UK,ttwa,E30000070,,2018,2022,balanced,0.2,3,3,10,12,3,3,2,3,0,0.25,0.0,0.6666666666666666,0.16666666666666666,0.16666666666666666,0.25,0.0,0.08333333333333334,0.6666666666666666
UK,ttwa,E30000093,,2018,2022,balanced,0.2,3,3,10,24,7,5,4,7,3,0.2916666666666667,0.42857142857142855,0.8,0.16666666666666666,0.13333333333333333,0.2916666666666667,0.033333333333333326,0.12500000000000003,0.45714285714285713
UK,ttwa,E30000108,,2018,2022,balanced,0.2,3,3,10,16,6,4,2,5,3,0.375,0.6,0.5,0.125,0.07500000000000001,0.375,0.04999999999999999,0.25,0.2
UK,ttwa,E30000110,,2018,2022,balanced,0.2,3,3,10,10,3,2,2,2,0,0.3,0.0,1.0,0.2,0.3,0.3,0.09999999999999998,0.09999999999999998,1.0
UK,ttwa,E30000135,,2018,2022,balanced,0.2,3,3,10,13,4,2,2,4,2,0.3076923076923077,0.5,1.0,0.15384615384615385,0.15384615384615385,0.3076923076923077,0.0,0.15384615384615385,0.5
UK,ttwa,E30000162,,2018,2022,balanced,0.2,3,3,10,10,3,3,2,3,0,0.3,0.0,0.6666666666666666,0.2,0.19999999999999998,0.3,2.7755575615628914e-17,0.09999999999999998,0.6666666666666666
UK,ttwa,E30000163,,2018,2022,balanced,0.2,3,3,10,10,2,2,2,2,1,0.2,0.5,1.0,0.2,0.1,0.2,0.1,0.0,0.5
UK,ttwa,E30000164,,2018,2022,balanced,0.2,3,3,10,15,4,3,3,4,2,0.26666666666666666,0.5,1.0,0.2,0.13333333333333333,0.26666666666666666,0.06666666666666668,0.06666666666666665,0.5
UK,ttwa,E30000166,,2018,2022,balanced,0.2,3,3,10,10,3,2,1,3,2,0.3,0.6666666666666666,0.5,0.1,0.05,0.3,0.05,0.19999999999999998,0.16666666666666669
UK,ttwa,E30000168,,2018,2022,balanced,0.2,3,3,10,15,3,3,3,3,0,0.2,0.0,1.0,0.2,0.2,0.2,0.0,0.0,1.0
UK,ttwa,E30000169,,2018,2022,balanced,0.2,3,3,10,76,17,17,15,17,1,0.2236842105263158,0.058823529411764705,0.8823529411764706,0.19736842105263158,0.18575851393188852,0.2236842105263158,0.011609907120743057,0.02631578947368421,0.8304498269896193
UK,ttwa,E30000170,,2018,2022,balanced,0.2,3,3,10,11,3,3,1,3,2,0.2727272727272727,0.6666666666666666,0.3333333333333333,0.09090909090909091,0.030303030303030304,0.2727272727272727,0.06060606060606061,0.1818181818181818,0.11111111111111112
UK,ttwa,E30000171,,2018,2022,balanced,0.2,3,3,10,10,3,2,2,3,2,0.3,0.6666666666666666,1.0,0.2,0.1,0.3,0.1,0.09999999999999998,0.33333333333333337
UK,ttwa,E30000175,,2018,2022,balanced,0.2,3,3,10,19,6,4,3,6,3,0.3157894736842105,0.5,0.75,0.15789473684210525,0.11842105263157894,0.3157894736842105,0.039473684210526314,0.15789473684210525,0.375
UK,ttwa,E30000179,,2018,2022,balanced,0.2,3,3,10,12,3,2,2,3,1,0.25,0.3333333333333333,1.0,0.16666666666666666,0.16666666666666669,0.25,2.7755575615628914e-17,0.08333333333333334,0.6666666666666667
UK,ttwa,E30000180,,2018,2022,balanced,0.2,3,3,10,34,11,7,5,9,3,0.3235294117647059,0.3333333333333333,0.7142857142857143,0.14705882352941177,0.15406162464985998,0.3235294117647059,0.00700280112044821,0.17647058823529413,0.4761904761904763
UK,ttwa,E30000183,,2018,2022,balanced,0.2,3,3,10,13,2,2,2,2,0,0.15384615384615385,0.0,1.0,0.15384615384615385,0.15384615384615385,0.15384615384615385,0.0,0.0,1.0
UK,ttwa,E30000184,,2018,2022,balanced,0.2,3,3,10,12,2,2,2,2,0,0.16666666666666666,0.0,1.0,0.16666666666666666,0.16666666666666666,0.16666666666666666,0.0,0.0,1.0
UK,ttwa,E30000186,,2018,2022,balanced,0.2,3,3,10,35,7,7,7,7,0,0.2,0.0,1.0,0.2,0.2,0.2,0.0,0.0,1.0
UK,ttwa,E30000188,,2018,2022,balanced,0.2,3,3,10,22,5,4,4,5,2,0.22727272727272727,0.4,1.0,0.18181818181818182,0.13636363636363635,0.22727272727272727,0.04545454545454547,0.04545454545454544,0.6
UK,ttwa,E30000190,,2018,2022,balanced,0.2,3,3,10,13,3,2,2,3,2,0.23076923076923078,0.6666666666666666,1.0,0.15384615384615385,0.07692307692307694,0.23076923076923078,0.07692307692307691,0.07692307692307693,0.33333333333333337
UK,ttwa,E30000191,,2018,2022,balanced,0.2,3,3,10,13,3,2,2,3,1,0.23076923076923078,0.3333333333333333,1.0,0.15384615384615385,0.15384615384615388,0.23076923076923078,2.7755575615628914e-17,0.07692307692307693,0.6666666666666667
UK,ttwa,E30000193,,2018,2022,balanced,0.2,3,3,10,12,2,2,2,2,0,0.16666666666666666,0.0,1.0,0.16666666666666666,0.16666666666666666,0.16666666666666666,0.0,0.0,1.0
UK,ttwa,E30000195,,2018,2022,balanced,0.2,3,3,10,21,6,4,4,6,3,0.2857142857142857,0.5,1.0,0.19047619047619047,0.14285714285714285,0.2857142857142857,0.047619047619047616,0.09523809523809523,0.5
UK,ttwa,E30000196,,2018,2022,balanced,0.2,3,3,10,33,9,7,6,9,3,0.2727272727272727,0.3333333333333333,0.8571428571428571,0.18181818181818182,0.15584415584415584,0.2727272727272727,0.025974025974025983,0.09090909090909088,0.5714285714285715
UK,ttwa,E30000197,,2018,2022,balanced,0.2,3,3,10,16,3,3,3,3,0,0.1875,0.0,1.0,0.1875,0.1875,0.1875,0.0,0.0,1.0
UK,ttwa,E30000200,,2018,2022,balanced,0.2,3,3,10,18,3,3,3,3,0,0.16666666666666666,0.0,1.0,0.16666666666666666,0.16666666666666666,0.16666666666666666,0.0,0.0,1.0
UK,ttwa,E30000201,,2018,2022,balanced,0.2,3,3,10,15,4,3,3,4,1,0.26666666666666666,0.25,1.0,0.2,0.2,0.26666666666666666,0.0,0.06666666666666665,0.75
UK,ttwa,E30000202,,2018,2022,balanced,0.2,3,3,10,22,6,4,4,6,2,0.2727272727272727,0.3333333333333333,1.0,0.18181818181818182,0.18181818181818182,0.2727272727272727,0.0,0.09090909090909088,0.6666666666666667
UK,ttwa,E30000203,,2018,2022,balanced,0.2,3,3,10,16,3,3,3,3,0,0.1875,0.0,1.0,0.1875,0.1875,0.1875,0.0,0.0,1.0
UK,ttwa,E30000204,,2018,2022,balanced,0.2,3,3,10,13,2,2,2,2,0,0.15384615384615385,0.0,1.0,0.15384615384615385,0.15384615384615385,0.15384615384615385,0.0,0.0,1.0
UK,ttwa,E30000205,,2018,2022,balanced,0.2,3,3,10,10,2,2,2,2,0,0.2,0.0,1.0,0.2,0.2,0.2,0.0,0.0,1.0
UK,ttwa,E30000206,,2018,2022,balanced,0.2,3,3,10,24,8,7,3,8,2,0.3333333333333333,0.25,0.42857142857142855,0.125,0.10714285714285714,0.3333333333333333,0.017857142857142863,0.20833333333333331,0.3214285714285714
UK,ttwa,E30000208,,2018,2022,balanced,0.2,3,3,10,12,4,2,1,4,3,0.3333333333333333,0.75,0.5,0.08333333333333333,0.041666666666666664,0.3333333333333333,0.041666666666666664,0.25,0.125
UK,ttwa,E30000209,,2018,2022,balanced,0.2,3,3,10,12,2,2,2,2,0,0.16666666666666666,0.0,1.0,0.16666666666666666,0.16666666666666666,0.16666666666666666,0.0,0.0,1.0
UK,ttwa,E30000211,,2018,2022,balanced,0.2,3,3,10,15,3,3,3,3,0,0.2,0.0,1.0,0.2,0.2,0.2,0.0,0.0,1.0
UK,ttwa,E30000212,,2018,2022,balanced,0.2,3,3,10,41,11,9,8,11,3,0.2682926829268293,0.2727272727272727,0.8888888888888888,0.1951219512195122,0.17344173441734417,0.2682926829268293,0.02168021680216803,0.07317073170731708,0.6464646464646464
UK,ttwa,E30000214,,2018,2022,balanced,0.2,3,3,10,11,2,2,2,2,0,0.18181818181818182,0.0,1.0,0.18181818181818182,0.18181818181818182,0.18181818181818182,0.0,0.0,1.0
UK,ttwa,E30000216,,2018,2022,balanced,0.2,3,3,10,12,4,2,2,3,1,0.3333333333333333,0.3333333333333333,1.0,0.16666666666666666,0.22222222222222224,0.3333333333333333,0.05555555555555558,0.16666666666666666,0.6666666666666667
UK,ttwa,E30000218,,2018,2022,balanced,0.2,3,3,10,27,7,6,5,7,2,0.25925925925925924,0.2857142857142857,0.8333333333333334,0.18518518518518517,0.15432098765432098,0.25925925925925924,0.030864197530864196,0.07407407407407407,0.5952380952380952
UK,ttwa,E30000219,,2018,2022,balanced,0.2,3,3,10,15,4,3,3,4,1,0.26666666666666666,0.25,1.0,0.2,0.2,0.26666666666666666,0.0,0.06666666666666665,0.75
UK,ttwa,E30000220,,2018,2022,balanced,0.2,3,3,10,23,6,6,3,6,1,0.2608695652173913,0.16666666666666666,0.5,0.13043478260869565,0.10869565217391304,0.2608695652173913,0.021739130434782608,0.13043478260869565,0.4166666666666667
UK,ttwa,E30000222,,2018,2022,balanced,0.2,3,3,10,25,5,5,5,5,0,0.2,0.0,1.0,0.2,0.2,0.2,0.0,0.0,1.0
UK,ttwa,E30000224,,2018,2022,balanced,0.2,3,3,10,10,4,2,2,3,2,0.4,0.6666666666666666,1.0,0.2,0.13333333333333336,0.4,0.06666666666666665,0.2,0.33333333333333337
UK,ttwa,E30000225,,2018,2022,balanced,0.2,3,3,10,14,8,2,1,8,6,0.5714285714285714,0.75,0.5,0.07142857142857142,0.07142857142857142,0.5714285714285714,0.0,0.5,0.125
UK,ttwa,E30000228,,2018,2022,balanced,0.2,3,3,10,19,6,5,3,6,1,0.3157894736842105,0.16666666666666666,0.6,0.15789473684210525,0.15789473684210525,0.3157894736842105,0.0,0.15789473684210525,0.5
UK,ttwa,E30000229,,2018,2022,balanced,0.2,3,3,10,36,11,8,6,11,5,0.3055555555555556,0.45454545454545453,0.75,0.16666666666666666,0.125,0.3055555555555556,0.04166666666666666,0.13888888888888892,0.40909090909090906
UK,ttwa,E30000230,,2018,2022,balanced,0.2,3,3,10,23,6,5,4,6,3,0.2608695652173913,0.5,0.8,0.17391304347826086,0.10434782608695653,0.2608695652173913,0.06956521739130433,0.08695652173913043,0.4
UK,ttwa,E30000231,,2018,2022,balanced,0.2,3,3,10,15,3,3,3,3,0,0.2,0.0,1.0,0.2,0.2,0.2,0.0,0.0,1.0
UK,ttwa,E30000233,,2018,2022,balanced,0.2,3,3,10,44,14,9,7,13,6,0.3181818181818182,0.46153846153846156,0.7777777777777778,0.1590909090909091,0.13325563325563325,0.3181818181818182,0.02583527583527584,0.1590909090909091,0.4188034188034188
UK,ttwa,E30000234,,2018,2022,balanced,0.2,3,3,10,282,71,60,56,67,13,0.25177304964539005,0.19402985074626866,0.9333333333333333,0.19858156028368795,0.18939345824071133,0.25177304964539005,0.009188102042976626,0.05319148936170209,0.7522388059701492
UK,ttwa,E30000236,,2018,2022,balanced,0.2,3,3,10,10,2,2,1,2,1,0.2,0.5,0.5,0.1,0.05,0.2,0.05,0.1,0.25
UK,ttwa,E30000237,,2018,2022,balanced,0.2,3,3,10,26,6,5,5,6,1,0.23076923076923078,0.16666666666666666,1.0,0.19230769230769232,0.19230769230769232,0.23076923076923078,0.0,0.038461538461538464,0.8333333333333334
UK,ttwa,E30000239,,2018,2022,balanced,0.2,3,3,10,90,25,21,19,23,4,0.2777777777777778,0.17391304347826086,0.9047619047619048,0.2111111111111111,0.20761444674488155,0.2777777777777778,0.003496664366229557,0.06666666666666668,0.7474120082815735
UK,ttwa,E30000240,,2018,2022,balanced,0.2,3,3,10,11,2,2,2,2,0,0.18181818181818182,0.0,1.0,0.18181818181818182,0.18181818181818182,0.18181818181818182,0.0,0.0,1.0
UK,ttwa,E30000242,,2018,2022,balanced,0.2,3,3,10,24,5,4,4,5,1,0.20833333333333334,0.2,1.0,0.16666666666666666,0.16666666666666669,0.20833333333333334,2.7755575615628914e-17,0.041666666666666685,0.8
UK,ttwa,E30000243,,2018,2022,balanced,0.2,3,3,10,27,6,5,5,6,1,0.2222222222222222,0.16666666666666666,1.0,0.18518518518518517,0.18518518518518517,0.2222222222222222,0.0,0.037037037037037035,0.8333333333333334
UK,ttwa,E30000245,,2018,2022,balanced,0.2,3,3,10,43,12,10,10,12,3,0.27906976744186046,0.25,1.0,0.23255813953488372,0.20930232558139533,0.27906976744186046,0.023255813953488386,0.046511627906976744,0.75
UK,ttwa,E30000246,,2018,2022,balanced,0.2,3,3,10,10,3,3,2,3,1,0.3,0.3333333333333333,0.6666666666666666,0.2,0.13333333333333333,0.3,0.06666666666666668,0.09999999999999998,0.4444444444444445
UK,ttwa,E30000247,,2018,2022,balanced,0.2,3,3,10,12,4,3,1,3,2,0.3333333333333333,0.6666666666666666,0.3333333333333333,0.08333333333333333,0.037037037037037035,0.3333333333333333,0.046296296296296294,0.25,0.11111111111111112
UK,ttwa,E30000248,,2018,2022,balanced,0.2,3,3,10,28,9,5,5,8,4,0.32142857142857145,0.5,1.0,0.17857142857142858,0.16071428571428573,0.32142857142857145,0.01785714285714285,0.14285714285714288,0.5
UK,ttwa,E30000249,,2018,2022,balanced,0.2,3,3,10,25,7,6,5,7,3,0.28,0.42857142857142855,0.8333333333333334,0.2,0.13333333333333333,0.28,0.06666666666666668,0.08000000000000002,0.47619047619047616
UK,ttwa,E30000250,,2018,2022,balanced,0.2,3,3,10,27,7,7,6,7,2,0.25925925925925924,0.2857142857142857,0.8571428571428571,0.2222222222222222,0.15873015873015872,0.25925925925925924,0.06349206349206349,0.037037037037037035,0.6122448979591837
UK,ttwa,E30000253,,2018,2022,balanced,0.2,3,3,10,17,5,3,3,4,1,0.29411764705882354,0.25,1.0,0.17647058823529413,0.22058823529411764,0.29411764705882354,0.04411764705882351,0.11764705882352941,0.75
UK,ttwa,E30000254,,2018,2022,balanced,0.2,3,3,10,21,4,4,4,4,0,0.19047619047619047,0.0,1.0,0.19047619047619047,0.19047619047619047,0.19047619047619047,0.0,0.0,1.0
UK,ttwa,E30000255,,2018,2022,balanced,0.2,3,3,10,12,3,2,2,3,1,0.25,0.3333333333333333,1.0,0.16666666666666666,0.16666666666666669,0.25,2.7755575615628914e-17,0.08333333333333334,0.6666666666666667
UK,ttwa,E30000256,,2018,2022,balanced,0.2,3,3,10,23,6,4,4,5,1,0.2608695652173913,0.2,1.0,0.17391304347826086,0.20869565217391306,0.2608695652173913,0.034782608695652195,0.08695652173913043,0.8
UK,ttwa,E30000257,,2018,2022,balanced,0.2,3,3,10,13,2,2,2,2,0,0.15384615384615385,0.0,1.0,0.15384615384615385,0.15384615384615385,0.15384615384615385,0.0,0.0,1.0
UK,ttwa,E30000258,,2018,2022,balanced,0.2,3,3,10,10,4,2,2,4,2,0.4,0.5,1.0,0.2,0.2,0.4,0.0,0.2,0.5
UK,ttwa,E30000260,,2018,2022,balanced,0.2,3,3,10,10,2,2,2,2,0,0.2,0.0,1.0,0.2,0.2,0.2,0.0,0.0,1.0
UK,ttwa,E30000261,,2018,2022,balanced,0.2,3,3,10,31,8,8,7,8,1,0.25806451612903225,0.125,0.875,0.22580645161290322,0.1975806451612903,0.25806451612903225,0.028225806451612906,0.03225806451612903,0.765625
UK,ttwa,E30000262,,2018,2022,balanced,0.2,3,3,10,10,3,3,2,3,2,0.3,0.6666666666666666,0.6666666666666666,0.2,0.06666666666666667,0.3,0.13333333333333336,0.09999999999999998,0.22222222222222224
UK,ttwa,E30000266,,2018,2022,balanced,0.2,3,3,10,59,19,15,12,18,6,0.3220338983050847,0.3333333333333333,0.8,0.2033898305084746,0.17175141242937855,0.3220338983050847,0.03163841807909604,0.11864406779661013,0.5333333333333334
UK,ttwa,E30000267,,2018,2022,balanced,0.2,3,3,10,28,6,6,6,6,0,0.21428571428571427,0.0,1.0,0.21428571428571427,0.21428571428571427,0.21428571428571427,0.0,0.0,1.0
UK,ttwa,E30000268,,2018,2022,balanced,0.2,3,3,10,23,7,6,5,7,2,0.30434782608695654,0.2857142857142857,0.8333333333333334,0.21739130434782608,0.1811594202898551,0.30434782608695654,0.03623188405797098,0.08695652173913046,0.5952380952380952
UK,ttwa,E30000270,,2018,2022,balanced,0.2,3,3,10,11,3,2,2,3,1,0.2727272727272727,0.3333333333333333,1.0,0.18181818181818182,0.18181818181818182,0.2727272727272727,0.0,0.09090909090909088,0.6666666666666667
UK,ttwa,E30000271,,2018,2022,balanced,0.2,3,3,10,10,2,2,2,2,0,0.2,0.0,1.0,0.2,0.2,0.2,0.0,0.0,1.0
UK,ttwa,E30000272,,2018,2022,balanced,0.2,3,3,10,22,7,5,3,7,4,0.3181818181818182,0.5714285714285714,0.6,0.13636363636363635,0.08181818181818183,0.3181818181818182,0.05454545454545452,0.18181818181818182,0.2571428571428572
UK,ttwa,E30000273,,2018,2022,balanced,0.2,3,3,10,20,4,4,4,4,0,0.2,0.0,1.0,0.2,0.2,0.2,0.0,0.0,1.0
UK,ttwa,E30000275,,2018,2022,balanced,0.2,3,3,10,18,5,3,3,5,2,0.2777777777777778,0.4,1.0,0.16666666666666666,0.16666666666666666,0.2777777777777778,0.0,0.11111111111111113,0.6
UK,ttwa,E30000276,,2018,2022,balanced,0.2,3,3,10,23,7,6,4,7,1,0.30434782608695654,0.14285714285714285,0.6666666666666666,0.17391304347826086,0.1739130434782609,0.30434782608695654,2.7755575615628914e-17,0.13043478260869568,0.5714285714285714
UK,ttwa,E30000278,,2018,2022,balanced,0.2,3,3,10,18,4,3,3,3,0,0.2222222222222222,0.0,1.0,0.16666666666666666,0.2222222222222222,0.2222222222222222,0.05555555555555555,0.05555555555555555,1.0
UK,ttwa,E30000280,,2018,2022,balanced,0.2,3,3,10,11,5,2,1,4,2,0.45454545454545453,0.5,0.5,0.09090909090909091,0.11363636363636363,0.45454545454545453,0.02272727272727272,0.36363636363636365,0.25
UK,ttwa,E30000281,,2018,2022,balanced,0.2,3,3,10,22,6,5,4,6,3,0.2727272727272727,0.5,0.8,0.18181818181818182,0.10909090909090909,0.2727272727272727,0.07272727272727274,0.09090909090909088,0.4
UK,ttwa,E30000283,,2018,2022,balanced,0.2,3,3,10,15,4,3,2,4,1,0.26666666666666666,0.25,0.6666666666666666,0.13333333333333333,0.13333333333333333,0.26666666666666666,0.0,0.13333333333333333,0.5
UK,ttwa,E30000284,,2018,2022,balanced,0.2,3,3,10,27,8,6,5,8,4,0.2962962962962963,0.5,0.8333333333333334,0.18518518518518517,0.12345679012345678,0.2962962962962963,0.06172839506172839,0.1111111111111111,0.4166666666666667
UK,ttwa,E30000285,,2018,2022,balanced,0.2,3,3,10,12,2,2,2,2,0,0.16666666666666666,0.0,1.0,0.16666666666666666,0.16666666666666666,0.16666666666666666,0.0,0.0,1.0
UK,ttwa,E30000286,,2018,2022,balanced,0.2,3,3,10,13,6,3,1,6,3,0.46153846153846156,0.5,0.3333333333333333,0.07692307692307693,0.07692307692307693,0.46153846153846156,0.0,0.38461538461538464,0.16666666666666666
UK,ttwa,E30000288,,2018,2022,balanced,0.2,3,3,10,34,8,8,7,8,1,0.23529411764705882,0.125,0.875,0.20588235294117646,0.1801470588235294,0.23529411764705882,0.02573529411764705,0.02941176470588236,0.765625
UK,ttwa,E30000289,,2018,2022,balanced,0.2,3,3,10,22,4,4,4,4,0,0.18181818181818182,0.0,1.0,0.18181818181818182,0.18181818181818182,0.18181818181818182,0.0,0.0,1.0
UK,ttwa,E30000293,,2018,2022,balanced,0.2,3,3,10,21,4,4,4,4,1,0.19047619047619047,0.25,1.0,0.19047619047619047,0.14285714285714285,0.19047619047619047,0.047619047619047616,0.0,0.75
UK,ttwa,E30000294,,2018,2022,balanced,0.2,3,3,10,21,4,4,4,4,0,0.19047619047619047,0.0,1.0,0.19047619047619047,0.19047619047619047,0.19047619047619047,0.0,0.0,1.0
UK,ttwa,K01000011,,2018,2022,balanced,0.2,3,3,10,13,3,3,3,3,1,0.23076923076923078,0.3333333333333333,1.0,0.23076923076923078,0.15384615384615388,0.23076923076923078,0.0769230769230769,0.0,0.6666666666666667
UK,ttwa,K01000013,,2018,2022,balanced,0.2,3,3,10,11,4,2,1,4,2,0.36363636363636365,0.5,0.5,0.09090909090909091,0.09090909090909091,0.36363636363636365,0.0,0.2727272727272727,0.25
UK,ttwa,W22000003,,2018,2022,balanced,0.2,3,3,10,11,2,2,2,2,0,0.18181818181818182,0.0,1.0,0.18181818181818182,0.18181818181818182,0.18181818181818182,0.0,0.0,1.0
UK,ttwa,W22000022,,2018,2022,balanced,0.2,3,3,10,23,8,7,5,8,3,0.34782608695652173,0.375,0.7142857142857143,0.21739130434782608,0.15527950310559005,0.34782608695652173,0.06211180124223603,0.13043478260869565,0.44642857142857145
UK,ttwa,W22000024,,2018,2022,balanced,0.2,3,3,10,27,6,6,5,6,2,0.2222222222222222,0.3333333333333333,0.8333333333333334,0.18518518518518517,0.12345679012345681,0.2222222222222222,0.061728395061728364,0.037037037037037035,0.5555555555555557
UK,ttwa,W22000026,,2018,2022,balanced,0.2,3,3,10,12,5,3,1,5,4,0.4166666666666667,0.8,0.3333333333333333,0.08333333333333333,0.02777777777777777,0.4166666666666667,0.05555555555555556,0.33333333333333337,0.06666666666666665
UK,ttwa,W22000028,,2018,2022,balanced,0.2,3,3,10,15,5,3,2,4,2,0.3333333333333333,0.5,0.6666666666666666,0.13333333333333333,0.1111111111111111,0.3333333333333333,0.022222222222222227,0.19999999999999998,0.3333333333333333
UK,ttwa,W22000029,,2018,2022,balanced,0.2,3,3,10,12,3,3,2,3,2,0.25,0.6666666666666666,0.6666666666666666,0.16666666666666666,0.05555555555555556,0.25,0.1111111111111111,0.08333333333333334,0.22222222222222224
UK,ttwa,W22000031,,2018,2022,balanced,0.2,3,3,10,11,2,2,2,2,0,0.18181818181818182,0.0,1.0,0.18181818181818182,0.18181818181818182,0.18181818181818182,0.0,0.0,1.0
UK,ttwa,W22000032,,2018,2022,balanced,0.2,3,3,10,15,5,4,2,5,2,0.3333333333333333,0.4,0.5,0.13333333333333333,0.09999999999999999,0.3333333333333333,0.03333333333333334,0.19999999999999998,0.3
UK,ttwa,W22000033,,2018,2022,balanced,0.2,3,3,10,14,6,2,2,5,3,0.42857142857142855,0.6,1.0,0.14285714285714285,0.17142857142857143,0.42857142857142855,0.02857142857142858,0.2857142857142857,0.4
